{
"type": "FeatureCollection",
"name": "03_KL_HK_RäumlicheAbgrenzung_minusZusatzparameter",
"bbox": [ 7.7678318, 49.4438385, 7.7692755, 49.4447931 ],                                                                          
"features": [
{ "type": "Feature", "properties": { "fid": 1, "fid_2": null }, "bbox": [ 7.7678318, 49.4438385, 7.7692755, 49.4447931 ], "geometry": { "type": "MultiPolygon", "coordinates": [ [ [ [ 7.7684213, 49.4446306 ], [ 7.7678318, 49.4442096 ], [ 7.7684585, 49.4438385 ], [ 7.7692755, 49.444422 ], [ 7.768875, 49.4446591 ], [ 7.7688762, 49.4446529 ], [ 7.7688739, 49.444648 ], [ 7.7688685, 49.4446436 ], [ 7.7688594, 49.4446404 ], [ 7.76885, 49.4446401 ], [ 7.7688399, 49.4446429 ], [ 7.7688323, 49.4446495 ], [ 7.7688308, 49.4446545 ], [ 7.7688312, 49.4446576 ], [ 7.7688341, 49.4446624 ], [ 7.7688405, 49.4446669 ], [ 7.7688447, 49.4446684 ], [ 7.7688556, 49.4446696 ], [ 7.7688583, 49.444669 ], [ 7.7686488, 49.4447931 ], [ 7.7684492, 49.4446505 ], [ 7.7687082, 49.4444952 ], [ 7.7686802, 49.4444753 ], [ 7.7684213, 49.4446306 ] ], [ [ 7.7682904, 49.4440367 ], [ 7.7682906, 49.4440366 ], [ 7.7682908, 49.4440366 ], [ 7.768291, 49.4440366 ], [ 7.7682912, 49.4440366 ], [ 7.7682914, 49.4440366 ], [ 7.7682916, 49.4440366 ], [ 7.7682918, 49.4440366 ], [ 7.768292, 49.4440365 ], [ 7.7682922, 49.4440365 ], [ 7.7682924, 49.4440365 ], [ 7.7682926, 49.4440365 ], [ 7.7682928, 49.4440364 ], [ 7.768293, 49.4440364 ], [ 7.7682932, 49.4440364 ], [ 7.7682934, 49.4440363 ], [ 7.7682936, 49.4440363 ], [ 7.7682938, 49.4440362 ], [ 7.768294, 49.4440362 ], [ 7.7682942, 49.4440361 ], [ 7.7682943, 49.4440361 ], [ 7.7682945, 49.444036 ], [ 7.7682947, 49.444036 ], [ 7.7682949, 49.4440359 ], [ 7.7682951, 49.4440359 ], [ 7.7682953, 49.4440358 ], [ 7.7682955, 49.4440358 ], [ 7.7682956, 49.4440357 ], [ 7.7682958, 49.4440356 ], [ 7.768296, 49.4440356 ], [ 7.7682962, 49.4440355 ], [ 7.7682963, 49.4440354 ], [ 7.7682965, 49.4440353 ], [ 7.7682967, 49.4440353 ], [ 7.7682968, 49.4440352 ], [ 7.768297, 49.4440351 ], [ 7.7682972, 49.444035 ], [ 7.7682973, 49.444035 ], [ 7.7682975, 49.4440349 ], [ 7.7682976, 49.4440348 ], [ 7.7682978, 49.4440347 ], [ 7.7682979, 49.4440346 ], [ 7.7682981, 49.4440345 ], [ 7.7682982, 49.4440344 ], [ 7.7682984, 49.4440343 ], [ 7.7682985, 49.4440342 ], [ 7.7682987, 49.4440341 ], [ 7.7682988, 49.444034 ], [ 7.7682989, 49.4440339 ], [ 7.7682991, 49.4440338 ], [ 7.7682992, 49.4440337 ], [ 7.7682993, 49.4440336 ], [ 7.7682994, 49.4440335 ], [ 7.7682995, 49.4440334 ], [ 7.7682997, 49.4440333 ], [ 7.7682998, 49.4440332 ], [ 7.7682999, 49.4440331 ], [ 7.7683, 49.444033 ], [ 7.7683001, 49.4440328 ], [ 7.7683002, 49.4440327 ], [ 7.7683003, 49.4440326 ], [ 7.7683004, 49.4440325 ], [ 7.7683005, 49.4440324 ], [ 7.7683006, 49.4440322 ], [ 7.7683006, 49.4440321 ], [ 7.7683007, 49.444032 ], [ 7.7683008, 49.4440319 ], [ 7.7683009, 49.4440318 ], [ 7.768301, 49.4440316 ], [ 7.768301, 49.4440315 ], [ 7.7683011, 49.4440314 ], [ 7.7683011, 49.4440313 ], [ 7.7683012, 49.4440311 ], [ 7.7683013, 49.444031 ], [ 7.7683013, 49.4440309 ], [ 7.7683014, 49.4440307 ], [ 7.7683014, 49.4440306 ], [ 7.7683014, 49.4440305 ], [ 7.7683015, 49.4440303 ], [ 7.7683015, 49.4440302 ], [ 7.7683015, 49.4440301 ], [ 7.7683016, 49.4440299 ], [ 7.7683016, 49.4440298 ], [ 7.7683016, 49.4440297 ], [ 7.7683016, 49.4440296 ], [ 7.7683016, 49.4440294 ], [ 7.7683016, 49.4440293 ], [ 7.7683017, 49.4440292 ], [ 7.7683017, 49.444029 ], [ 7.7683017, 49.4440289 ], [ 7.7683016, 49.4440288 ], [ 7.7683016, 49.4440286 ], [ 7.7683016, 49.4440285 ], [ 7.7683016, 49.4440284 ], [ 7.7683016, 49.4440282 ], [ 7.7683016, 49.4440281 ], [ 7.7683015, 49.444028 ], [ 7.7683015, 49.4440278 ], [ 7.7683015, 49.4440277 ], [ 7.7683014, 49.4440276 ], [ 7.7683014, 49.4440274 ], [ 7.7683014, 49.4440273 ], [ 7.7683013, 49.4440272 ], [ 7.7683013, 49.444027 ], [ 7.7683012, 49.4440269 ], [ 7.7683011, 49.4440268 ], [ 7.7683011, 49.4440267 ], [ 7.768301, 49.4440265 ], [ 7.7683009, 49.4440264 ], [ 7.7683009, 49.4440263 ], [ 7.7683008, 49.4440262 ], [ 7.7683007, 49.444026 ], [ 7.7683006, 49.4440259 ], [ 7.7683006, 49.4440258 ], [ 7.7683005, 49.4440257 ], [ 7.7683004, 49.4440256 ], [ 7.7683003, 49.4440254 ], [ 7.7683002, 49.4440253 ], [ 7.7683001, 49.4440252 ], [ 7.7683, 49.4440251 ], [ 7.7682999, 49.444025 ], [ 7.7682998, 49.4440249 ], [ 7.7682996, 49.4440248 ], [ 7.7682995, 49.4440246 ], [ 7.7682994, 49.4440245 ], [ 7.7682993, 49.4440244 ], [ 7.7682992, 49.4440243 ], [ 7.768299, 49.4440242 ], [ 7.7682989, 49.4440241 ], [ 7.7682988, 49.444024 ], [ 7.7682986, 49.4440239 ], [ 7.7682985, 49.4440238 ], [ 7.7682984, 49.4440237 ], [ 7.7682982, 49.4440236 ], [ 7.7682981, 49.4440235 ], [ 7.7682979, 49.4440234 ], [ 7.7682978, 49.4440234 ], [ 7.7682976, 49.4440233 ], [ 7.7682975, 49.4440232 ], [ 7.7682973, 49.4440231 ], [ 7.7682971, 49.444023 ], [ 7.768297, 49.4440229 ], [ 7.7682968, 49.4440228 ], [ 7.7682967, 49.4440228 ], [ 7.7682965, 49.4440227 ], [ 7.7682963, 49.4440226 ], [ 7.7682961, 49.4440226 ], [ 7.768296, 49.4440225 ], [ 7.7682958, 49.4440224 ], [ 7.7682956, 49.4440223 ], [ 7.7682954, 49.4440223 ], [ 7.7682953, 49.4440222 ], [ 7.7682951, 49.4440222 ], [ 7.7682949, 49.4440221 ], [ 7.7682947, 49.4440221 ], [ 7.7682945, 49.444022 ], [ 7.7682943, 49.4440219 ], [ 7.7682941, 49.4440219 ], [ 7.7682939, 49.4440219 ], [ 7.7682937, 49.4440218 ], [ 7.7682936, 49.4440218 ], [ 7.7682934, 49.4440217 ], [ 7.7682932, 49.4440217 ], [ 7.768293, 49.4440217 ], [ 7.7682928, 49.4440216 ], [ 7.7682926, 49.4440216 ], [ 7.7682924, 49.4440216 ], [ 7.7682922, 49.4440215 ], [ 7.768292, 49.4440215 ], [ 7.7682918, 49.4440215 ], [ 7.7682916, 49.4440215 ], [ 7.7682914, 49.4440215 ], [ 7.7682912, 49.4440214 ], [ 7.768291, 49.4440214 ], [ 7.7682908, 49.4440214 ], [ 7.7682906, 49.4440214 ], [ 7.7682903, 49.4440214 ], [ 7.7682901, 49.4440214 ], [ 7.7682899, 49.4440214 ], [ 7.7682897, 49.4440214 ], [ 7.7682895, 49.4440214 ], [ 7.7682893, 49.4440214 ], [ 7.7682891, 49.4440214 ], [ 7.7682889, 49.4440214 ], [ 7.7682887, 49.4440214 ], [ 7.7682885, 49.4440215 ], [ 7.7682883, 49.4440215 ], [ 7.7682881, 49.4440215 ], [ 7.7682879, 49.4440215 ], [ 7.7682877, 49.4440215 ], [ 7.7682875, 49.4440216 ], [ 7.7682873, 49.4440216 ], [ 7.7682871, 49.4440216 ], [ 7.7682869, 49.4440217 ], [ 7.7682867, 49.4440217 ], [ 7.7682865, 49.4440217 ], [ 7.7682863, 49.4440218 ], [ 7.7682861, 49.4440218 ], [ 7.7682859, 49.4440219 ], [ 7.7682857, 49.4440219 ], [ 7.7682856, 49.444022 ], [ 7.7682854, 49.444022 ], [ 7.7682852, 49.4440221 ], [ 7.768285, 49.4440221 ], [ 7.7682848, 49.4440222 ], [ 7.7682846, 49.4440222 ], [ 7.7682844, 49.4440223 ], [ 7.7682843, 49.4440224 ], [ 7.7682841, 49.4440224 ], [ 7.7682839, 49.4440225 ], [ 7.7682837, 49.4440226 ], [ 7.7682836, 49.4440226 ], [ 7.7682834, 49.4440227 ], [ 7.7682832, 49.4440228 ], [ 7.7682831, 49.4440229 ], [ 7.7682829, 49.4440229 ], [ 7.7682827, 49.444023 ], [ 7.7682826, 49.4440231 ], [ 7.7682824, 49.4440232 ], [ 7.7682823, 49.4440233 ], [ 7.7682821, 49.4440234 ], [ 7.768282, 49.4440235 ], [ 7.7682818, 49.4440235 ], [ 7.7682817, 49.4440236 ], [ 7.7682815, 49.4440237 ], [ 7.7682814, 49.4440238 ], [ 7.7682812, 49.4440239 ], [ 7.7682811, 49.444024 ], [ 7.768281, 49.4440241 ], [ 7.7682808, 49.4440242 ], [ 7.7682807, 49.4440243 ], [ 7.7682806, 49.4440244 ], [ 7.7682805, 49.4440245 ], [ 7.7682804, 49.4440247 ], [ 7.7682802, 49.4440248 ], [ 7.7682801, 49.4440249 ], [ 7.76828, 49.444025 ], [ 7.7682799, 49.4440251 ], [ 7.7682798, 49.4440252 ], [ 7.7682797, 49.4440253 ], [ 7.7682796, 49.4440255 ], [ 7.7682795, 49.4440256 ], [ 7.7682794, 49.4440257 ], [ 7.7682793, 49.4440258 ], [ 7.7682793, 49.4440259 ], [ 7.7682792, 49.4440261 ], [ 7.7682791, 49.4440262 ], [ 7.768279, 49.4440263 ], [ 7.7682789, 49.4440264 ], [ 7.7682789, 49.4440266 ], [ 7.7682788, 49.4440267 ], [ 7.7682788, 49.4440268 ], [ 7.7682787, 49.4440269 ], [ 7.7682786, 49.4440271 ], [ 7.7682786, 49.4440272 ], [ 7.7682785, 49.4440273 ], [ 7.7682785, 49.4440274 ], [ 7.7682785, 49.4440276 ], [ 7.7682784, 49.4440277 ], [ 7.7682784, 49.4440278 ], [ 7.7682784, 49.444028 ], [ 7.7682783, 49.4440281 ], [ 7.7682783, 49.4440282 ], [ 7.7682783, 49.4440284 ], [ 7.7682783, 49.4440285 ], [ 7.7682783, 49.4440286 ], [ 7.7682783, 49.4440288 ], [ 7.7682782, 49.4440289 ], [ 7.7682782, 49.444029 ], [ 7.7682782, 49.4440292 ], [ 7.7682783, 49.4440293 ], [ 7.7682783, 49.4440294 ], [ 7.7682783, 49.4440296 ], [ 7.7682783, 49.4440297 ], [ 7.7682783, 49.4440298 ], [ 7.7682783, 49.44403 ], [ 7.7682784, 49.4440301 ], [ 7.7682784, 49.4440302 ], [ 7.7682784, 49.4440304 ], [ 7.7682785, 49.4440305 ], [ 7.7682785, 49.4440306 ], [ 7.7682786, 49.4440308 ], [ 7.7682786, 49.4440309 ], [ 7.7682786, 49.444031 ], [ 7.7682787, 49.4440311 ], [ 7.7682788, 49.4440313 ], [ 7.7682788, 49.4440314 ], [ 7.7682789, 49.4440315 ], [ 7.768279, 49.4440316 ], [ 7.768279, 49.4440318 ], [ 7.7682791, 49.4440319 ], [ 7.7682792, 49.444032 ], [ 7.7682793, 49.4440321 ], [ 7.7682793, 49.4440323 ], [ 7.7682794, 49.4440324 ], [ 7.7682795, 49.4440325 ], [ 7.7682796, 49.4440326 ], [ 7.7682797, 49.4440327 ], [ 7.7682798, 49.4440329 ], [ 7.7682799, 49.444033 ], [ 7.76828, 49.4440331 ], [ 7.7682801, 49.4440332 ], [ 7.7682803, 49.4440333 ], [ 7.7682804, 49.4440334 ], [ 7.7682805, 49.4440335 ], [ 7.7682806, 49.4440336 ], [ 7.7682807, 49.4440337 ], [ 7.7682809, 49.4440338 ], [ 7.768281, 49.4440339 ], [ 7.7682811, 49.444034 ], [ 7.7682813, 49.4440341 ], [ 7.7682814, 49.4440342 ], [ 7.7682815, 49.4440343 ], [ 7.7682817, 49.4440344 ], [ 7.7682818, 49.4440345 ], [ 7.768282, 49.4440346 ], [ 7.7682821, 49.4440347 ], [ 7.7682823, 49.4440348 ], [ 7.7682824, 49.4440349 ], [ 7.7682826, 49.444035 ], [ 7.7682828, 49.444035 ], [ 7.7682829, 49.4440351 ], [ 7.7682831, 49.4440352 ], [ 7.7682832, 49.4440353 ], [ 7.7682834, 49.4440354 ], [ 7.7682836, 49.4440354 ], [ 7.7682838, 49.4440355 ], [ 7.7682839, 49.4440356 ], [ 7.7682841, 49.4440356 ], [ 7.7682843, 49.4440357 ], [ 7.7682845, 49.4440358 ], [ 7.7682846, 49.4440358 ], [ 7.7682848, 49.4440359 ], [ 7.768285, 49.4440359 ], [ 7.7682852, 49.444036 ], [ 7.7682854, 49.4440361 ], [ 7.7682856, 49.4440361 ], [ 7.7682858, 49.4440362 ], [ 7.768286, 49.4440362 ], [ 7.7682862, 49.4440362 ], [ 7.7682863, 49.4440363 ], [ 7.7682865, 49.4440363 ], [ 7.7682867, 49.4440364 ], [ 7.7682869, 49.4440364 ], [ 7.7682871, 49.4440364 ], [ 7.7682873, 49.4440365 ], [ 7.7682875, 49.4440365 ], [ 7.7682877, 49.4440365 ], [ 7.7682879, 49.4440365 ], [ 7.7682881, 49.4440366 ], [ 7.7682883, 49.4440366 ], [ 7.7682885, 49.4440366 ], [ 7.7682887, 49.4440366 ], [ 7.7682889, 49.4440366 ], [ 7.7682891, 49.4440366 ], [ 7.7682894, 49.4440366 ], [ 7.7682896, 49.4440367 ], [ 7.7682898, 49.4440367 ], [ 7.76829, 49.4440367 ], [ 7.7682902, 49.4440367 ], [ 7.7682904, 49.4440367 ] ], [ [ 7.7681662, 49.444054 ], [ 7.7681664, 49.444054 ], [ 7.7681666, 49.444054 ], [ 7.7681668, 49.444054 ], [ 7.768167, 49.4440539 ], [ 7.7681672, 49.4440539 ], [ 7.7681674, 49.4440539 ], [ 7.7681676, 49.4440539 ], [ 7.7681678, 49.4440539 ], [ 7.768168, 49.4440538 ], [ 7.7681682, 49.4440538 ], [ 7.7681684, 49.4440538 ], [ 7.7681686, 49.4440537 ], [ 7.7681688, 49.4440537 ], [ 7.768169, 49.4440537 ], [ 7.7681692, 49.4440536 ], [ 7.7681694, 49.4440536 ], [ 7.7681696, 49.4440535 ], [ 7.7681698, 49.4440535 ], [ 7.76817, 49.4440534 ], [ 7.7681702, 49.4440534 ], [ 7.7681703, 49.4440533 ], [ 7.7681705, 49.4440533 ], [ 7.7681707, 49.4440532 ], [ 7.7681709, 49.4440532 ], [ 7.7681711, 49.4440531 ], [ 7.7681713, 49.444053 ], [ 7.7681714, 49.444053 ], [ 7.7681716, 49.4440529 ], [ 7.7681718, 49.4440528 ], [ 7.768172, 49.4440528 ], [ 7.7681721, 49.4440527 ], [ 7.7681723, 49.4440526 ], [ 7.7681725, 49.4440525 ], [ 7.7681726, 49.4440525 ], [ 7.7681728, 49.4440524 ], [ 7.7681729, 49.4440523 ], [ 7.7681731, 49.4440522 ], [ 7.7681733, 49.4440521 ], [ 7.7681734, 49.444052 ], [ 7.7681736, 49.444052 ], [ 7.7681737, 49.4440519 ], [ 7.7681739, 49.4440518 ], [ 7.768174, 49.4440517 ], [ 7.7681741, 49.4440516 ], [ 7.7681743, 49.4440515 ], [ 7.7681744, 49.4440514 ], [ 7.7681745, 49.4440513 ], [ 7.7681747, 49.4440512 ], [ 7.7681748, 49.4440511 ], [ 7.7681749, 49.444051 ], [ 7.768175, 49.4440509 ], [ 7.7681752, 49.4440507 ], [ 7.7681753, 49.4440506 ], [ 7.7681754, 49.4440505 ], [ 7.7681755, 49.4440504 ], [ 7.7681756, 49.4440503 ], [ 7.7681757, 49.4440502 ], [ 7.7681758, 49.4440501 ], [ 7.7681759, 49.44405 ], [ 7.768176, 49.4440498 ], [ 7.7681761, 49.4440497 ], [ 7.7681762, 49.4440496 ], [ 7.7681763, 49.4440495 ], [ 7.7681763, 49.4440493 ], [ 7.7681764, 49.4440492 ], [ 7.7681765, 49.4440491 ], [ 7.7681766, 49.444049 ], [ 7.7681766, 49.4440489 ], [ 7.7681767, 49.4440487 ], [ 7.7681768, 49.4440486 ], [ 7.7681768, 49.4440485 ], [ 7.7681769, 49.4440483 ], [ 7.7681769, 49.4440482 ], [ 7.768177, 49.4440481 ], [ 7.768177, 49.444048 ], [ 7.7681771, 49.4440478 ], [ 7.7681771, 49.4440477 ], [ 7.7681771, 49.4440476 ], [ 7.7681772, 49.4440474 ], [ 7.7681772, 49.4440473 ], [ 7.7681772, 49.4440472 ], [ 7.7681772, 49.444047 ], [ 7.7681772, 49.4440469 ], [ 7.7681773, 49.4440468 ], [ 7.7681773, 49.4440466 ], [ 7.7681773, 49.4440465 ], [ 7.7681773, 49.4440464 ], [ 7.7681773, 49.4440462 ], [ 7.7681773, 49.4440461 ], [ 7.7681773, 49.444046 ], [ 7.7681772, 49.4440458 ], [ 7.7681772, 49.4440457 ], [ 7.7681772, 49.4440456 ], [ 7.7681772, 49.4440454 ], [ 7.7681772, 49.4440453 ], [ 7.7681771, 49.4440452 ], [ 7.7681771, 49.444045 ], [ 7.7681771, 49.4440449 ], [ 7.768177, 49.4440448 ], [ 7.768177, 49.4440447 ], [ 7.7681769, 49.4440445 ], [ 7.7681769, 49.4440444 ], [ 7.7681768, 49.4440443 ], [ 7.7681768, 49.4440441 ], [ 7.7681767, 49.444044 ], [ 7.7681766, 49.4440439 ], [ 7.7681766, 49.4440438 ], [ 7.7681765, 49.4440436 ], [ 7.7681764, 49.4440435 ], [ 7.7681763, 49.4440434 ], [ 7.7681763, 49.4440433 ], [ 7.7681762, 49.4440431 ], [ 7.7681761, 49.444043 ], [ 7.768176, 49.4440429 ], [ 7.7681759, 49.4440428 ], [ 7.7681758, 49.4440427 ], [ 7.7681757, 49.4440426 ], [ 7.7681756, 49.4440424 ], [ 7.7681755, 49.4440423 ], [ 7.7681754, 49.4440422 ], [ 7.7681753, 49.4440421 ], [ 7.7681752, 49.444042 ], [ 7.768175, 49.4440419 ], [ 7.7681749, 49.4440418 ], [ 7.7681748, 49.4440417 ], [ 7.7681747, 49.4440416 ], [ 7.7681745, 49.4440415 ], [ 7.7681744, 49.4440414 ], [ 7.7681743, 49.4440413 ], [ 7.7681741, 49.4440412 ], [ 7.768174, 49.4440411 ], [ 7.7681738, 49.444041 ], [ 7.7681737, 49.4440409 ], [ 7.7681735, 49.4440408 ], [ 7.7681734, 49.4440407 ], [ 7.7681732, 49.4440406 ], [ 7.7681731, 49.4440405 ], [ 7.7681729, 49.4440404 ], [ 7.7681728, 49.4440404 ], [ 7.7681726, 49.4440403 ], [ 7.7681724, 49.4440402 ], [ 7.7681723, 49.4440401 ], [ 7.7681721, 49.44404 ], [ 7.7681719, 49.44404 ], [ 7.7681718, 49.4440399 ], [ 7.7681716, 49.4440398 ], [ 7.7681714, 49.4440398 ], [ 7.7681712, 49.4440397 ], [ 7.7681711, 49.4440396 ], [ 7.7681709, 49.4440396 ], [ 7.7681707, 49.4440395 ], [ 7.7681705, 49.4440395 ], [ 7.7681703, 49.4440394 ], [ 7.7681701, 49.4440393 ], [ 7.7681699, 49.4440393 ], [ 7.7681698, 49.4440392 ], [ 7.7681696, 49.4440392 ], [ 7.7681694, 49.4440392 ], [ 7.7681692, 49.4440391 ], [ 7.768169, 49.4440391 ], [ 7.7681688, 49.444039 ], [ 7.7681686, 49.444039 ], [ 7.7681684, 49.444039 ], [ 7.7681682, 49.4440389 ], [ 7.768168, 49.4440389 ], [ 7.7681678, 49.4440389 ], [ 7.7681676, 49.4440389 ], [ 7.7681674, 49.4440388 ], [ 7.7681672, 49.4440388 ], [ 7.768167, 49.4440388 ], [ 7.7681668, 49.4440388 ], [ 7.7681666, 49.4440388 ], [ 7.7681664, 49.4440388 ], [ 7.7681662, 49.4440388 ], [ 7.768166, 49.4440387 ], [ 7.7681658, 49.4440387 ], [ 7.7681656, 49.4440387 ], [ 7.7681654, 49.4440387 ], [ 7.7681651, 49.4440387 ], [ 7.7681649, 49.4440388 ], [ 7.7681647, 49.4440388 ], [ 7.7681645, 49.4440388 ], [ 7.7681643, 49.4440388 ], [ 7.7681641, 49.4440388 ], [ 7.7681639, 49.4440388 ], [ 7.7681637, 49.4440388 ], [ 7.7681635, 49.4440389 ], [ 7.7681633, 49.4440389 ], [ 7.7681631, 49.4440389 ], [ 7.7681629, 49.4440389 ], [ 7.7681627, 49.444039 ], [ 7.7681625, 49.444039 ], [ 7.7681623, 49.444039 ], [ 7.7681621, 49.4440391 ], [ 7.7681619, 49.4440391 ], [ 7.7681617, 49.4440392 ], [ 7.7681616, 49.4440392 ], [ 7.7681614, 49.4440393 ], [ 7.7681612, 49.4440393 ], [ 7.768161, 49.4440394 ], [ 7.7681608, 49.4440394 ], [ 7.7681606, 49.4440395 ], [ 7.7681604, 49.4440395 ], [ 7.7681602, 49.4440396 ], [ 7.7681601, 49.4440396 ], [ 7.7681599, 49.4440397 ], [ 7.7681597, 49.4440398 ], [ 7.7681595, 49.4440398 ], [ 7.7681594, 49.4440399 ], [ 7.7681592, 49.44404 ], [ 7.768159, 49.4440401 ], [ 7.7681588, 49.4440401 ], [ 7.7681587, 49.4440402 ], [ 7.7681585, 49.4440403 ], [ 7.7681584, 49.4440404 ], [ 7.7681582, 49.4440404 ], [ 7.768158, 49.4440405 ], [ 7.7681579, 49.4440406 ], [ 7.7681577, 49.4440407 ], [ 7.7681576, 49.4440408 ], [ 7.7681574, 49.4440409 ], [ 7.7681573, 49.444041 ], [ 7.7681571, 49.4440411 ], [ 7.768157, 49.4440412 ], [ 7.7681569, 49.4440413 ], [ 7.7681567, 49.4440414 ], [ 7.7681566, 49.4440415 ], [ 7.7681565, 49.4440416 ], [ 7.7681563, 49.4440417 ], [ 7.7681562, 49.4440418 ], [ 7.7681561, 49.4440419 ], [ 7.768156, 49.444042 ], [ 7.7681559, 49.4440421 ], [ 7.7681557, 49.4440422 ], [ 7.7681556, 49.4440423 ], [ 7.7681555, 49.4440425 ], [ 7.7681554, 49.4440426 ], [ 7.7681553, 49.4440427 ], [ 7.7681552, 49.4440428 ], [ 7.7681551, 49.4440429 ], [ 7.768155, 49.444043 ], [ 7.768155, 49.4440432 ], [ 7.7681549, 49.4440433 ], [ 7.7681548, 49.4440434 ], [ 7.7681547, 49.4440435 ], [ 7.7681546, 49.4440436 ], [ 7.7681546, 49.4440438 ], [ 7.7681545, 49.4440439 ], [ 7.7681544, 49.444044 ], [ 7.7681544, 49.4440442 ], [ 7.7681543, 49.4440443 ], [ 7.7681543, 49.4440444 ], [ 7.7681542, 49.4440445 ], [ 7.7681542, 49.4440447 ], [ 7.7681541, 49.4440448 ], [ 7.7681541, 49.4440449 ], [ 7.768154, 49.4440451 ], [ 7.768154, 49.4440452 ], [ 7.768154, 49.4440453 ], [ 7.768154, 49.4440455 ], [ 7.7681539, 49.4440456 ], [ 7.7681539, 49.4440457 ], [ 7.7681539, 49.4440459 ], [ 7.7681539, 49.444046 ], [ 7.7681539, 49.4440461 ], [ 7.7681539, 49.4440463 ], [ 7.7681539, 49.4440464 ], [ 7.7681539, 49.4440465 ], [ 7.7681539, 49.4440467 ], [ 7.7681539, 49.4440468 ], [ 7.7681539, 49.4440469 ], [ 7.7681539, 49.444047 ], [ 7.7681539, 49.4440472 ], [ 7.768154, 49.4440473 ], [ 7.768154, 49.4440474 ], [ 7.768154, 49.4440476 ], [ 7.768154, 49.4440477 ], [ 7.7681541, 49.4440478 ], [ 7.7681541, 49.444048 ], [ 7.7681542, 49.4440481 ], [ 7.7681542, 49.4440482 ], [ 7.7681543, 49.4440484 ], [ 7.7681543, 49.4440485 ], [ 7.7681544, 49.4440486 ], [ 7.7681544, 49.4440487 ], [ 7.7681545, 49.4440489 ], [ 7.7681546, 49.444049 ], [ 7.7681546, 49.4440491 ], [ 7.7681547, 49.4440492 ], [ 7.7681548, 49.4440494 ], [ 7.7681549, 49.4440495 ], [ 7.768155, 49.4440496 ], [ 7.7681551, 49.4440497 ], [ 7.7681551, 49.4440498 ], [ 7.7681552, 49.44405 ], [ 7.7681553, 49.4440501 ], [ 7.7681554, 49.4440502 ], [ 7.7681555, 49.4440503 ], [ 7.7681557, 49.4440504 ], [ 7.7681558, 49.4440505 ], [ 7.7681559, 49.4440506 ], [ 7.768156, 49.4440508 ], [ 7.7681561, 49.4440509 ], [ 7.7681562, 49.444051 ], [ 7.7681564, 49.4440511 ], [ 7.7681565, 49.4440512 ], [ 7.7681566, 49.4440513 ], [ 7.7681567, 49.4440514 ], [ 7.7681569, 49.4440515 ], [ 7.768157, 49.4440516 ], [ 7.7681572, 49.4440517 ], [ 7.7681573, 49.4440518 ], [ 7.7681574, 49.4440519 ], [ 7.7681576, 49.444052 ], [ 7.7681577, 49.4440521 ], [ 7.7681579, 49.4440521 ], [ 7.7681581, 49.4440522 ], [ 7.7681582, 49.4440523 ], [ 7.7681584, 49.4440524 ], [ 7.7681585, 49.4440525 ], [ 7.7681587, 49.4440526 ], [ 7.7681589, 49.4440526 ], [ 7.768159, 49.4440527 ], [ 7.7681592, 49.4440528 ], [ 7.7681594, 49.4440529 ], [ 7.7681596, 49.4440529 ], [ 7.7681597, 49.444053 ], [ 7.7681599, 49.4440531 ], [ 7.7681601, 49.4440531 ], [ 7.7681603, 49.4440532 ], [ 7.7681605, 49.4440532 ], [ 7.7681606, 49.4440533 ], [ 7.7681608, 49.4440534 ], [ 7.768161, 49.4440534 ], [ 7.7681612, 49.4440535 ], [ 7.7681614, 49.4440535 ], [ 7.7681616, 49.4440535 ], [ 7.7681618, 49.4440536 ], [ 7.768162, 49.4440536 ], [ 7.7681622, 49.4440537 ], [ 7.7681624, 49.4440537 ], [ 7.7681626, 49.4440537 ], [ 7.7681628, 49.4440538 ], [ 7.768163, 49.4440538 ], [ 7.7681631, 49.4440538 ], [ 7.7681634, 49.4440539 ], [ 7.7681636, 49.4440539 ], [ 7.7681638, 49.4440539 ], [ 7.768164, 49.4440539 ], [ 7.7681642, 49.444054 ], [ 7.7681644, 49.444054 ], [ 7.7681646, 49.444054 ], [ 7.7681648, 49.444054 ], [ 7.768165, 49.444054 ], [ 7.7681652, 49.444054 ], [ 7.7681654, 49.444054 ], [ 7.7681656, 49.444054 ], [ 7.7681658, 49.444054 ], [ 7.768166, 49.444054 ], [ 7.7681662, 49.444054 ] ], [ [ 7.7683157, 49.4441426 ], [ 7.7683169, 49.4441424 ], [ 7.7683182, 49.4441422 ], [ 7.7683195, 49.4441419 ], [ 7.7683208, 49.4441417 ], [ 7.768322, 49.4441414 ], [ 7.7683233, 49.4441412 ], [ 7.7683246, 49.4441409 ], [ 7.7683258, 49.4441406 ], [ 7.768327, 49.4441403 ], [ 7.7683283, 49.4441399 ], [ 7.7683295, 49.4441396 ], [ 7.7683307, 49.4441392 ], [ 7.7683319, 49.4441388 ], [ 7.7683331, 49.4441385 ], [ 7.7683343, 49.4441381 ], [ 7.7683354, 49.4441376 ], [ 7.7683366, 49.4441372 ], [ 7.7683377, 49.4441368 ], [ 7.7683388, 49.4441363 ], [ 7.76834, 49.4441359 ], [ 7.7683411, 49.4441354 ], [ 7.7683422, 49.4441349 ], [ 7.7683432, 49.4441344 ], [ 7.7683443, 49.4441339 ], [ 7.7683454, 49.4441333 ], [ 7.7683464, 49.4441328 ], [ 7.7683474, 49.4441322 ], [ 7.7683484, 49.4441317 ], [ 7.7683494, 49.4441311 ], [ 7.7683504, 49.4441305 ], [ 7.7683514, 49.4441299 ], [ 7.7683523, 49.4441293 ], [ 7.7683533, 49.4441287 ], [ 7.7683542, 49.4441281 ], [ 7.7683551, 49.4441274 ], [ 7.7683559, 49.4441268 ], [ 7.7683568, 49.4441261 ], [ 7.7683576, 49.4441255 ], [ 7.7683585, 49.4441248 ], [ 7.7683593, 49.4441241 ], [ 7.7683601, 49.4441234 ], [ 7.7683608, 49.4441227 ], [ 7.7683616, 49.444122 ], [ 7.7683623, 49.4441212 ], [ 7.768363, 49.4441205 ], [ 7.7683637, 49.4441198 ], [ 7.7683644, 49.444119 ], [ 7.768365, 49.4441183 ], [ 7.7683657, 49.4441175 ], [ 7.7683663, 49.4441167 ], [ 7.7683669, 49.444116 ], [ 7.7683675, 49.4441152 ], [ 7.768368, 49.4441144 ], [ 7.7683685, 49.4441136 ], [ 7.768369, 49.4441128 ], [ 7.7683695, 49.444112 ], [ 7.76837, 49.4441112 ], [ 7.7683704, 49.4441104 ], [ 7.7683709, 49.4441095 ], [ 7.7683712, 49.4441087 ], [ 7.7683716, 49.4441079 ], [ 7.768372, 49.4441071 ], [ 7.7683723, 49.4441062 ], [ 7.7683726, 49.4441054 ], [ 7.7683729, 49.4441045 ], [ 7.7683732, 49.4441037 ], [ 7.7683734, 49.4441028 ], [ 7.7683736, 49.444102 ], [ 7.7683738, 49.4441011 ], [ 7.768374, 49.4441003 ], [ 7.7683741, 49.4440994 ], [ 7.7683743, 49.4440985 ], [ 7.7683744, 49.4440977 ], [ 7.7683744, 49.4440968 ], [ 7.7683745, 49.4440959 ], [ 7.7683745, 49.4440951 ], [ 7.7683745, 49.4440942 ], [ 7.7683745, 49.4440933 ], [ 7.7683745, 49.4440925 ], [ 7.7683744, 49.4440916 ], [ 7.7683744, 49.4440908 ], [ 7.7683743, 49.4440899 ], [ 7.7683741, 49.444089 ], [ 7.768374, 49.4440882 ], [ 7.7683738, 49.4440873 ], [ 7.7683736, 49.4440865 ], [ 7.7683734, 49.4440856 ], [ 7.7683731, 49.4440847 ], [ 7.7683729, 49.4440839 ], [ 7.7683726, 49.4440831 ], [ 7.7683723, 49.4440822 ], [ 7.7683719, 49.4440814 ], [ 7.7683716, 49.4440805 ], [ 7.7683712, 49.4440797 ], [ 7.7683708, 49.4440789 ], [ 7.7683704, 49.4440781 ], [ 7.7683699, 49.4440772 ], [ 7.7683695, 49.4440764 ], [ 7.768369, 49.4440756 ], [ 7.7683685, 49.4440748 ], [ 7.7683679, 49.444074 ], [ 7.7683674, 49.4440733 ], [ 7.7683668, 49.4440725 ], [ 7.7683662, 49.4440717 ], [ 7.7683656, 49.4440709 ], [ 7.768365, 49.4440702 ], [ 7.7683643, 49.4440694 ], [ 7.7683636, 49.4440687 ], [ 7.7683629, 49.4440679 ], [ 7.7683622, 49.4440672 ], [ 7.7683615, 49.4440665 ], [ 7.7683607, 49.4440658 ], [ 7.76836, 49.4440651 ], [ 7.7683592, 49.4440644 ], [ 7.7683584, 49.4440637 ], [ 7.7683575, 49.444063 ], [ 7.7683567, 49.4440623 ], [ 7.7683558, 49.4440617 ], [ 7.7683549, 49.444061 ], [ 7.768354, 49.4440604 ], [ 7.7683531, 49.4440598 ], [ 7.7683522, 49.4440591 ], [ 7.7683513, 49.4440585 ], [ 7.7683503, 49.4440579 ], [ 7.7683493, 49.4440574 ], [ 7.7683483, 49.4440568 ], [ 7.7683473, 49.4440562 ], [ 7.7683463, 49.4440557 ], [ 7.7683452, 49.4440551 ], [ 7.7683442, 49.4440546 ], [ 7.7683431, 49.4440541 ], [ 7.768342, 49.4440536 ], [ 7.7683409, 49.4440531 ], [ 7.7683398, 49.4440526 ], [ 7.7683387, 49.4440522 ], [ 7.7683376, 49.4440517 ], [ 7.7683364, 49.4440513 ], [ 7.7683353, 49.4440508 ], [ 7.7683341, 49.4440504 ], [ 7.7683329, 49.44405 ], [ 7.7683317, 49.4440497 ], [ 7.7683305, 49.4440493 ], [ 7.7683293, 49.4440489 ], [ 7.7683281, 49.4440486 ], [ 7.7683269, 49.4440482 ], [ 7.7683256, 49.4440479 ], [ 7.7683244, 49.4440476 ], [ 7.7683231, 49.4440473 ], [ 7.7683219, 49.4440471 ], [ 7.7683206, 49.4440468 ], [ 7.7683193, 49.4440466 ], [ 7.7683181, 49.4440463 ], [ 7.7683168, 49.4440461 ], [ 7.7683155, 49.4440459 ], [ 7.7683142, 49.4440457 ], [ 7.7683129, 49.4440456 ], [ 7.7683116, 49.4440454 ], [ 7.7683103, 49.4440453 ], [ 7.768309, 49.4440451 ], [ 7.7683076, 49.444045 ], [ 7.7683063, 49.4440449 ], [ 7.768305, 49.4440448 ], [ 7.7683037, 49.4440448 ], [ 7.7683024, 49.4440447 ], [ 7.768301, 49.4440447 ], [ 7.7682997, 49.4440447 ], [ 7.7682984, 49.4440447 ], [ 7.768297, 49.4440447 ], [ 7.7682957, 49.4440447 ], [ 7.7682944, 49.4440447 ], [ 7.7682931, 49.4440448 ], [ 7.7682917, 49.4440448 ], [ 7.7682904, 49.4440449 ], [ 7.7682891, 49.444045 ], [ 7.7682878, 49.4440451 ], [ 7.7682865, 49.4440453 ], [ 7.7682852, 49.4440454 ], [ 7.7682839, 49.4440456 ], [ 7.7682825, 49.4440457 ], [ 7.7682813, 49.4440459 ], [ 7.76828, 49.4440461 ], [ 7.7682787, 49.4440464 ], [ 7.7682774, 49.4440466 ], [ 7.7682761, 49.4440468 ], [ 7.7682749, 49.4440471 ], [ 7.7682736, 49.4440474 ], [ 7.7682723, 49.4440477 ], [ 7.7682711, 49.444048 ], [ 7.7682699, 49.4440483 ], [ 7.7682686, 49.4440486 ], [ 7.7682674, 49.444049 ], [ 7.7682662, 49.4440493 ], [ 7.768265, 49.4440497 ], [ 7.7682638, 49.4440501 ], [ 7.7682627, 49.4440505 ], [ 7.7682615, 49.4440509 ], [ 7.7682603, 49.4440513 ], [ 7.7682592, 49.4440518 ], [ 7.7682581, 49.4440522 ], [ 7.7682569, 49.4440527 ], [ 7.7682558, 49.4440532 ], [ 7.7682547, 49.4440537 ], [ 7.7682537, 49.4440542 ], [ 7.7682526, 49.4440547 ], [ 7.7682515, 49.4440552 ], [ 7.7682505, 49.4440557 ], [ 7.7682495, 49.4440563 ], [ 7.7682485, 49.4440569 ], [ 7.7682475, 49.4440574 ], [ 7.7682465, 49.444058 ], [ 7.7682455, 49.4440586 ], [ 7.7682446, 49.4440592 ], [ 7.7682437, 49.4440598 ], [ 7.7682427, 49.4440605 ], [ 7.7682418, 49.4440611 ], [ 7.768241, 49.4440618 ], [ 7.7682401, 49.4440624 ], [ 7.7682393, 49.4440631 ], [ 7.7682384, 49.4440638 ], [ 7.7682376, 49.4440645 ], [ 7.7682368, 49.4440652 ], [ 7.7682361, 49.4440659 ], [ 7.7682353, 49.4440666 ], [ 7.7682346, 49.4440673 ], [ 7.7682339, 49.444068 ], [ 7.7682332, 49.4440688 ], [ 7.7682325, 49.4440695 ], [ 7.7682319, 49.4440703 ], [ 7.7682312, 49.444071 ], [ 7.7682306, 49.4440718 ], [ 7.76823, 49.4440726 ], [ 7.7682295, 49.4440734 ], [ 7.7682289, 49.4440741 ], [ 7.7682284, 49.4440749 ], [ 7.7682279, 49.4440757 ], [ 7.7682274, 49.4440765 ], [ 7.7682269, 49.4440774 ], [ 7.7682265, 49.4440782 ], [ 7.7682261, 49.444079 ], [ 7.7682257, 49.4440798 ], [ 7.7682253, 49.4440806 ], [ 7.7682249, 49.4440815 ], [ 7.7682246, 49.4440823 ], [ 7.7682243, 49.4440832 ], [ 7.768224, 49.444084 ], [ 7.7682237, 49.4440849 ], [ 7.7682235, 49.4440857 ], [ 7.7682233, 49.4440866 ], [ 7.7682231, 49.4440874 ], [ 7.7682229, 49.4440883 ], [ 7.7682228, 49.4440891 ], [ 7.7682226, 49.44409 ], [ 7.7682225, 49.4440909 ], [ 7.7682225, 49.4440917 ], [ 7.7682224, 49.4440926 ], [ 7.7682224, 49.4440935 ], [ 7.7682224, 49.4440943 ], [ 7.7682224, 49.4440952 ], [ 7.7682224, 49.4440961 ], [ 7.7682225, 49.4440969 ], [ 7.7682225, 49.4440978 ], [ 7.7682227, 49.4440986 ], [ 7.7682228, 49.4440995 ], [ 7.7682229, 49.4441004 ], [ 7.7682231, 49.4441012 ], [ 7.7682233, 49.4441021 ], [ 7.7682235, 49.4441029 ], [ 7.7682238, 49.4441038 ], [ 7.768224, 49.4441046 ], [ 7.7682243, 49.4441055 ], [ 7.7682246, 49.4441063 ], [ 7.768225, 49.4441072 ], [ 7.7682253, 49.444108 ], [ 7.7682257, 49.4441088 ], [ 7.7682261, 49.4441097 ], [ 7.7682265, 49.4441105 ], [ 7.768227, 49.4441113 ], [ 7.7682274, 49.4441121 ], [ 7.7682279, 49.4441129 ], [ 7.7682284, 49.4441137 ], [ 7.768229, 49.4441145 ], [ 7.7682295, 49.4441153 ], [ 7.7682301, 49.4441161 ], [ 7.7682307, 49.4441168 ], [ 7.7682313, 49.4441176 ], [ 7.7682319, 49.4441184 ], [ 7.7682326, 49.4441191 ], [ 7.7682333, 49.4441199 ], [ 7.768234, 49.4441206 ], [ 7.7682347, 49.4441213 ], [ 7.7682354, 49.4441221 ], [ 7.7682362, 49.4441228 ], [ 7.7682369, 49.4441235 ], [ 7.7682377, 49.4441242 ], [ 7.7682385, 49.4441249 ], [ 7.7682394, 49.4441255 ], [ 7.7682402, 49.4441262 ], [ 7.7682411, 49.4441269 ], [ 7.768242, 49.4441275 ], [ 7.7682429, 49.4441281 ], [ 7.7682438, 49.4441288 ], [ 7.7682447, 49.4441294 ], [ 7.7682457, 49.44413 ], [ 7.7682466, 49.4441306 ], [ 7.7682476, 49.4441312 ], [ 7.7682486, 49.4441318 ], [ 7.7682496, 49.4441323 ], [ 7.7682506, 49.4441329 ], [ 7.7682517, 49.4441334 ], [ 7.7682527, 49.4441339 ], [ 7.7682538, 49.4441344 ], [ 7.7682549, 49.4441349 ], [ 7.768256, 49.4441354 ], [ 7.7682571, 49.4441359 ], [ 7.7682582, 49.4441364 ], [ 7.7682593, 49.4441368 ], [ 7.7682605, 49.4441373 ], [ 7.7682616, 49.4441377 ], [ 7.7682628, 49.4441381 ], [ 7.768264, 49.4441385 ], [ 7.7682652, 49.4441389 ], [ 7.7682664, 49.4441393 ], [ 7.7682676, 49.4441396 ], [ 7.7682688, 49.44414 ], [ 7.76827, 49.4441403 ], [ 7.7682713, 49.4441406 ], [ 7.7682725, 49.4441409 ], [ 7.7682738, 49.4441412 ], [ 7.768275, 49.4441415 ], [ 7.7682763, 49.4441417 ], [ 7.7682776, 49.444142 ], [ 7.7682788, 49.4441422 ], [ 7.7682801, 49.4441424 ], [ 7.7682814, 49.4441426 ], [ 7.7682827, 49.4441428 ], [ 7.768284, 49.444143 ], [ 7.7682853, 49.4441431 ], [ 7.7682866, 49.4441433 ], [ 7.7682879, 49.4441434 ], [ 7.7682893, 49.4441435 ], [ 7.7682906, 49.4441436 ], [ 7.7682919, 49.4441437 ], [ 7.7682932, 49.4441438 ], [ 7.7682946, 49.4441438 ], [ 7.7682959, 49.4441439 ], [ 7.7682968, 49.4441439 ], [ 7.7682968, 49.4441439 ], [ 7.7682966, 49.444144 ], [ 7.7682965, 49.4441441 ], [ 7.7682964, 49.4441442 ], [ 7.7682963, 49.4441443 ], [ 7.7682961, 49.4441444 ], [ 7.768296, 49.4441446 ], [ 7.7682959, 49.4441447 ], [ 7.7682958, 49.4441448 ], [ 7.7682957, 49.4441449 ], [ 7.7682956, 49.444145 ], [ 7.7682955, 49.4441451 ], [ 7.7682954, 49.4441452 ], [ 7.7682953, 49.4441454 ], [ 7.7682952, 49.4441455 ], [ 7.7682951, 49.4441456 ], [ 7.768295, 49.4441457 ], [ 7.768295, 49.4441458 ], [ 7.7682949, 49.444146 ], [ 7.7682948, 49.4441461 ], [ 7.7682947, 49.4441462 ], [ 7.7682947, 49.4441463 ], [ 7.7682946, 49.4441465 ], [ 7.7682945, 49.4441466 ], [ 7.7682945, 49.4441467 ], [ 7.7682944, 49.4441469 ], [ 7.7682944, 49.444147 ], [ 7.7682943, 49.4441471 ], [ 7.7682943, 49.4441472 ], [ 7.7682943, 49.4441474 ], [ 7.7682942, 49.4441475 ], [ 7.7682942, 49.4441476 ], [ 7.7682942, 49.4441478 ], [ 7.7682941, 49.4441479 ], [ 7.7682941, 49.444148 ], [ 7.7682941, 49.4441482 ], [ 7.7682941, 49.4441483 ], [ 7.7682941, 49.4441484 ], [ 7.768294, 49.4441486 ], [ 7.768294, 49.4441487 ], [ 7.768294, 49.4441488 ], [ 7.768294, 49.444149 ], [ 7.768294, 49.4441491 ], [ 7.7682941, 49.4441492 ], [ 7.7682941, 49.4441494 ], [ 7.7682941, 49.4441495 ], [ 7.7682941, 49.4441496 ], [ 7.7682941, 49.4441498 ], [ 7.7682942, 49.4441499 ], [ 7.7682942, 49.44415 ], [ 7.7682942, 49.4441502 ], [ 7.7682943, 49.4441503 ], [ 7.7682943, 49.4441504 ], [ 7.7682943, 49.4441505 ], [ 7.7682944, 49.4441507 ], [ 7.7682944, 49.4441508 ], [ 7.7682945, 49.4441509 ], [ 7.7682946, 49.4441511 ], [ 7.7682946, 49.4441512 ], [ 7.7682947, 49.4441513 ], [ 7.7682948, 49.4441514 ], [ 7.7682948, 49.4441516 ], [ 7.7682949, 49.4441517 ], [ 7.768295, 49.4441518 ], [ 7.7682951, 49.4441519 ], [ 7.7682951, 49.4441521 ], [ 7.7682952, 49.4441522 ], [ 7.7682953, 49.4441523 ], [ 7.7682954, 49.4441524 ], [ 7.7682955, 49.4441525 ], [ 7.7682956, 49.4441526 ], [ 7.7682957, 49.4441528 ], [ 7.7682958, 49.4441529 ], [ 7.7682959, 49.444153 ], [ 7.768296, 49.4441531 ], [ 7.7682962, 49.4441532 ], [ 7.7682963, 49.4441533 ], [ 7.7682964, 49.4441534 ], [ 7.7682965, 49.4441535 ], [ 7.7682967, 49.4441536 ], [ 7.7682968, 49.4441537 ], [ 7.7682969, 49.4441538 ], [ 7.7682971, 49.4441539 ], [ 7.7682972, 49.444154 ], [ 7.7682973, 49.4441541 ], [ 7.7682975, 49.4441542 ], [ 7.7682976, 49.4441543 ], [ 7.7682978, 49.4441544 ], [ 7.7682979, 49.4441545 ], [ 7.7682981, 49.4441546 ], [ 7.7682982, 49.4441547 ], [ 7.7682984, 49.4441548 ], [ 7.7682985, 49.4441548 ], [ 7.7682987, 49.4441549 ], [ 7.7682989, 49.444155 ], [ 7.768299, 49.4441551 ], [ 7.7682992, 49.4441552 ], [ 7.7682994, 49.4441552 ], [ 7.7682996, 49.4441553 ], [ 7.7682997, 49.4441554 ], [ 7.7682999, 49.4441554 ], [ 7.7683001, 49.4441555 ], [ 7.7683003, 49.4441556 ], [ 7.7683004, 49.4441556 ], [ 7.7683006, 49.4441557 ], [ 7.7683008, 49.4441557 ], [ 7.768301, 49.4441558 ], [ 7.7683012, 49.4441558 ], [ 7.7683014, 49.4441559 ], [ 7.7683016, 49.4441559 ], [ 7.7683018, 49.444156 ], [ 7.7683019, 49.444156 ], [ 7.7683021, 49.4441561 ], [ 7.7683023, 49.4441561 ], [ 7.7683025, 49.4441562 ], [ 7.7683027, 49.4441562 ], [ 7.7683029, 49.4441562 ], [ 7.7683031, 49.4441563 ], [ 7.7683033, 49.4441563 ], [ 7.7683035, 49.4441563 ], [ 7.7683037, 49.4441563 ], [ 7.7683039, 49.4441564 ], [ 7.7683041, 49.4441564 ], [ 7.7683043, 49.4441564 ], [ 7.7683045, 49.4441564 ], [ 7.7683047, 49.4441564 ], [ 7.7683049, 49.4441564 ], [ 7.7683051, 49.4441564 ], [ 7.7683053, 49.4441564 ], [ 7.7683056, 49.4441564 ], [ 7.7683058, 49.4441565 ], [ 7.768306, 49.4441564 ], [ 7.7683062, 49.4441564 ], [ 7.7683064, 49.4441564 ], [ 7.7683066, 49.4441564 ], [ 7.7683068, 49.4441564 ], [ 7.768307, 49.4441564 ], [ 7.7683072, 49.4441564 ], [ 7.7683074, 49.4441564 ], [ 7.7683076, 49.4441564 ], [ 7.7683078, 49.4441563 ], [ 7.768308, 49.4441563 ], [ 7.7683082, 49.4441563 ], [ 7.7683084, 49.4441563 ], [ 7.7683086, 49.4441562 ], [ 7.7683088, 49.4441562 ], [ 7.768309, 49.4441562 ], [ 7.7683092, 49.4441561 ], [ 7.7683094, 49.4441561 ], [ 7.7683096, 49.444156 ], [ 7.7683098, 49.444156 ], [ 7.76831, 49.4441559 ], [ 7.7683101, 49.4441559 ], [ 7.7683103, 49.4441558 ], [ 7.7683105, 49.4441558 ], [ 7.7683107, 49.4441557 ], [ 7.7683109, 49.4441557 ], [ 7.7683111, 49.4441556 ], [ 7.7683113, 49.4441556 ], [ 7.7683114, 49.4441555 ], [ 7.7683116, 49.4441554 ], [ 7.7683118, 49.4441554 ], [ 7.768312, 49.4441553 ], [ 7.7683121, 49.4441552 ], [ 7.7683123, 49.4441551 ], [ 7.7683125, 49.4441551 ], [ 7.7683126, 49.444155 ], [ 7.7683128, 49.4441549 ], [ 7.768313, 49.4441548 ], [ 7.7683131, 49.4441547 ], [ 7.7683133, 49.4441547 ], [ 7.7683134, 49.4441546 ], [ 7.7683136, 49.4441545 ], [ 7.7683137, 49.4441544 ], [ 7.7683139, 49.4441543 ], [ 7.768314, 49.4441542 ], [ 7.7683142, 49.4441541 ], [ 7.7683143, 49.444154 ], [ 7.7683145, 49.4441539 ], [ 7.7683146, 49.4441538 ], [ 7.7683147, 49.4441537 ], [ 7.7683148, 49.4441536 ], [ 7.768315, 49.4441535 ], [ 7.7683151, 49.4441534 ], [ 7.7683152, 49.4441533 ], [ 7.7683153, 49.4441532 ], [ 7.7683155, 49.4441531 ], [ 7.7683156, 49.444153 ], [ 7.7683157, 49.4441529 ], [ 7.7683158, 49.4441527 ], [ 7.7683159, 49.4441526 ], [ 7.768316, 49.4441525 ], [ 7.7683161, 49.4441524 ], [ 7.7683162, 49.4441523 ], [ 7.7683163, 49.4441522 ], [ 7.7683164, 49.444152 ], [ 7.7683164, 49.4441519 ], [ 7.7683165, 49.4441518 ], [ 7.7683166, 49.4441517 ], [ 7.7683167, 49.4441515 ], [ 7.7683167, 49.4441514 ], [ 7.7683168, 49.4441513 ], [ 7.7683169, 49.4441512 ], [ 7.7683169, 49.444151 ], [ 7.768317, 49.4441509 ], [ 7.7683171, 49.4441508 ], [ 7.7683171, 49.4441507 ], [ 7.7683172, 49.4441505 ], [ 7.7683172, 49.4441504 ], [ 7.7683172, 49.4441503 ], [ 7.7683173, 49.4441501 ], [ 7.7683173, 49.44415 ], [ 7.7683173, 49.4441499 ], [ 7.7683174, 49.4441497 ], [ 7.7683174, 49.4441496 ], [ 7.7683174, 49.4441495 ], [ 7.7683174, 49.4441493 ], [ 7.7683174, 49.4441492 ], [ 7.7683174, 49.4441491 ], [ 7.7683174, 49.4441489 ], [ 7.7683174, 49.4441488 ], [ 7.7683174, 49.4441487 ], [ 7.7683174, 49.4441485 ], [ 7.7683174, 49.4441484 ], [ 7.7683174, 49.4441483 ], [ 7.7683174, 49.4441481 ], [ 7.7683174, 49.444148 ], [ 7.7683174, 49.4441479 ], [ 7.7683173, 49.4441477 ], [ 7.7683173, 49.4441476 ], [ 7.7683173, 49.4441475 ], [ 7.7683172, 49.4441474 ], [ 7.7683172, 49.4441472 ], [ 7.7683171, 49.4441471 ], [ 7.7683171, 49.444147 ], [ 7.768317, 49.4441468 ], [ 7.768317, 49.4441467 ], [ 7.7683169, 49.4441466 ], [ 7.7683169, 49.4441465 ], [ 7.7683168, 49.4441463 ], [ 7.7683167, 49.4441462 ], [ 7.7683167, 49.4441461 ], [ 7.7683166, 49.444146 ], [ 7.7683165, 49.4441458 ], [ 7.7683164, 49.4441457 ], [ 7.7683163, 49.4441456 ], [ 7.7683163, 49.4441455 ], [ 7.7683162, 49.4441453 ], [ 7.7683161, 49.4441452 ], [ 7.768316, 49.4441451 ], [ 7.7683159, 49.444145 ], [ 7.7683158, 49.4441449 ], [ 7.7683157, 49.4441448 ], [ 7.7683156, 49.4441447 ], [ 7.7683154, 49.4441445 ], [ 7.7683153, 49.4441444 ], [ 7.7683152, 49.4441443 ], [ 7.7683151, 49.4441442 ], [ 7.768315, 49.4441441 ], [ 7.7683148, 49.444144 ], [ 7.7683147, 49.4441439 ], [ 7.7683146, 49.4441438 ], [ 7.7683144, 49.4441437 ], [ 7.7683143, 49.4441436 ], [ 7.7683142, 49.4441435 ], [ 7.768314, 49.4441434 ], [ 7.7683139, 49.4441433 ], [ 7.7683137, 49.4441432 ], [ 7.7683136, 49.4441431 ], [ 7.7683134, 49.4441431 ], [ 7.7683133, 49.444143 ], [ 7.7683132, 49.4441429 ], [ 7.7683144, 49.4441428 ], [ 7.7683157, 49.4441426 ] ], [ [ 7.7684559, 49.4441307 ], [ 7.7684559, 49.4441307 ], [ 7.768456, 49.4441307 ], [ 7.768456, 49.4441307 ], [ 7.7684561, 49.4441307 ], [ 7.7684561, 49.4441307 ], [ 7.7684562, 49.4441306 ], [ 7.7684562, 49.4441306 ], [ 7.7684563, 49.4441306 ], [ 7.7684563, 49.4441306 ], [ 7.7684564, 49.4441306 ], [ 7.7684564, 49.4441306 ], [ 7.7684565, 49.4441306 ], [ 7.7684565, 49.4441306 ], [ 7.7684566, 49.4441306 ], [ 7.7684566, 49.4441306 ], [ 7.7684567, 49.4441306 ], [ 7.7684567, 49.4441306 ], [ 7.7684567, 49.4441305 ], [ 7.7684568, 49.4441305 ], [ 7.7684568, 49.4441305 ], [ 7.7684569, 49.4441305 ], [ 7.7684569, 49.4441305 ], [ 7.768457, 49.4441305 ], [ 7.768457, 49.4441305 ], [ 7.768457, 49.4441305 ], [ 7.7684571, 49.4441304 ], [ 7.7684571, 49.4441304 ], [ 7.7684572, 49.4441304 ], [ 7.7684572, 49.4441304 ], [ 7.7684573, 49.4441304 ], [ 7.7684573, 49.4441304 ], [ 7.7684573, 49.4441303 ], [ 7.7684574, 49.4441303 ], [ 7.7684574, 49.4441303 ], [ 7.7684575, 49.4441303 ], [ 7.7684575, 49.4441303 ], [ 7.7684575, 49.4441302 ], [ 7.7684576, 49.4441302 ], [ 7.7684576, 49.4441302 ], [ 7.7684576, 49.4441302 ], [ 7.7684577, 49.4441302 ], [ 7.7684577, 49.4441301 ], [ 7.7684577, 49.4441301 ], [ 7.7684578, 49.4441301 ], [ 7.7684578, 49.4441301 ], [ 7.7684578, 49.44413 ], [ 7.7684579, 49.44413 ], [ 7.7684579, 49.44413 ], [ 7.7684579, 49.44413 ], [ 7.768458, 49.44413 ], [ 7.768458, 49.4441299 ], [ 7.768458, 49.4441299 ], [ 7.768458, 49.4441299 ], [ 7.7684581, 49.4441298 ], [ 7.7684581, 49.4441298 ], [ 7.7684581, 49.4441298 ], [ 7.7684581, 49.4441298 ], [ 7.7684582, 49.4441297 ], [ 7.7684582, 49.4441297 ], [ 7.7684582, 49.4441297 ], [ 7.7684582, 49.4441297 ], [ 7.7684583, 49.4441296 ], [ 7.7684583, 49.4441296 ], [ 7.7684583, 49.4441296 ], [ 7.7684583, 49.4441295 ], [ 7.7684583, 49.4441295 ], [ 7.7684583, 49.4441295 ], [ 7.7684584, 49.4441295 ], [ 7.7684584, 49.4441294 ], [ 7.7684584, 49.4441294 ], [ 7.7684584, 49.4441294 ], [ 7.7684584, 49.4441293 ], [ 7.7684584, 49.4441293 ], [ 7.7684584, 49.4441293 ], [ 7.7684584, 49.4441292 ], [ 7.7684585, 49.4441292 ], [ 7.7684585, 49.4441292 ], [ 7.7684585, 49.4441292 ], [ 7.7684585, 49.4441291 ], [ 7.7684585, 49.4441291 ], [ 7.7684585, 49.4441291 ], [ 7.7684585, 49.444129 ], [ 7.7684585, 49.444129 ], [ 7.7684585, 49.444129 ], [ 7.7684585, 49.4441289 ], [ 7.7684585, 49.4441289 ], [ 7.7684585, 49.4441289 ], [ 7.7684585, 49.4441288 ], [ 7.7684585, 49.4441288 ], [ 7.7684585, 49.4441288 ], [ 7.7684585, 49.4441287 ], [ 7.7684585, 49.4441287 ], [ 7.7684585, 49.4441287 ], [ 7.7684585, 49.4441287 ], [ 7.7684585, 49.4441286 ], [ 7.7684585, 49.4441286 ], [ 7.7684585, 49.4441286 ], [ 7.7684585, 49.4441285 ], [ 7.7684584, 49.4441285 ], [ 7.7684584, 49.4441285 ], [ 7.7684584, 49.4441284 ], [ 7.7684584, 49.4441284 ], [ 7.7684584, 49.4441284 ], [ 7.7684584, 49.4441283 ], [ 7.7684584, 49.4441283 ], [ 7.7684584, 49.4441283 ], [ 7.7684583, 49.4441283 ], [ 7.7684583, 49.4441282 ], [ 7.7684583, 49.4441282 ], [ 7.7684583, 49.4441282 ], [ 7.7684583, 49.4441281 ], [ 7.7684582, 49.4441281 ], [ 7.7684582, 49.4441281 ], [ 7.7684582, 49.4441281 ], [ 7.7684582, 49.444128 ], [ 7.7684582, 49.444128 ], [ 7.7684581, 49.444128 ], [ 7.7684581, 49.4441279 ], [ 7.7684581, 49.4441279 ], [ 7.7684581, 49.4441279 ], [ 7.768458, 49.4441279 ], [ 7.768458, 49.4441278 ], [ 7.768458, 49.4441278 ], [ 7.768458, 49.4441278 ], [ 7.7684579, 49.4441278 ], [ 7.7684579, 49.4441277 ], [ 7.7684579, 49.4441277 ], [ 7.7684578, 49.4441277 ], [ 7.7684578, 49.4441277 ], [ 7.7684578, 49.4441276 ], [ 7.7684577, 49.4441276 ], [ 7.7684577, 49.4441276 ], [ 7.7684577, 49.4441276 ], [ 7.7684576, 49.4441276 ], [ 7.7684576, 49.4441275 ], [ 7.7684576, 49.4441275 ], [ 7.7684575, 49.4441275 ], [ 7.7684575, 49.4441275 ], [ 7.7684574, 49.4441275 ], [ 7.7684574, 49.4441274 ], [ 7.7684574, 49.4441274 ], [ 7.7684573, 49.4441274 ], [ 7.7684573, 49.4441274 ], [ 7.7684573, 49.4441274 ], [ 7.7684572, 49.4441273 ], [ 7.7684572, 49.4441273 ], [ 7.7684571, 49.4441273 ], [ 7.7684571, 49.4441273 ], [ 7.768457, 49.4441273 ], [ 7.768457, 49.4441273 ], [ 7.768457, 49.4441273 ], [ 7.7684569, 49.4441272 ], [ 7.7684569, 49.4441272 ], [ 7.7684568, 49.4441272 ], [ 7.7684568, 49.4441272 ], [ 7.7684567, 49.4441272 ], [ 7.7684567, 49.4441272 ], [ 7.7684566, 49.4441272 ], [ 7.7684566, 49.4441272 ], [ 7.7684566, 49.4441272 ], [ 7.7684565, 49.4441271 ], [ 7.7684565, 49.4441271 ], [ 7.7684564, 49.4441271 ], [ 7.7684564, 49.4441271 ], [ 7.7684563, 49.4441271 ], [ 7.7684563, 49.4441271 ], [ 7.7684562, 49.4441271 ], [ 7.7684562, 49.4441271 ], [ 7.7684561, 49.4441271 ], [ 7.7684561, 49.4441271 ], [ 7.768456, 49.4441271 ], [ 7.768456, 49.4441271 ], [ 7.7684559, 49.4441271 ], [ 7.7684559, 49.4441271 ], [ 7.7684558, 49.4441271 ], [ 7.7684558, 49.4441271 ], [ 7.7684557, 49.4441271 ], [ 7.7684557, 49.4441271 ], [ 7.7684557, 49.4441271 ], [ 7.7684556, 49.4441271 ], [ 7.7684556, 49.4441271 ], [ 7.7684555, 49.4441271 ], [ 7.7684555, 49.4441271 ], [ 7.7684554, 49.4441271 ], [ 7.7684554, 49.4441271 ], [ 7.7684553, 49.4441271 ], [ 7.7684553, 49.4441271 ], [ 7.7684552, 49.4441271 ], [ 7.7684552, 49.4441271 ], [ 7.7684551, 49.4441271 ], [ 7.7684551, 49.4441271 ], [ 7.768455, 49.4441271 ], [ 7.768455, 49.4441271 ], [ 7.7684549, 49.4441272 ], [ 7.7684549, 49.4441272 ], [ 7.7684549, 49.4441272 ], [ 7.7684548, 49.4441272 ], [ 7.7684548, 49.4441272 ], [ 7.7684547, 49.4441272 ], [ 7.7684547, 49.4441272 ], [ 7.7684546, 49.4441272 ], [ 7.7684546, 49.4441272 ], [ 7.7684545, 49.4441273 ], [ 7.7684545, 49.4441273 ], [ 7.7684545, 49.4441273 ], [ 7.7684544, 49.4441273 ], [ 7.7684544, 49.4441273 ], [ 7.7684543, 49.4441273 ], [ 7.7684543, 49.4441273 ], [ 7.7684542, 49.4441274 ], [ 7.7684542, 49.4441274 ], [ 7.7684542, 49.4441274 ], [ 7.7684541, 49.4441274 ], [ 7.7684541, 49.4441274 ], [ 7.7684541, 49.4441275 ], [ 7.768454, 49.4441275 ], [ 7.768454, 49.4441275 ], [ 7.7684539, 49.4441275 ], [ 7.7684539, 49.4441275 ], [ 7.7684539, 49.4441276 ], [ 7.7684538, 49.4441276 ], [ 7.7684538, 49.4441276 ], [ 7.7684538, 49.4441276 ], [ 7.7684537, 49.4441276 ], [ 7.7684537, 49.4441277 ], [ 7.7684537, 49.4441277 ], [ 7.7684536, 49.4441277 ], [ 7.7684536, 49.4441277 ], [ 7.7684536, 49.4441278 ], [ 7.7684535, 49.4441278 ], [ 7.7684535, 49.4441278 ], [ 7.7684535, 49.4441278 ], [ 7.7684535, 49.4441279 ], [ 7.7684534, 49.4441279 ], [ 7.7684534, 49.4441279 ], [ 7.7684534, 49.4441279 ], [ 7.7684534, 49.444128 ], [ 7.7684533, 49.444128 ], [ 7.7684533, 49.444128 ], [ 7.7684533, 49.4441281 ], [ 7.7684533, 49.4441281 ], [ 7.7684533, 49.4441281 ], [ 7.7684532, 49.4441281 ], [ 7.7684532, 49.4441282 ], [ 7.7684532, 49.4441282 ], [ 7.7684532, 49.4441282 ], [ 7.7684532, 49.4441283 ], [ 7.7684531, 49.4441283 ], [ 7.7684531, 49.4441283 ], [ 7.7684531, 49.4441283 ], [ 7.7684531, 49.4441284 ], [ 7.7684531, 49.4441284 ], [ 7.7684531, 49.4441284 ], [ 7.7684531, 49.4441285 ], [ 7.7684531, 49.4441285 ], [ 7.768453, 49.4441285 ], [ 7.768453, 49.4441286 ], [ 7.768453, 49.4441286 ], [ 7.768453, 49.4441286 ], [ 7.768453, 49.4441287 ], [ 7.768453, 49.4441287 ], [ 7.768453, 49.4441287 ], [ 7.768453, 49.4441287 ], [ 7.768453, 49.4441288 ], [ 7.768453, 49.4441288 ], [ 7.768453, 49.4441288 ], [ 7.768453, 49.4441289 ], [ 7.768453, 49.4441289 ], [ 7.768453, 49.4441289 ], [ 7.768453, 49.444129 ], [ 7.768453, 49.444129 ], [ 7.768453, 49.444129 ], [ 7.768453, 49.4441291 ], [ 7.768453, 49.4441291 ], [ 7.768453, 49.4441291 ], [ 7.768453, 49.4441292 ], [ 7.768453, 49.4441292 ], [ 7.768453, 49.4441292 ], [ 7.7684531, 49.4441292 ], [ 7.7684531, 49.4441293 ], [ 7.7684531, 49.4441293 ], [ 7.7684531, 49.4441293 ], [ 7.7684531, 49.4441294 ], [ 7.7684531, 49.4441294 ], [ 7.7684531, 49.4441294 ], [ 7.7684531, 49.4441295 ], [ 7.7684532, 49.4441295 ], [ 7.7684532, 49.4441295 ], [ 7.7684532, 49.4441295 ], [ 7.7684532, 49.4441296 ], [ 7.7684532, 49.4441296 ], [ 7.7684533, 49.4441296 ], [ 7.7684533, 49.4441297 ], [ 7.7684533, 49.4441297 ], [ 7.7684533, 49.4441297 ], [ 7.7684533, 49.4441297 ], [ 7.7684534, 49.4441298 ], [ 7.7684534, 49.4441298 ], [ 7.7684534, 49.4441298 ], [ 7.7684534, 49.4441299 ], [ 7.7684535, 49.4441299 ], [ 7.7684535, 49.4441299 ], [ 7.7684535, 49.4441299 ], [ 7.7684536, 49.44413 ], [ 7.7684536, 49.44413 ], [ 7.7684536, 49.44413 ], [ 7.7684536, 49.44413 ], [ 7.7684537, 49.4441301 ], [ 7.7684537, 49.4441301 ], [ 7.7684537, 49.4441301 ], [ 7.7684538, 49.4441301 ], [ 7.7684538, 49.4441301 ], [ 7.7684538, 49.4441302 ], [ 7.7684539, 49.4441302 ], [ 7.7684539, 49.4441302 ], [ 7.7684539, 49.4441302 ], [ 7.768454, 49.4441303 ], [ 7.768454, 49.4441303 ], [ 7.7684541, 49.4441303 ], [ 7.7684541, 49.4441303 ], [ 7.7684541, 49.4441303 ], [ 7.7684542, 49.4441303 ], [ 7.7684542, 49.4441304 ], [ 7.7684543, 49.4441304 ], [ 7.7684543, 49.4441304 ], [ 7.7684543, 49.4441304 ], [ 7.7684544, 49.4441304 ], [ 7.7684544, 49.4441304 ], [ 7.7684545, 49.4441305 ], [ 7.7684545, 49.4441305 ], [ 7.7684545, 49.4441305 ], [ 7.7684546, 49.4441305 ], [ 7.7684546, 49.4441305 ], [ 7.7684547, 49.4441305 ], [ 7.7684547, 49.4441305 ], [ 7.7684548, 49.4441306 ], [ 7.7684548, 49.4441306 ], [ 7.7684549, 49.4441306 ], [ 7.7684549, 49.4441306 ], [ 7.7684549, 49.4441306 ], [ 7.768455, 49.4441306 ], [ 7.768455, 49.4441306 ], [ 7.7684551, 49.4441306 ], [ 7.7684551, 49.4441306 ], [ 7.7684552, 49.4441306 ], [ 7.7684552, 49.4441306 ], [ 7.7684553, 49.4441306 ], [ 7.7684553, 49.4441306 ], [ 7.7684554, 49.4441307 ], [ 7.7684554, 49.4441307 ], [ 7.7684555, 49.4441307 ], [ 7.7684555, 49.4441307 ], [ 7.7684556, 49.4441307 ], [ 7.7684556, 49.4441307 ], [ 7.7684557, 49.4441307 ], [ 7.7684557, 49.4441307 ], [ 7.7684558, 49.4441307 ], [ 7.7684558, 49.4441307 ], [ 7.7684559, 49.4441307 ], [ 7.7684559, 49.4441307 ] ], [ [ 7.7682225, 49.444156 ], [ 7.7682226, 49.444156 ], [ 7.7682227, 49.444156 ], [ 7.7682229, 49.444156 ], [ 7.768223, 49.444156 ], [ 7.7682231, 49.4441559 ], [ 7.7682233, 49.4441559 ], [ 7.7682234, 49.4441559 ], [ 7.7682235, 49.4441559 ], [ 7.7682237, 49.4441559 ], [ 7.7682238, 49.4441559 ], [ 7.7682239, 49.4441558 ], [ 7.7682241, 49.4441558 ], [ 7.7682242, 49.4441558 ], [ 7.7682243, 49.4441558 ], [ 7.7682245, 49.4441557 ], [ 7.7682246, 49.4441557 ], [ 7.7682247, 49.4441557 ], [ 7.7682248, 49.4441557 ], [ 7.768225, 49.4441556 ], [ 7.7682251, 49.4441556 ], [ 7.7682252, 49.4441556 ], [ 7.7682253, 49.4441555 ], [ 7.7682255, 49.4441555 ], [ 7.7682256, 49.4441554 ], [ 7.7682257, 49.4441554 ], [ 7.7682258, 49.4441554 ], [ 7.7682259, 49.4441553 ], [ 7.7682261, 49.4441553 ], [ 7.7682262, 49.4441552 ], [ 7.7682263, 49.4441552 ], [ 7.7682264, 49.4441551 ], [ 7.7682265, 49.4441551 ], [ 7.7682266, 49.444155 ], [ 7.7682267, 49.444155 ], [ 7.7682268, 49.4441549 ], [ 7.768227, 49.4441549 ], [ 7.7682271, 49.4441548 ], [ 7.7682272, 49.4441547 ], [ 7.7682273, 49.4441547 ], [ 7.7682274, 49.4441546 ], [ 7.7682275, 49.4441546 ], [ 7.7682276, 49.4441545 ], [ 7.7682277, 49.4441544 ], [ 7.7682277, 49.4441544 ], [ 7.7682278, 49.4441543 ], [ 7.7682279, 49.4441543 ], [ 7.768228, 49.4441542 ], [ 7.7682281, 49.4441541 ], [ 7.7682282, 49.444154 ], [ 7.7682283, 49.444154 ], [ 7.7682284, 49.4441539 ], [ 7.7682284, 49.4441538 ], [ 7.7682285, 49.4441538 ], [ 7.7682286, 49.4441537 ], [ 7.7682287, 49.4441536 ], [ 7.7682287, 49.4441535 ], [ 7.7682288, 49.4441535 ], [ 7.7682289, 49.4441534 ], [ 7.7682289, 49.4441533 ], [ 7.768229, 49.4441532 ], [ 7.7682291, 49.4441532 ], [ 7.7682291, 49.4441531 ], [ 7.7682292, 49.444153 ], [ 7.7682292, 49.4441529 ], [ 7.7682293, 49.4441528 ], [ 7.7682293, 49.4441527 ], [ 7.7682294, 49.4441527 ], [ 7.7682294, 49.4441526 ], [ 7.7682295, 49.4441525 ], [ 7.7682295, 49.4441524 ], [ 7.7682295, 49.4441523 ], [ 7.7682296, 49.4441522 ], [ 7.7682296, 49.4441522 ], [ 7.7682297, 49.4441521 ], [ 7.7682297, 49.444152 ], [ 7.7682297, 49.4441519 ], [ 7.7682297, 49.4441518 ], [ 7.7682298, 49.4441517 ], [ 7.7682298, 49.4441516 ], [ 7.7682298, 49.4441516 ], [ 7.7682298, 49.4441515 ], [ 7.7682298, 49.4441514 ], [ 7.7682298, 49.4441513 ], [ 7.7682298, 49.4441512 ], [ 7.7682299, 49.4441511 ], [ 7.7682299, 49.444151 ], [ 7.7682299, 49.4441509 ], [ 7.7682299, 49.4441508 ], [ 7.7682299, 49.4441508 ], [ 7.7682299, 49.4441507 ], [ 7.7682298, 49.4441506 ], [ 7.7682298, 49.4441505 ], [ 7.7682298, 49.4441504 ], [ 7.7682298, 49.4441503 ], [ 7.7682298, 49.4441502 ], [ 7.7682298, 49.4441501 ], [ 7.7682298, 49.4441501 ], [ 7.7682297, 49.44415 ], [ 7.7682297, 49.4441499 ], [ 7.7682297, 49.4441498 ], [ 7.7682296, 49.4441497 ], [ 7.7682296, 49.4441496 ], [ 7.7682296, 49.4441495 ], [ 7.7682295, 49.4441494 ], [ 7.7682295, 49.4441494 ], [ 7.7682295, 49.4441493 ], [ 7.7682294, 49.4441492 ], [ 7.7682294, 49.4441491 ], [ 7.7682293, 49.444149 ], [ 7.7682293, 49.4441489 ], [ 7.7682292, 49.4441489 ], [ 7.7682292, 49.4441488 ], [ 7.7682291, 49.4441487 ], [ 7.768229, 49.4441486 ], [ 7.768229, 49.4441485 ], [ 7.7682289, 49.4441485 ], [ 7.7682289, 49.4441484 ], [ 7.7682288, 49.4441483 ], [ 7.7682287, 49.4441482 ], [ 7.7682286, 49.4441482 ], [ 7.7682286, 49.4441481 ], [ 7.7682285, 49.444148 ], [ 7.7682284, 49.4441479 ], [ 7.7682283, 49.4441479 ], [ 7.7682283, 49.4441478 ], [ 7.7682282, 49.4441477 ], [ 7.7682281, 49.4441477 ], [ 7.768228, 49.4441476 ], [ 7.7682279, 49.4441475 ], [ 7.7682278, 49.4441475 ], [ 7.7682277, 49.4441474 ], [ 7.7682276, 49.4441473 ], [ 7.7682275, 49.4441473 ], [ 7.7682274, 49.4441472 ], [ 7.7682273, 49.4441471 ], [ 7.7682272, 49.4441471 ], [ 7.7682271, 49.444147 ], [ 7.768227, 49.444147 ], [ 7.7682269, 49.4441469 ], [ 7.7682268, 49.4441469 ], [ 7.7682267, 49.4441468 ], [ 7.7682266, 49.4441468 ], [ 7.7682265, 49.4441467 ], [ 7.7682264, 49.4441467 ], [ 7.7682263, 49.4441466 ], [ 7.7682262, 49.4441466 ], [ 7.768226, 49.4441465 ], [ 7.7682259, 49.4441465 ], [ 7.7682258, 49.4441464 ], [ 7.7682257, 49.4441464 ], [ 7.7682256, 49.4441463 ], [ 7.7682255, 49.4441463 ], [ 7.7682253, 49.4441463 ], [ 7.7682252, 49.4441462 ], [ 7.7682251, 49.4441462 ], [ 7.768225, 49.4441462 ], [ 7.7682248, 49.4441461 ], [ 7.7682247, 49.4441461 ], [ 7.7682246, 49.4441461 ], [ 7.7682244, 49.444146 ], [ 7.7682243, 49.444146 ], [ 7.7682242, 49.444146 ], [ 7.7682241, 49.444146 ], [ 7.7682239, 49.4441459 ], [ 7.7682238, 49.4441459 ], [ 7.7682237, 49.4441459 ], [ 7.7682235, 49.4441459 ], [ 7.7682234, 49.4441459 ], [ 7.7682233, 49.4441459 ], [ 7.7682231, 49.4441458 ], [ 7.768223, 49.4441458 ], [ 7.7682229, 49.4441458 ], [ 7.7682227, 49.4441458 ], [ 7.7682226, 49.4441458 ], [ 7.7682224, 49.4441458 ], [ 7.7682223, 49.4441458 ], [ 7.7682222, 49.4441458 ], [ 7.768222, 49.4441458 ], [ 7.7682219, 49.4441458 ], [ 7.7682218, 49.4441458 ], [ 7.7682216, 49.4441458 ], [ 7.7682215, 49.4441458 ], [ 7.7682214, 49.4441458 ], [ 7.7682212, 49.4441458 ], [ 7.7682211, 49.4441458 ], [ 7.768221, 49.4441458 ], [ 7.7682208, 49.4441459 ], [ 7.7682207, 49.4441459 ], [ 7.7682206, 49.4441459 ], [ 7.7682204, 49.4441459 ], [ 7.7682203, 49.4441459 ], [ 7.7682202, 49.4441459 ], [ 7.76822, 49.444146 ], [ 7.7682199, 49.444146 ], [ 7.7682198, 49.444146 ], [ 7.7682196, 49.444146 ], [ 7.7682195, 49.4441461 ], [ 7.7682194, 49.4441461 ], [ 7.7682193, 49.4441461 ], [ 7.7682191, 49.4441462 ], [ 7.768219, 49.4441462 ], [ 7.7682189, 49.4441462 ], [ 7.7682188, 49.4441463 ], [ 7.7682186, 49.4441463 ], [ 7.7682185, 49.4441464 ], [ 7.7682184, 49.4441464 ], [ 7.7682183, 49.4441464 ], [ 7.7682182, 49.4441465 ], [ 7.768218, 49.4441465 ], [ 7.7682179, 49.4441466 ], [ 7.7682178, 49.4441466 ], [ 7.7682177, 49.4441467 ], [ 7.7682176, 49.4441467 ], [ 7.7682175, 49.4441468 ], [ 7.7682174, 49.4441468 ], [ 7.7682173, 49.4441469 ], [ 7.7682171, 49.4441469 ], [ 7.768217, 49.444147 ], [ 7.7682169, 49.444147 ], [ 7.7682168, 49.4441471 ], [ 7.7682167, 49.4441472 ], [ 7.7682166, 49.4441472 ], [ 7.7682165, 49.4441473 ], [ 7.7682164, 49.4441473 ], [ 7.7682164, 49.4441474 ], [ 7.7682163, 49.4441475 ], [ 7.7682162, 49.4441475 ], [ 7.7682161, 49.4441476 ], [ 7.768216, 49.4441477 ], [ 7.7682159, 49.4441477 ], [ 7.7682158, 49.4441478 ], [ 7.7682157, 49.4441479 ], [ 7.7682157, 49.444148 ], [ 7.7682156, 49.444148 ], [ 7.7682155, 49.4441481 ], [ 7.7682154, 49.4441482 ], [ 7.7682154, 49.4441482 ], [ 7.7682153, 49.4441483 ], [ 7.7682152, 49.4441484 ], [ 7.7682152, 49.4441485 ], [ 7.7682151, 49.4441486 ], [ 7.768215, 49.4441486 ], [ 7.768215, 49.4441487 ], [ 7.7682149, 49.4441488 ], [ 7.7682149, 49.4441489 ], [ 7.7682148, 49.444149 ], [ 7.7682148, 49.444149 ], [ 7.7682147, 49.4441491 ], [ 7.7682147, 49.4441492 ], [ 7.7682146, 49.4441493 ], [ 7.7682146, 49.4441494 ], [ 7.7682146, 49.4441495 ], [ 7.7682145, 49.4441495 ], [ 7.7682145, 49.4441496 ], [ 7.7682144, 49.4441497 ], [ 7.7682144, 49.4441498 ], [ 7.7682144, 49.4441499 ], [ 7.7682144, 49.44415 ], [ 7.7682143, 49.4441501 ], [ 7.7682143, 49.4441502 ], [ 7.7682143, 49.4441502 ], [ 7.7682143, 49.4441503 ], [ 7.7682143, 49.4441504 ], [ 7.7682143, 49.4441505 ], [ 7.7682142, 49.4441506 ], [ 7.7682142, 49.4441507 ], [ 7.7682142, 49.4441508 ], [ 7.7682142, 49.4441509 ], [ 7.7682142, 49.4441509 ], [ 7.7682142, 49.444151 ], [ 7.7682142, 49.4441511 ], [ 7.7682143, 49.4441512 ], [ 7.7682143, 49.4441513 ], [ 7.7682143, 49.4441514 ], [ 7.7682143, 49.4441515 ], [ 7.7682143, 49.4441516 ], [ 7.7682143, 49.4441516 ], [ 7.7682143, 49.4441517 ], [ 7.7682144, 49.4441518 ], [ 7.7682144, 49.4441519 ], [ 7.7682144, 49.444152 ], [ 7.7682145, 49.4441521 ], [ 7.7682145, 49.4441522 ], [ 7.7682145, 49.4441523 ], [ 7.7682146, 49.4441523 ], [ 7.7682146, 49.4441524 ], [ 7.7682146, 49.4441525 ], [ 7.7682147, 49.4441526 ], [ 7.7682147, 49.4441527 ], [ 7.7682148, 49.4441528 ], [ 7.7682148, 49.4441528 ], [ 7.7682149, 49.4441529 ], [ 7.7682149, 49.444153 ], [ 7.768215, 49.4441531 ], [ 7.7682151, 49.4441532 ], [ 7.7682151, 49.4441532 ], [ 7.7682152, 49.4441533 ], [ 7.7682152, 49.4441534 ], [ 7.7682153, 49.4441535 ], [ 7.7682154, 49.4441535 ], [ 7.7682155, 49.4441536 ], [ 7.7682155, 49.4441537 ], [ 7.7682156, 49.4441538 ], [ 7.7682157, 49.4441538 ], [ 7.7682158, 49.4441539 ], [ 7.7682158, 49.444154 ], [ 7.7682159, 49.4441541 ], [ 7.768216, 49.4441541 ], [ 7.7682161, 49.4441542 ], [ 7.7682162, 49.4441543 ], [ 7.7682163, 49.4441543 ], [ 7.7682164, 49.4441544 ], [ 7.7682165, 49.4441545 ], [ 7.7682166, 49.4441545 ], [ 7.7682167, 49.4441546 ], [ 7.7682168, 49.4441546 ], [ 7.7682169, 49.4441547 ], [ 7.768217, 49.4441548 ], [ 7.7682171, 49.4441548 ], [ 7.7682172, 49.4441549 ], [ 7.7682173, 49.4441549 ], [ 7.7682174, 49.444155 ], [ 7.7682175, 49.444155 ], [ 7.7682176, 49.4441551 ], [ 7.7682177, 49.4441551 ], [ 7.7682178, 49.4441552 ], [ 7.7682179, 49.4441552 ], [ 7.7682181, 49.4441553 ], [ 7.7682182, 49.4441553 ], [ 7.7682183, 49.4441554 ], [ 7.7682184, 49.4441554 ], [ 7.7682185, 49.4441554 ], [ 7.7682186, 49.4441555 ], [ 7.7682188, 49.4441555 ], [ 7.7682189, 49.4441556 ], [ 7.768219, 49.4441556 ], [ 7.7682191, 49.4441556 ], [ 7.7682193, 49.4441557 ], [ 7.7682194, 49.4441557 ], [ 7.7682195, 49.4441557 ], [ 7.7682197, 49.4441557 ], [ 7.7682198, 49.4441558 ], [ 7.7682199, 49.4441558 ], [ 7.76822, 49.4441558 ], [ 7.7682202, 49.4441558 ], [ 7.7682203, 49.4441559 ], [ 7.7682204, 49.4441559 ], [ 7.7682206, 49.4441559 ], [ 7.7682207, 49.4441559 ], [ 7.7682208, 49.4441559 ], [ 7.768221, 49.4441559 ], [ 7.7682211, 49.444156 ], [ 7.7682212, 49.444156 ], [ 7.7682214, 49.444156 ], [ 7.7682215, 49.444156 ], [ 7.7682217, 49.444156 ], [ 7.7682218, 49.444156 ], [ 7.7682219, 49.444156 ], [ 7.7682221, 49.444156 ], [ 7.7682222, 49.444156 ], [ 7.7682223, 49.444156 ], [ 7.7682225, 49.444156 ] ], [ [ 7.7681927, 49.4441588 ], [ 7.7681929, 49.4441588 ], [ 7.7681931, 49.4441588 ], [ 7.7681933, 49.4441587 ], [ 7.7681935, 49.4441587 ], [ 7.7681937, 49.4441587 ], [ 7.7681939, 49.4441587 ], [ 7.7681941, 49.4441587 ], [ 7.7681943, 49.4441586 ], [ 7.7681945, 49.4441586 ], [ 7.7681947, 49.4441586 ], [ 7.7681949, 49.4441586 ], [ 7.7681951, 49.4441585 ], [ 7.7681953, 49.4441585 ], [ 7.7681955, 49.4441584 ], [ 7.7681957, 49.4441584 ], [ 7.7681959, 49.4441584 ], [ 7.7681961, 49.4441583 ], [ 7.7681963, 49.4441583 ], [ 7.7681965, 49.4441582 ], [ 7.7681967, 49.4441582 ], [ 7.7681969, 49.4441581 ], [ 7.7681971, 49.4441581 ], [ 7.7681972, 49.444158 ], [ 7.7681974, 49.4441579 ], [ 7.7681976, 49.4441579 ], [ 7.7681978, 49.4441578 ], [ 7.768198, 49.4441578 ], [ 7.7681981, 49.4441577 ], [ 7.7681983, 49.4441576 ], [ 7.7681985, 49.4441575 ], [ 7.7681987, 49.4441575 ], [ 7.7681988, 49.4441574 ], [ 7.768199, 49.4441573 ], [ 7.7681991, 49.4441572 ], [ 7.7681993, 49.4441572 ], [ 7.7681995, 49.4441571 ], [ 7.7681996, 49.444157 ], [ 7.7681998, 49.4441569 ], [ 7.7681999, 49.4441568 ], [ 7.7682001, 49.4441567 ], [ 7.7682002, 49.4441566 ], [ 7.7682004, 49.4441565 ], [ 7.7682005, 49.4441564 ], [ 7.7682007, 49.4441563 ], [ 7.7682008, 49.4441562 ], [ 7.7682009, 49.4441561 ], [ 7.7682011, 49.444156 ], [ 7.7682012, 49.4441559 ], [ 7.7682013, 49.4441558 ], [ 7.7682015, 49.4441557 ], [ 7.7682016, 49.4441556 ], [ 7.7682017, 49.4441555 ], [ 7.7682018, 49.4441554 ], [ 7.7682019, 49.4441553 ], [ 7.768202, 49.4441552 ], [ 7.7682021, 49.4441551 ], [ 7.7682022, 49.444155 ], [ 7.7682023, 49.4441548 ], [ 7.7682024, 49.4441547 ], [ 7.7682025, 49.4441546 ], [ 7.7682026, 49.4441545 ], [ 7.7682027, 49.4441544 ], [ 7.7682028, 49.4441542 ], [ 7.7682029, 49.4441541 ], [ 7.768203, 49.444154 ], [ 7.768203, 49.4441539 ], [ 7.7682031, 49.4441538 ], [ 7.7682032, 49.4441536 ], [ 7.7682032, 49.4441535 ], [ 7.7682033, 49.4441534 ], [ 7.7682033, 49.4441532 ], [ 7.7682034, 49.4441531 ], [ 7.7682035, 49.444153 ], [ 7.7682035, 49.4441529 ], [ 7.7682035, 49.4441527 ], [ 7.7682036, 49.4441526 ], [ 7.7682036, 49.4441525 ], [ 7.7682037, 49.4441523 ], [ 7.7682037, 49.4441522 ], [ 7.7682037, 49.4441521 ], [ 7.7682037, 49.4441519 ], [ 7.7682038, 49.4441518 ], [ 7.7682038, 49.4441517 ], [ 7.7682038, 49.4441515 ], [ 7.7682038, 49.4441514 ], [ 7.7682038, 49.4441513 ], [ 7.7682038, 49.4441511 ], [ 7.7682038, 49.444151 ], [ 7.7682038, 49.4441509 ], [ 7.7682038, 49.4441507 ], [ 7.7682038, 49.4441506 ], [ 7.7682038, 49.4441505 ], [ 7.7682037, 49.4441503 ], [ 7.7682037, 49.4441502 ], [ 7.7682037, 49.4441501 ], [ 7.7682037, 49.4441499 ], [ 7.7682036, 49.4441498 ], [ 7.7682036, 49.4441497 ], [ 7.7682035, 49.4441496 ], [ 7.7682035, 49.4441494 ], [ 7.7682034, 49.4441493 ], [ 7.7682034, 49.4441492 ], [ 7.7682033, 49.444149 ], [ 7.7682033, 49.4441489 ], [ 7.7682032, 49.4441488 ], [ 7.7682032, 49.4441487 ], [ 7.7682031, 49.4441485 ], [ 7.768203, 49.4441484 ], [ 7.7682029, 49.4441483 ], [ 7.7682029, 49.4441482 ], [ 7.7682028, 49.444148 ], [ 7.7682027, 49.4441479 ], [ 7.7682026, 49.4441478 ], [ 7.7682025, 49.4441477 ], [ 7.7682024, 49.4441476 ], [ 7.7682023, 49.4441474 ], [ 7.7682022, 49.4441473 ], [ 7.7682021, 49.4441472 ], [ 7.768202, 49.4441471 ], [ 7.7682019, 49.444147 ], [ 7.7682018, 49.4441469 ], [ 7.7682017, 49.4441468 ], [ 7.7682016, 49.4441467 ], [ 7.7682014, 49.4441465 ], [ 7.7682013, 49.4441464 ], [ 7.7682012, 49.4441463 ], [ 7.7682011, 49.4441462 ], [ 7.7682009, 49.4441461 ], [ 7.7682008, 49.444146 ], [ 7.7682006, 49.4441459 ], [ 7.7682005, 49.4441458 ], [ 7.7682004, 49.4441457 ], [ 7.7682002, 49.4441457 ], [ 7.7682001, 49.4441456 ], [ 7.7681999, 49.4441455 ], [ 7.7681998, 49.4441454 ], [ 7.7681996, 49.4441453 ], [ 7.7681995, 49.4441452 ], [ 7.7681993, 49.4441451 ], [ 7.7681991, 49.444145 ], [ 7.768199, 49.444145 ], [ 7.7681988, 49.4441449 ], [ 7.7681986, 49.4441448 ], [ 7.7681985, 49.4441447 ], [ 7.7681983, 49.4441447 ], [ 7.7681981, 49.4441446 ], [ 7.7681979, 49.4441445 ], [ 7.7681978, 49.4441445 ], [ 7.7681976, 49.4441444 ], [ 7.7681974, 49.4441443 ], [ 7.7681972, 49.4441443 ], [ 7.768197, 49.4441442 ], [ 7.7681968, 49.4441442 ], [ 7.7681967, 49.4441441 ], [ 7.7681965, 49.4441441 ], [ 7.7681963, 49.444144 ], [ 7.7681961, 49.444144 ], [ 7.7681959, 49.4441439 ], [ 7.7681957, 49.4441439 ], [ 7.7681955, 49.4441438 ], [ 7.7681953, 49.4441438 ], [ 7.7681951, 49.4441438 ], [ 7.7681949, 49.4441437 ], [ 7.7681947, 49.4441437 ], [ 7.7681945, 49.4441437 ], [ 7.7681943, 49.4441437 ], [ 7.7681941, 49.4441436 ], [ 7.7681939, 49.4441436 ], [ 7.7681937, 49.4441436 ], [ 7.7681935, 49.4441436 ], [ 7.7681933, 49.4441436 ], [ 7.7681931, 49.4441435 ], [ 7.7681929, 49.4441435 ], [ 7.7681927, 49.4441435 ], [ 7.7681925, 49.4441435 ], [ 7.7681923, 49.4441435 ], [ 7.7681921, 49.4441435 ], [ 7.7681919, 49.4441435 ], [ 7.7681917, 49.4441435 ], [ 7.7681915, 49.4441435 ], [ 7.7681913, 49.4441435 ], [ 7.7681911, 49.4441435 ], [ 7.7681909, 49.4441436 ], [ 7.7681907, 49.4441436 ], [ 7.7681905, 49.4441436 ], [ 7.7681903, 49.4441436 ], [ 7.76819, 49.4441436 ], [ 7.7681898, 49.4441437 ], [ 7.7681896, 49.4441437 ], [ 7.7681894, 49.4441437 ], [ 7.7681893, 49.4441437 ], [ 7.7681891, 49.4441438 ], [ 7.7681889, 49.4441438 ], [ 7.7681887, 49.4441439 ], [ 7.7681885, 49.4441439 ], [ 7.7681883, 49.4441439 ], [ 7.7681881, 49.444144 ], [ 7.7681879, 49.444144 ], [ 7.7681877, 49.4441441 ], [ 7.7681875, 49.4441441 ], [ 7.7681873, 49.4441442 ], [ 7.7681871, 49.4441442 ], [ 7.768187, 49.4441443 ], [ 7.7681868, 49.4441444 ], [ 7.7681866, 49.4441444 ], [ 7.7681864, 49.4441445 ], [ 7.7681862, 49.4441445 ], [ 7.7681861, 49.4441446 ], [ 7.7681859, 49.4441447 ], [ 7.7681857, 49.4441448 ], [ 7.7681855, 49.4441448 ], [ 7.7681854, 49.4441449 ], [ 7.7681852, 49.444145 ], [ 7.768185, 49.4441451 ], [ 7.7681849, 49.4441451 ], [ 7.7681847, 49.4441452 ], [ 7.7681846, 49.4441453 ], [ 7.7681844, 49.4441454 ], [ 7.7681843, 49.4441455 ], [ 7.7681841, 49.4441456 ], [ 7.768184, 49.4441457 ], [ 7.7681838, 49.4441458 ], [ 7.7681837, 49.4441459 ], [ 7.7681835, 49.4441459 ], [ 7.7681834, 49.444146 ], [ 7.7681833, 49.4441461 ], [ 7.7681831, 49.4441462 ], [ 7.768183, 49.4441464 ], [ 7.7681829, 49.4441465 ], [ 7.7681827, 49.4441466 ], [ 7.7681826, 49.4441467 ], [ 7.7681825, 49.4441468 ], [ 7.7681824, 49.4441469 ], [ 7.7681823, 49.444147 ], [ 7.7681822, 49.4441471 ], [ 7.7681821, 49.4441472 ], [ 7.768182, 49.4441473 ], [ 7.7681819, 49.4441475 ], [ 7.7681818, 49.4441476 ], [ 7.7681817, 49.4441477 ], [ 7.7681816, 49.4441478 ], [ 7.7681815, 49.4441479 ], [ 7.7681814, 49.4441481 ], [ 7.7681813, 49.4441482 ], [ 7.7681812, 49.4441483 ], [ 7.7681812, 49.4441484 ], [ 7.7681811, 49.4441485 ], [ 7.768181, 49.4441487 ], [ 7.768181, 49.4441488 ], [ 7.7681809, 49.4441489 ], [ 7.7681808, 49.4441491 ], [ 7.7681808, 49.4441492 ], [ 7.7681807, 49.4441493 ], [ 7.7681807, 49.4441494 ], [ 7.7681806, 49.4441496 ], [ 7.7681806, 49.4441497 ], [ 7.7681806, 49.4441498 ], [ 7.7681805, 49.44415 ], [ 7.7681805, 49.4441501 ], [ 7.7681805, 49.4441502 ], [ 7.7681805, 49.4441504 ], [ 7.7681804, 49.4441505 ], [ 7.7681804, 49.4441506 ], [ 7.7681804, 49.4441508 ], [ 7.7681804, 49.4441509 ], [ 7.7681804, 49.444151 ], [ 7.7681804, 49.4441512 ], [ 7.7681804, 49.4441513 ], [ 7.7681804, 49.4441514 ], [ 7.7681804, 49.4441516 ], [ 7.7681804, 49.4441517 ], [ 7.7681804, 49.4441518 ], [ 7.7681805, 49.444152 ], [ 7.7681805, 49.4441521 ], [ 7.7681805, 49.4441522 ], [ 7.7681805, 49.4441524 ], [ 7.7681806, 49.4441525 ], [ 7.7681806, 49.4441526 ], [ 7.7681806, 49.4441527 ], [ 7.7681807, 49.4441529 ], [ 7.7681807, 49.444153 ], [ 7.7681808, 49.4441531 ], [ 7.7681808, 49.4441533 ], [ 7.7681809, 49.4441534 ], [ 7.768181, 49.4441535 ], [ 7.768181, 49.4441536 ], [ 7.7681811, 49.4441538 ], [ 7.7681812, 49.4441539 ], [ 7.7681812, 49.444154 ], [ 7.7681813, 49.4441541 ], [ 7.7681814, 49.4441543 ], [ 7.7681815, 49.4441544 ], [ 7.7681816, 49.4441545 ], [ 7.7681817, 49.4441546 ], [ 7.7681818, 49.4441547 ], [ 7.7681819, 49.4441549 ], [ 7.768182, 49.444155 ], [ 7.7681821, 49.4441551 ], [ 7.7681822, 49.4441552 ], [ 7.7681823, 49.4441553 ], [ 7.7681824, 49.4441554 ], [ 7.7681825, 49.4441555 ], [ 7.7681826, 49.4441556 ], [ 7.7681828, 49.4441557 ], [ 7.7681829, 49.4441559 ], [ 7.768183, 49.444156 ], [ 7.7681831, 49.4441561 ], [ 7.7681833, 49.4441562 ], [ 7.7681834, 49.4441563 ], [ 7.7681835, 49.4441564 ], [ 7.7681837, 49.4441565 ], [ 7.7681838, 49.4441566 ], [ 7.768184, 49.4441566 ], [ 7.7681841, 49.4441567 ], [ 7.7681843, 49.4441568 ], [ 7.7681844, 49.4441569 ], [ 7.7681846, 49.444157 ], [ 7.7681847, 49.4441571 ], [ 7.7681849, 49.4441572 ], [ 7.7681851, 49.4441572 ], [ 7.7681852, 49.4441573 ], [ 7.7681854, 49.4441574 ], [ 7.7681856, 49.4441575 ], [ 7.7681857, 49.4441576 ], [ 7.7681859, 49.4441576 ], [ 7.7681861, 49.4441577 ], [ 7.7681863, 49.4441578 ], [ 7.7681864, 49.4441578 ], [ 7.7681866, 49.4441579 ], [ 7.7681868, 49.444158 ], [ 7.768187, 49.444158 ], [ 7.7681872, 49.4441581 ], [ 7.7681873, 49.4441581 ], [ 7.7681875, 49.4441582 ], [ 7.7681877, 49.4441582 ], [ 7.7681879, 49.4441583 ], [ 7.7681881, 49.4441583 ], [ 7.7681883, 49.4441584 ], [ 7.7681885, 49.4441584 ], [ 7.7681887, 49.4441584 ], [ 7.7681889, 49.4441585 ], [ 7.7681891, 49.4441585 ], [ 7.7681893, 49.4441586 ], [ 7.7681895, 49.4441586 ], [ 7.7681897, 49.4441586 ], [ 7.7681899, 49.4441586 ], [ 7.7681901, 49.4441587 ], [ 7.7681903, 49.4441587 ], [ 7.7681905, 49.4441587 ], [ 7.7681907, 49.4441587 ], [ 7.7681909, 49.4441587 ], [ 7.7681911, 49.4441588 ], [ 7.7681913, 49.4441588 ], [ 7.7681915, 49.4441588 ], [ 7.7681917, 49.4441588 ], [ 7.7681919, 49.4441588 ], [ 7.7681921, 49.4441588 ], [ 7.7681923, 49.4441588 ], [ 7.7681925, 49.4441588 ], [ 7.7681927, 49.4441588 ] ], [ [ 7.7682727, 49.4441568 ], [ 7.7682267, 49.4441842 ], [ 7.76827, 49.4442139 ], [ 7.7683148, 49.4441869 ], [ 7.7682727, 49.4441568 ] ], [ [ 7.7683609, 49.4442015 ], [ 7.7683612, 49.4442015 ], [ 7.7683614, 49.4442015 ], [ 7.7683616, 49.4442015 ], [ 7.7683618, 49.4442015 ], [ 7.768362, 49.4442015 ], [ 7.7683622, 49.4442014 ], [ 7.7683624, 49.4442014 ], [ 7.7683626, 49.4442014 ], [ 7.7683628, 49.4442014 ], [ 7.768363, 49.4442013 ], [ 7.7683632, 49.4442013 ], [ 7.7683634, 49.4442013 ], [ 7.7683636, 49.4442012 ], [ 7.7683638, 49.4442012 ], [ 7.768364, 49.4442011 ], [ 7.7683641, 49.4442011 ], [ 7.7683643, 49.4442011 ], [ 7.7683645, 49.444201 ], [ 7.7683647, 49.444201 ], [ 7.7683649, 49.4442009 ], [ 7.7683651, 49.4442009 ], [ 7.7683653, 49.4442008 ], [ 7.7683655, 49.4442007 ], [ 7.7683656, 49.4442007 ], [ 7.7683658, 49.4442006 ], [ 7.768366, 49.4442006 ], [ 7.7683662, 49.4442005 ], [ 7.7683664, 49.4442004 ], [ 7.7683665, 49.4442004 ], [ 7.7683667, 49.4442003 ], [ 7.7683669, 49.4442002 ], [ 7.768367, 49.4442001 ], [ 7.7683672, 49.4442001 ], [ 7.7683674, 49.4442 ], [ 7.7683675, 49.4441999 ], [ 7.7683677, 49.4441998 ], [ 7.7683679, 49.4441997 ], [ 7.768368, 49.4441996 ], [ 7.7683682, 49.4441996 ], [ 7.7683683, 49.4441995 ], [ 7.7683685, 49.4441994 ], [ 7.7683686, 49.4441993 ], [ 7.7683688, 49.4441992 ], [ 7.7683689, 49.4441991 ], [ 7.768369, 49.444199 ], [ 7.7683692, 49.4441989 ], [ 7.7683693, 49.4441988 ], [ 7.7683694, 49.4441987 ], [ 7.7683696, 49.4441986 ], [ 7.7683697, 49.4441985 ], [ 7.7683698, 49.4441984 ], [ 7.7683699, 49.4441983 ], [ 7.76837, 49.4441982 ], [ 7.7683701, 49.444198 ], [ 7.7683703, 49.4441979 ], [ 7.7683704, 49.4441978 ], [ 7.7683705, 49.4441977 ], [ 7.7683706, 49.4441976 ], [ 7.7683707, 49.4441975 ], [ 7.7683708, 49.4441974 ], [ 7.7683708, 49.4441972 ], [ 7.7683709, 49.4441971 ], [ 7.768371, 49.444197 ], [ 7.7683711, 49.4441969 ], [ 7.7683712, 49.4441967 ], [ 7.7683713, 49.4441966 ], [ 7.7683713, 49.4441965 ], [ 7.7683714, 49.4441964 ], [ 7.7683715, 49.4441962 ], [ 7.7683715, 49.4441961 ], [ 7.7683716, 49.444196 ], [ 7.7683716, 49.4441959 ], [ 7.7683717, 49.4441957 ], [ 7.7683717, 49.4441956 ], [ 7.7683718, 49.4441955 ], [ 7.7683718, 49.4441953 ], [ 7.7683719, 49.4441952 ], [ 7.7683719, 49.4441951 ], [ 7.7683719, 49.4441949 ], [ 7.7683719, 49.4441948 ], [ 7.768372, 49.4441947 ], [ 7.768372, 49.4441946 ], [ 7.768372, 49.4441944 ], [ 7.768372, 49.4441943 ], [ 7.768372, 49.4441942 ], [ 7.768372, 49.444194 ], [ 7.768372, 49.4441939 ], [ 7.768372, 49.4441938 ], [ 7.768372, 49.4441936 ], [ 7.768372, 49.4441935 ], [ 7.768372, 49.4441934 ], [ 7.768372, 49.4441932 ], [ 7.768372, 49.4441931 ], [ 7.7683719, 49.444193 ], [ 7.7683719, 49.4441928 ], [ 7.7683719, 49.4441927 ], [ 7.7683718, 49.4441926 ], [ 7.7683718, 49.4441924 ], [ 7.7683718, 49.4441923 ], [ 7.7683717, 49.4441922 ], [ 7.7683717, 49.444192 ], [ 7.7683716, 49.4441919 ], [ 7.7683716, 49.4441918 ], [ 7.7683715, 49.4441917 ], [ 7.7683715, 49.4441915 ], [ 7.7683714, 49.4441914 ], [ 7.7683713, 49.4441913 ], [ 7.7683712, 49.4441912 ], [ 7.7683712, 49.444191 ], [ 7.7683711, 49.4441909 ], [ 7.768371, 49.4441908 ], [ 7.7683709, 49.4441907 ], [ 7.7683708, 49.4441905 ], [ 7.7683707, 49.4441904 ], [ 7.7683707, 49.4441903 ], [ 7.7683706, 49.4441902 ], [ 7.7683705, 49.4441901 ], [ 7.7683703, 49.44419 ], [ 7.7683702, 49.4441898 ], [ 7.7683701, 49.4441897 ], [ 7.76837, 49.4441896 ], [ 7.7683699, 49.4441895 ], [ 7.7683698, 49.4441894 ], [ 7.7683697, 49.4441893 ], [ 7.7683695, 49.4441892 ], [ 7.7683694, 49.4441891 ], [ 7.7683693, 49.444189 ], [ 7.7683691, 49.4441889 ], [ 7.768369, 49.4441888 ], [ 7.7683689, 49.4441887 ], [ 7.7683687, 49.4441886 ], [ 7.7683686, 49.4441885 ], [ 7.7683684, 49.4441884 ], [ 7.7683683, 49.4441883 ], [ 7.7683681, 49.4441882 ], [ 7.768368, 49.4441881 ], [ 7.7683678, 49.444188 ], [ 7.7683677, 49.444188 ], [ 7.7683675, 49.4441879 ], [ 7.7683674, 49.4441878 ], [ 7.7683672, 49.4441877 ], [ 7.768367, 49.4441876 ], [ 7.7683669, 49.4441876 ], [ 7.7683667, 49.4441875 ], [ 7.7683665, 49.4441874 ], [ 7.7683663, 49.4441873 ], [ 7.7683662, 49.4441873 ], [ 7.768366, 49.4441872 ], [ 7.7683658, 49.4441872 ], [ 7.7683656, 49.4441871 ], [ 7.7683654, 49.444187 ], [ 7.7683653, 49.444187 ], [ 7.7683651, 49.4441869 ], [ 7.7683649, 49.4441869 ], [ 7.7683647, 49.4441868 ], [ 7.7683645, 49.4441868 ], [ 7.7683643, 49.4441867 ], [ 7.7683641, 49.4441867 ], [ 7.7683639, 49.4441866 ], [ 7.7683637, 49.4441866 ], [ 7.7683635, 49.4441866 ], [ 7.7683633, 49.4441865 ], [ 7.7683631, 49.4441865 ], [ 7.7683629, 49.4441865 ], [ 7.7683627, 49.4441864 ], [ 7.7683625, 49.4441864 ], [ 7.7683623, 49.4441864 ], [ 7.7683621, 49.4441864 ], [ 7.7683619, 49.4441863 ], [ 7.7683617, 49.4441863 ], [ 7.7683615, 49.4441863 ], [ 7.7683613, 49.4441863 ], [ 7.7683611, 49.4441863 ], [ 7.7683609, 49.4441863 ], [ 7.7683607, 49.4441863 ], [ 7.7683605, 49.4441863 ], [ 7.7683603, 49.4441863 ], [ 7.7683601, 49.4441863 ], [ 7.7683599, 49.4441863 ], [ 7.7683597, 49.4441863 ], [ 7.7683595, 49.4441863 ], [ 7.7683593, 49.4441863 ], [ 7.7683591, 49.4441863 ], [ 7.7683589, 49.4441863 ], [ 7.7683587, 49.4441863 ], [ 7.7683585, 49.4441864 ], [ 7.7683583, 49.4441864 ], [ 7.7683581, 49.4441864 ], [ 7.7683579, 49.4441864 ], [ 7.7683577, 49.4441865 ], [ 7.7683575, 49.4441865 ], [ 7.7683573, 49.4441865 ], [ 7.7683571, 49.4441866 ], [ 7.7683569, 49.4441866 ], [ 7.7683567, 49.4441866 ], [ 7.7683565, 49.4441867 ], [ 7.7683563, 49.4441867 ], [ 7.7683561, 49.4441868 ], [ 7.7683559, 49.4441868 ], [ 7.7683557, 49.4441869 ], [ 7.7683556, 49.4441869 ], [ 7.7683554, 49.444187 ], [ 7.7683552, 49.444187 ], [ 7.768355, 49.4441871 ], [ 7.7683548, 49.4441872 ], [ 7.7683546, 49.4441872 ], [ 7.7683545, 49.4441873 ], [ 7.7683543, 49.4441874 ], [ 7.7683541, 49.4441874 ], [ 7.7683539, 49.4441875 ], [ 7.7683538, 49.4441876 ], [ 7.7683536, 49.4441876 ], [ 7.7683534, 49.4441877 ], [ 7.7683533, 49.4441878 ], [ 7.7683531, 49.4441879 ], [ 7.7683529, 49.444188 ], [ 7.7683528, 49.4441881 ], [ 7.7683526, 49.4441881 ], [ 7.7683525, 49.4441882 ], [ 7.7683523, 49.4441883 ], [ 7.7683522, 49.4441884 ], [ 7.768352, 49.4441885 ], [ 7.7683519, 49.4441886 ], [ 7.7683518, 49.4441887 ], [ 7.7683516, 49.4441888 ], [ 7.7683515, 49.4441889 ], [ 7.7683513, 49.444189 ], [ 7.7683512, 49.4441891 ], [ 7.7683511, 49.4441892 ], [ 7.768351, 49.4441893 ], [ 7.7683508, 49.4441894 ], [ 7.7683507, 49.4441895 ], [ 7.7683506, 49.4441896 ], [ 7.7683505, 49.4441897 ], [ 7.7683504, 49.4441899 ], [ 7.7683503, 49.44419 ], [ 7.7683502, 49.4441901 ], [ 7.7683501, 49.4441902 ], [ 7.76835, 49.4441903 ], [ 7.7683499, 49.4441904 ], [ 7.7683498, 49.4441906 ], [ 7.7683497, 49.4441907 ], [ 7.7683496, 49.4441908 ], [ 7.7683495, 49.4441909 ], [ 7.7683495, 49.444191 ], [ 7.7683494, 49.4441912 ], [ 7.7683493, 49.4441913 ], [ 7.7683493, 49.4441914 ], [ 7.7683492, 49.4441915 ], [ 7.7683491, 49.4441917 ], [ 7.7683491, 49.4441918 ], [ 7.768349, 49.4441919 ], [ 7.768349, 49.4441921 ], [ 7.7683489, 49.4441922 ], [ 7.7683489, 49.4441923 ], [ 7.7683488, 49.4441924 ], [ 7.7683488, 49.4441926 ], [ 7.7683488, 49.4441927 ], [ 7.7683487, 49.4441928 ], [ 7.7683487, 49.444193 ], [ 7.7683487, 49.4441931 ], [ 7.7683487, 49.4441932 ], [ 7.7683486, 49.4441934 ], [ 7.7683486, 49.4441935 ], [ 7.7683486, 49.4441936 ], [ 7.7683486, 49.4441938 ], [ 7.7683486, 49.4441939 ], [ 7.7683486, 49.444194 ], [ 7.7683486, 49.4441942 ], [ 7.7683486, 49.4441943 ], [ 7.7683486, 49.4441944 ], [ 7.7683487, 49.4441946 ], [ 7.7683487, 49.4441947 ], [ 7.7683487, 49.4441948 ], [ 7.7683487, 49.444195 ], [ 7.7683488, 49.4441951 ], [ 7.7683488, 49.4441952 ], [ 7.7683488, 49.4441954 ], [ 7.7683489, 49.4441955 ], [ 7.7683489, 49.4441956 ], [ 7.768349, 49.4441957 ], [ 7.768349, 49.4441959 ], [ 7.7683491, 49.444196 ], [ 7.7683491, 49.4441961 ], [ 7.7683492, 49.4441963 ], [ 7.7683493, 49.4441964 ], [ 7.7683493, 49.4441965 ], [ 7.7683494, 49.4441966 ], [ 7.7683495, 49.4441968 ], [ 7.7683496, 49.4441969 ], [ 7.7683496, 49.444197 ], [ 7.7683497, 49.4441971 ], [ 7.7683498, 49.4441972 ], [ 7.7683499, 49.4441974 ], [ 7.76835, 49.4441975 ], [ 7.7683501, 49.4441976 ], [ 7.7683502, 49.4441977 ], [ 7.7683503, 49.4441978 ], [ 7.7683504, 49.4441979 ], [ 7.7683505, 49.4441981 ], [ 7.7683506, 49.4441982 ], [ 7.7683507, 49.4441983 ], [ 7.7683509, 49.4441984 ], [ 7.768351, 49.4441985 ], [ 7.7683511, 49.4441986 ], [ 7.7683512, 49.4441987 ], [ 7.7683514, 49.4441988 ], [ 7.7683515, 49.4441989 ], [ 7.7683516, 49.444199 ], [ 7.7683518, 49.4441991 ], [ 7.7683519, 49.4441992 ], [ 7.7683521, 49.4441993 ], [ 7.7683522, 49.4441994 ], [ 7.7683524, 49.4441995 ], [ 7.7683525, 49.4441996 ], [ 7.7683527, 49.4441997 ], [ 7.7683528, 49.4441997 ], [ 7.768353, 49.4441998 ], [ 7.7683531, 49.4441999 ], [ 7.7683533, 49.4442 ], [ 7.7683535, 49.4442001 ], [ 7.7683536, 49.4442002 ], [ 7.7683538, 49.4442002 ], [ 7.768354, 49.4442003 ], [ 7.7683541, 49.4442004 ], [ 7.7683543, 49.4442004 ], [ 7.7683545, 49.4442005 ], [ 7.7683547, 49.4442006 ], [ 7.7683548, 49.4442006 ], [ 7.768355, 49.4442007 ], [ 7.7683552, 49.4442008 ], [ 7.7683554, 49.4442008 ], [ 7.7683556, 49.4442009 ], [ 7.7683558, 49.4442009 ], [ 7.768356, 49.444201 ], [ 7.7683561, 49.444201 ], [ 7.7683563, 49.4442011 ], [ 7.7683565, 49.4442011 ], [ 7.7683567, 49.4442012 ], [ 7.7683569, 49.4442012 ], [ 7.7683571, 49.4442012 ], [ 7.7683573, 49.4442013 ], [ 7.7683575, 49.4442013 ], [ 7.7683577, 49.4442013 ], [ 7.7683579, 49.4442014 ], [ 7.7683581, 49.4442014 ], [ 7.7683583, 49.4442014 ], [ 7.7683585, 49.4442014 ], [ 7.7683587, 49.4442015 ], [ 7.7683589, 49.4442015 ], [ 7.7683591, 49.4442015 ], [ 7.7683593, 49.4442015 ], [ 7.7683595, 49.4442015 ], [ 7.7683597, 49.4442015 ], [ 7.7683599, 49.4442015 ], [ 7.7683601, 49.4442015 ], [ 7.7683603, 49.4442015 ], [ 7.7683605, 49.4442015 ], [ 7.7683607, 49.4442015 ], [ 7.7683609, 49.4442015 ] ], [ [ 7.7683184, 49.4442245 ], [ 7.7683185, 49.4442245 ], [ 7.7683187, 49.4442245 ], [ 7.7683188, 49.4442245 ], [ 7.7683189, 49.4442245 ], [ 7.7683191, 49.4442245 ], [ 7.7683192, 49.4442244 ], [ 7.7683193, 49.4442244 ], [ 7.7683195, 49.4442244 ], [ 7.7683196, 49.4442244 ], [ 7.7683197, 49.4442244 ], [ 7.7683199, 49.4442244 ], [ 7.76832, 49.4442243 ], [ 7.7683201, 49.4442243 ], [ 7.7683203, 49.4442243 ], [ 7.7683204, 49.4442243 ], [ 7.7683205, 49.4442242 ], [ 7.7683207, 49.4442242 ], [ 7.7683208, 49.4442242 ], [ 7.7683209, 49.4442241 ], [ 7.768321, 49.4442241 ], [ 7.7683212, 49.4442241 ], [ 7.7683213, 49.444224 ], [ 7.7683214, 49.444224 ], [ 7.7683215, 49.444224 ], [ 7.7683216, 49.4442239 ], [ 7.7683218, 49.4442239 ], [ 7.7683219, 49.4442238 ], [ 7.768322, 49.4442238 ], [ 7.7683221, 49.4442237 ], [ 7.7683222, 49.4442237 ], [ 7.7683223, 49.4442236 ], [ 7.7683225, 49.4442236 ], [ 7.7683226, 49.4442235 ], [ 7.7683227, 49.4442235 ], [ 7.7683228, 49.4442234 ], [ 7.7683229, 49.4442234 ], [ 7.768323, 49.4442233 ], [ 7.7683231, 49.4442233 ], [ 7.7683232, 49.4442232 ], [ 7.7683233, 49.4442231 ], [ 7.7683234, 49.4442231 ], [ 7.7683235, 49.444223 ], [ 7.7683236, 49.444223 ], [ 7.7683237, 49.4442229 ], [ 7.7683238, 49.4442228 ], [ 7.7683239, 49.4442228 ], [ 7.768324, 49.4442227 ], [ 7.768324, 49.4442226 ], [ 7.7683241, 49.4442226 ], [ 7.7683242, 49.4442225 ], [ 7.7683243, 49.4442224 ], [ 7.7683244, 49.4442223 ], [ 7.7683244, 49.4442223 ], [ 7.7683245, 49.4442222 ], [ 7.7683246, 49.4442221 ], [ 7.7683247, 49.4442221 ], [ 7.7683247, 49.444222 ], [ 7.7683248, 49.4442219 ], [ 7.7683249, 49.4442218 ], [ 7.7683249, 49.4442217 ], [ 7.768325, 49.4442217 ], [ 7.7683251, 49.4442216 ], [ 7.7683251, 49.4442215 ], [ 7.7683252, 49.4442214 ], [ 7.7683252, 49.4442213 ], [ 7.7683253, 49.4442213 ], [ 7.7683253, 49.4442212 ], [ 7.7683254, 49.4442211 ], [ 7.7683254, 49.444221 ], [ 7.7683254, 49.4442209 ], [ 7.7683255, 49.4442208 ], [ 7.7683255, 49.4442208 ], [ 7.7683256, 49.4442207 ], [ 7.7683256, 49.4442206 ], [ 7.7683256, 49.4442205 ], [ 7.7683256, 49.4442204 ], [ 7.7683257, 49.4442203 ], [ 7.7683257, 49.4442202 ], [ 7.7683257, 49.4442202 ], [ 7.7683257, 49.4442201 ], [ 7.7683258, 49.44422 ], [ 7.7683258, 49.4442199 ], [ 7.7683258, 49.4442198 ], [ 7.7683258, 49.4442197 ], [ 7.7683258, 49.4442196 ], [ 7.7683258, 49.4442195 ], [ 7.7683258, 49.4442194 ], [ 7.7683258, 49.4442194 ], [ 7.7683258, 49.4442193 ], [ 7.7683258, 49.4442192 ], [ 7.7683258, 49.4442191 ], [ 7.7683258, 49.444219 ], [ 7.7683258, 49.4442189 ], [ 7.7683258, 49.4442188 ], [ 7.7683257, 49.4442187 ], [ 7.7683257, 49.4442187 ], [ 7.7683257, 49.4442186 ], [ 7.7683257, 49.4442185 ], [ 7.7683256, 49.4442184 ], [ 7.7683256, 49.4442183 ], [ 7.7683256, 49.4442182 ], [ 7.7683256, 49.4442181 ], [ 7.7683255, 49.444218 ], [ 7.7683255, 49.444218 ], [ 7.7683254, 49.4442179 ], [ 7.7683254, 49.4442178 ], [ 7.7683254, 49.4442177 ], [ 7.7683253, 49.4442176 ], [ 7.7683253, 49.4442175 ], [ 7.7683252, 49.4442175 ], [ 7.7683252, 49.4442174 ], [ 7.7683251, 49.4442173 ], [ 7.768325, 49.4442172 ], [ 7.768325, 49.4442171 ], [ 7.7683249, 49.4442171 ], [ 7.7683249, 49.444217 ], [ 7.7683248, 49.4442169 ], [ 7.7683247, 49.4442168 ], [ 7.7683247, 49.4442168 ], [ 7.7683246, 49.4442167 ], [ 7.7683245, 49.4442166 ], [ 7.7683244, 49.4442165 ], [ 7.7683244, 49.4442165 ], [ 7.7683243, 49.4442164 ], [ 7.7683242, 49.4442163 ], [ 7.7683241, 49.4442162 ], [ 7.768324, 49.4442162 ], [ 7.7683239, 49.4442161 ], [ 7.7683239, 49.444216 ], [ 7.7683238, 49.444216 ], [ 7.7683237, 49.4442159 ], [ 7.7683236, 49.4442158 ], [ 7.7683235, 49.4442158 ], [ 7.7683234, 49.4442157 ], [ 7.7683233, 49.4442157 ], [ 7.7683232, 49.4442156 ], [ 7.7683231, 49.4442155 ], [ 7.768323, 49.4442155 ], [ 7.7683229, 49.4442154 ], [ 7.7683228, 49.4442154 ], [ 7.7683227, 49.4442153 ], [ 7.7683226, 49.4442153 ], [ 7.7683224, 49.4442152 ], [ 7.7683223, 49.4442152 ], [ 7.7683222, 49.4442151 ], [ 7.7683221, 49.4442151 ], [ 7.768322, 49.444215 ], [ 7.7683219, 49.444215 ], [ 7.7683217, 49.4442149 ], [ 7.7683216, 49.4442149 ], [ 7.7683215, 49.4442149 ], [ 7.7683214, 49.4442148 ], [ 7.7683213, 49.4442148 ], [ 7.7683211, 49.4442147 ], [ 7.768321, 49.4442147 ], [ 7.7683209, 49.4442147 ], [ 7.7683208, 49.4442146 ], [ 7.7683206, 49.4442146 ], [ 7.7683205, 49.4442146 ], [ 7.7683204, 49.4442146 ], [ 7.7683203, 49.4442145 ], [ 7.7683201, 49.4442145 ], [ 7.76832, 49.4442145 ], [ 7.7683199, 49.4442145 ], [ 7.7683197, 49.4442144 ], [ 7.7683196, 49.4442144 ], [ 7.7683195, 49.4442144 ], [ 7.7683193, 49.4442144 ], [ 7.7683192, 49.4442144 ], [ 7.7683191, 49.4442144 ], [ 7.7683189, 49.4442143 ], [ 7.7683188, 49.4442143 ], [ 7.7683187, 49.4442143 ], [ 7.7683185, 49.4442143 ], [ 7.7683184, 49.4442143 ], [ 7.7683182, 49.4442143 ], [ 7.7683181, 49.4442143 ], [ 7.768318, 49.4442143 ], [ 7.7683178, 49.4442143 ], [ 7.7683177, 49.4442143 ], [ 7.7683176, 49.4442143 ], [ 7.7683174, 49.4442143 ], [ 7.7683173, 49.4442143 ], [ 7.7683172, 49.4442143 ], [ 7.768317, 49.4442143 ], [ 7.7683169, 49.4442144 ], [ 7.7683168, 49.4442144 ], [ 7.7683166, 49.4442144 ], [ 7.7683165, 49.4442144 ], [ 7.7683164, 49.4442144 ], [ 7.7683162, 49.4442144 ], [ 7.7683161, 49.4442145 ], [ 7.768316, 49.4442145 ], [ 7.7683158, 49.4442145 ], [ 7.7683157, 49.4442145 ], [ 7.7683156, 49.4442146 ], [ 7.7683154, 49.4442146 ], [ 7.7683153, 49.4442146 ], [ 7.7683152, 49.4442146 ], [ 7.7683151, 49.4442147 ], [ 7.7683149, 49.4442147 ], [ 7.7683148, 49.4442147 ], [ 7.7683147, 49.4442148 ], [ 7.7683146, 49.4442148 ], [ 7.7683144, 49.4442149 ], [ 7.7683143, 49.4442149 ], [ 7.7683142, 49.4442149 ], [ 7.7683141, 49.444215 ], [ 7.768314, 49.444215 ], [ 7.7683139, 49.4442151 ], [ 7.7683137, 49.4442151 ], [ 7.7683136, 49.4442152 ], [ 7.7683135, 49.4442152 ], [ 7.7683134, 49.4442153 ], [ 7.7683133, 49.4442153 ], [ 7.7683132, 49.4442154 ], [ 7.7683131, 49.4442154 ], [ 7.768313, 49.4442155 ], [ 7.7683129, 49.4442156 ], [ 7.7683128, 49.4442156 ], [ 7.7683127, 49.4442157 ], [ 7.7683126, 49.4442157 ], [ 7.7683125, 49.4442158 ], [ 7.7683124, 49.4442159 ], [ 7.7683123, 49.4442159 ], [ 7.7683122, 49.444216 ], [ 7.7683121, 49.4442161 ], [ 7.768312, 49.4442161 ], [ 7.7683119, 49.4442162 ], [ 7.7683118, 49.4442163 ], [ 7.7683118, 49.4442163 ], [ 7.7683117, 49.4442164 ], [ 7.7683116, 49.4442165 ], [ 7.7683115, 49.4442165 ], [ 7.7683114, 49.4442166 ], [ 7.7683114, 49.4442167 ], [ 7.7683113, 49.4442168 ], [ 7.7683112, 49.4442168 ], [ 7.7683112, 49.4442169 ], [ 7.7683111, 49.444217 ], [ 7.768311, 49.4442171 ], [ 7.768311, 49.4442172 ], [ 7.7683109, 49.4442172 ], [ 7.7683109, 49.4442173 ], [ 7.7683108, 49.4442174 ], [ 7.7683108, 49.4442175 ], [ 7.7683107, 49.4442176 ], [ 7.7683107, 49.4442176 ], [ 7.7683106, 49.4442177 ], [ 7.7683106, 49.4442178 ], [ 7.7683105, 49.4442179 ], [ 7.7683105, 49.444218 ], [ 7.7683104, 49.4442181 ], [ 7.7683104, 49.4442181 ], [ 7.7683104, 49.4442182 ], [ 7.7683104, 49.4442183 ], [ 7.7683103, 49.4442184 ], [ 7.7683103, 49.4442185 ], [ 7.7683103, 49.4442186 ], [ 7.7683103, 49.4442187 ], [ 7.7683102, 49.4442188 ], [ 7.7683102, 49.4442188 ], [ 7.7683102, 49.4442189 ], [ 7.7683102, 49.444219 ], [ 7.7683102, 49.4442191 ], [ 7.7683102, 49.4442192 ], [ 7.7683102, 49.4442193 ], [ 7.7683102, 49.4442194 ], [ 7.7683102, 49.4442195 ], [ 7.7683102, 49.4442195 ], [ 7.7683102, 49.4442196 ], [ 7.7683102, 49.4442197 ], [ 7.7683102, 49.4442198 ], [ 7.7683102, 49.4442199 ], [ 7.7683102, 49.44422 ], [ 7.7683102, 49.4442201 ], [ 7.7683103, 49.4442202 ], [ 7.7683103, 49.4442202 ], [ 7.7683103, 49.4442203 ], [ 7.7683103, 49.4442204 ], [ 7.7683104, 49.4442205 ], [ 7.7683104, 49.4442206 ], [ 7.7683104, 49.4442207 ], [ 7.7683105, 49.4442208 ], [ 7.7683105, 49.4442209 ], [ 7.7683105, 49.4442209 ], [ 7.7683106, 49.444221 ], [ 7.7683106, 49.4442211 ], [ 7.7683107, 49.4442212 ], [ 7.7683107, 49.4442213 ], [ 7.7683108, 49.4442214 ], [ 7.7683108, 49.4442214 ], [ 7.7683109, 49.4442215 ], [ 7.7683109, 49.4442216 ], [ 7.768311, 49.4442217 ], [ 7.768311, 49.4442218 ], [ 7.7683111, 49.4442218 ], [ 7.7683112, 49.4442219 ], [ 7.7683112, 49.444222 ], [ 7.7683113, 49.4442221 ], [ 7.7683114, 49.4442221 ], [ 7.7683115, 49.4442222 ], [ 7.7683115, 49.4442223 ], [ 7.7683116, 49.4442224 ], [ 7.7683117, 49.4442224 ], [ 7.7683118, 49.4442225 ], [ 7.7683119, 49.4442226 ], [ 7.7683119, 49.4442226 ], [ 7.768312, 49.4442227 ], [ 7.7683121, 49.4442228 ], [ 7.7683122, 49.4442228 ], [ 7.7683123, 49.4442229 ], [ 7.7683124, 49.444223 ], [ 7.7683125, 49.444223 ], [ 7.7683126, 49.4442231 ], [ 7.7683127, 49.4442232 ], [ 7.7683128, 49.4442232 ], [ 7.7683129, 49.4442233 ], [ 7.768313, 49.4442233 ], [ 7.7683131, 49.4442234 ], [ 7.7683132, 49.4442234 ], [ 7.7683133, 49.4442235 ], [ 7.7683134, 49.4442235 ], [ 7.7683135, 49.4442236 ], [ 7.7683136, 49.4442236 ], [ 7.7683138, 49.4442237 ], [ 7.7683139, 49.4442237 ], [ 7.768314, 49.4442238 ], [ 7.7683141, 49.4442238 ], [ 7.7683142, 49.4442239 ], [ 7.7683143, 49.4442239 ], [ 7.7683145, 49.444224 ], [ 7.7683146, 49.444224 ], [ 7.7683147, 49.444224 ], [ 7.7683148, 49.4442241 ], [ 7.768315, 49.4442241 ], [ 7.7683151, 49.4442241 ], [ 7.7683152, 49.4442242 ], [ 7.7683153, 49.4442242 ], [ 7.7683155, 49.4442242 ], [ 7.7683156, 49.4442243 ], [ 7.7683157, 49.4442243 ], [ 7.7683159, 49.4442243 ], [ 7.768316, 49.4442243 ], [ 7.7683161, 49.4442244 ], [ 7.7683162, 49.4442244 ], [ 7.7683164, 49.4442244 ], [ 7.7683165, 49.4442244 ], [ 7.7683166, 49.4442244 ], [ 7.7683168, 49.4442244 ], [ 7.7683169, 49.4442245 ], [ 7.768317, 49.4442245 ], [ 7.7683172, 49.4442245 ], [ 7.7683173, 49.4442245 ], [ 7.7683175, 49.4442245 ], [ 7.7683176, 49.4442245 ], [ 7.7683177, 49.4442245 ], [ 7.7683179, 49.4442245 ], [ 7.768318, 49.4442245 ], [ 7.7683181, 49.4442245 ], [ 7.7683183, 49.4442245 ], [ 7.7683184, 49.4442245 ] ], [ [ 7.7683684, 49.4442241 ], [ 7.7683226, 49.4442517 ], [ 7.7683649, 49.4442815 ], [ 7.7684105, 49.4442541 ], [ 7.7683684, 49.4442241 ] ], [ [ 7.768462, 49.4442694 ], [ 7.7684622, 49.4442694 ], [ 7.7684624, 49.4442694 ], [ 7.7684626, 49.4442694 ], [ 7.7684628, 49.4442694 ], [ 7.768463, 49.4442694 ], [ 7.7684632, 49.4442694 ], [ 7.7684634, 49.4442693 ], [ 7.7684636, 49.4442693 ], [ 7.7684638, 49.4442693 ], [ 7.768464, 49.4442693 ], [ 7.7684642, 49.4442692 ], [ 7.7684644, 49.4442692 ], [ 7.7684646, 49.4442692 ], [ 7.7684648, 49.4442691 ], [ 7.768465, 49.4442691 ], [ 7.7684652, 49.444269 ], [ 7.7684654, 49.444269 ], [ 7.7684656, 49.4442689 ], [ 7.7684658, 49.4442689 ], [ 7.768466, 49.4442688 ], [ 7.7684661, 49.4442688 ], [ 7.7684663, 49.4442687 ], [ 7.7684665, 49.4442687 ], [ 7.7684667, 49.4442686 ], [ 7.7684669, 49.4442686 ], [ 7.7684671, 49.4442685 ], [ 7.7684672, 49.4442684 ], [ 7.7684674, 49.4442684 ], [ 7.7684676, 49.4442683 ], [ 7.7684678, 49.4442682 ], [ 7.7684679, 49.4442681 ], [ 7.7684681, 49.4442681 ], [ 7.7684683, 49.444268 ], [ 7.7684684, 49.4442679 ], [ 7.7684686, 49.4442678 ], [ 7.7684687, 49.4442677 ], [ 7.7684689, 49.4442677 ], [ 7.7684691, 49.4442676 ], [ 7.7684692, 49.4442675 ], [ 7.7684694, 49.4442674 ], [ 7.7684695, 49.4442673 ], [ 7.7684697, 49.4442672 ], [ 7.7684698, 49.4442671 ], [ 7.7684699, 49.444267 ], [ 7.7684701, 49.4442669 ], [ 7.7684702, 49.4442668 ], [ 7.7684703, 49.4442667 ], [ 7.7684705, 49.4442666 ], [ 7.7684706, 49.4442665 ], [ 7.7684707, 49.4442664 ], [ 7.7684708, 49.4442663 ], [ 7.768471, 49.4442662 ], [ 7.7684711, 49.4442661 ], [ 7.7684712, 49.444266 ], [ 7.7684713, 49.4442659 ], [ 7.7684714, 49.4442657 ], [ 7.7684715, 49.4442656 ], [ 7.7684716, 49.4442655 ], [ 7.7684717, 49.4442654 ], [ 7.7684718, 49.4442653 ], [ 7.7684719, 49.4442652 ], [ 7.768472, 49.444265 ], [ 7.7684721, 49.4442649 ], [ 7.7684722, 49.4442648 ], [ 7.7684722, 49.4442647 ], [ 7.7684723, 49.4442645 ], [ 7.7684724, 49.4442644 ], [ 7.7684724, 49.4442643 ], [ 7.7684725, 49.4442642 ], [ 7.7684726, 49.444264 ], [ 7.7684726, 49.4442639 ], [ 7.7684727, 49.4442638 ], [ 7.7684727, 49.4442637 ], [ 7.7684728, 49.4442635 ], [ 7.7684728, 49.4442634 ], [ 7.7684729, 49.4442633 ], [ 7.7684729, 49.4442631 ], [ 7.7684729, 49.444263 ], [ 7.768473, 49.4442629 ], [ 7.768473, 49.4442627 ], [ 7.768473, 49.4442626 ], [ 7.768473, 49.4442625 ], [ 7.768473, 49.4442623 ], [ 7.7684731, 49.4442622 ], [ 7.7684731, 49.4442621 ], [ 7.7684731, 49.4442619 ], [ 7.7684731, 49.4442618 ], [ 7.7684731, 49.4442617 ], [ 7.7684731, 49.4442615 ], [ 7.7684731, 49.4442614 ], [ 7.768473, 49.4442613 ], [ 7.768473, 49.4442611 ], [ 7.768473, 49.444261 ], [ 7.768473, 49.4442609 ], [ 7.768473, 49.4442608 ], [ 7.7684729, 49.4442606 ], [ 7.7684729, 49.4442605 ], [ 7.7684729, 49.4442604 ], [ 7.7684728, 49.4442602 ], [ 7.7684728, 49.4442601 ], [ 7.7684727, 49.44426 ], [ 7.7684727, 49.4442598 ], [ 7.7684726, 49.4442597 ], [ 7.7684726, 49.4442596 ], [ 7.7684725, 49.4442595 ], [ 7.7684724, 49.4442593 ], [ 7.7684724, 49.4442592 ], [ 7.7684723, 49.4442591 ], [ 7.7684722, 49.444259 ], [ 7.7684721, 49.4442588 ], [ 7.7684721, 49.4442587 ], [ 7.768472, 49.4442586 ], [ 7.7684719, 49.4442585 ], [ 7.7684718, 49.4442584 ], [ 7.7684717, 49.4442582 ], [ 7.7684716, 49.4442581 ], [ 7.7684715, 49.444258 ], [ 7.7684714, 49.4442579 ], [ 7.7684713, 49.4442578 ], [ 7.7684712, 49.4442577 ], [ 7.7684711, 49.4442575 ], [ 7.768471, 49.4442574 ], [ 7.7684708, 49.4442573 ], [ 7.7684707, 49.4442572 ], [ 7.7684706, 49.4442571 ], [ 7.7684705, 49.444257 ], [ 7.7684703, 49.4442569 ], [ 7.7684702, 49.4442568 ], [ 7.7684701, 49.4442567 ], [ 7.7684699, 49.4442566 ], [ 7.7684698, 49.4442565 ], [ 7.7684696, 49.4442564 ], [ 7.7684695, 49.4442563 ], [ 7.7684693, 49.4442562 ], [ 7.7684692, 49.4442561 ], [ 7.768469, 49.4442561 ], [ 7.7684689, 49.444256 ], [ 7.7684687, 49.4442559 ], [ 7.7684686, 49.4442558 ], [ 7.7684684, 49.4442557 ], [ 7.7684682, 49.4442556 ], [ 7.7684681, 49.4442556 ], [ 7.7684679, 49.4442555 ], [ 7.7684677, 49.4442554 ], [ 7.7684676, 49.4442553 ], [ 7.7684674, 49.4442553 ], [ 7.7684672, 49.4442552 ], [ 7.768467, 49.4442551 ], [ 7.7684669, 49.4442551 ], [ 7.7684667, 49.444255 ], [ 7.7684665, 49.444255 ], [ 7.7684663, 49.4442549 ], [ 7.7684661, 49.4442548 ], [ 7.7684659, 49.4442548 ], [ 7.7684657, 49.4442547 ], [ 7.7684656, 49.4442547 ], [ 7.7684654, 49.4442546 ], [ 7.7684652, 49.4442546 ], [ 7.768465, 49.4442546 ], [ 7.7684648, 49.4442545 ], [ 7.7684646, 49.4442545 ], [ 7.7684644, 49.4442544 ], [ 7.7684642, 49.4442544 ], [ 7.768464, 49.4442544 ], [ 7.7684638, 49.4442544 ], [ 7.7684636, 49.4442543 ], [ 7.7684634, 49.4442543 ], [ 7.7684632, 49.4442543 ], [ 7.768463, 49.4442543 ], [ 7.7684628, 49.4442542 ], [ 7.7684626, 49.4442542 ], [ 7.7684624, 49.4442542 ], [ 7.7684622, 49.4442542 ], [ 7.768462, 49.4442542 ], [ 7.7684618, 49.4442542 ], [ 7.7684616, 49.4442542 ], [ 7.7684614, 49.4442542 ], [ 7.7684612, 49.4442542 ], [ 7.7684609, 49.4442542 ], [ 7.7684607, 49.4442542 ], [ 7.7684605, 49.4442542 ], [ 7.7684603, 49.4442542 ], [ 7.7684601, 49.4442542 ], [ 7.7684599, 49.4442542 ], [ 7.7684597, 49.4442543 ], [ 7.7684595, 49.4442543 ], [ 7.7684593, 49.4442543 ], [ 7.7684591, 49.4442543 ], [ 7.7684589, 49.4442544 ], [ 7.7684587, 49.4442544 ], [ 7.7684585, 49.4442544 ], [ 7.7684583, 49.4442545 ], [ 7.7684581, 49.4442545 ], [ 7.7684579, 49.4442545 ], [ 7.7684577, 49.4442546 ], [ 7.7684575, 49.4442546 ], [ 7.7684574, 49.4442547 ], [ 7.7684572, 49.4442547 ], [ 7.768457, 49.4442547 ], [ 7.7684568, 49.4442548 ], [ 7.7684566, 49.4442549 ], [ 7.7684564, 49.4442549 ], [ 7.7684562, 49.444255 ], [ 7.768456, 49.444255 ], [ 7.7684559, 49.4442551 ], [ 7.7684557, 49.4442552 ], [ 7.7684555, 49.4442552 ], [ 7.7684553, 49.4442553 ], [ 7.7684552, 49.4442554 ], [ 7.768455, 49.4442554 ], [ 7.7684548, 49.4442555 ], [ 7.7684546, 49.4442556 ], [ 7.7684545, 49.4442557 ], [ 7.7684543, 49.4442557 ], [ 7.7684542, 49.4442558 ], [ 7.768454, 49.4442559 ], [ 7.7684538, 49.444256 ], [ 7.7684537, 49.4442561 ], [ 7.7684535, 49.4442562 ], [ 7.7684534, 49.4442562 ], [ 7.7684532, 49.4442563 ], [ 7.7684531, 49.4442564 ], [ 7.7684529, 49.4442565 ], [ 7.7684528, 49.4442566 ], [ 7.7684527, 49.4442567 ], [ 7.7684525, 49.4442568 ], [ 7.7684524, 49.4442569 ], [ 7.7684523, 49.444257 ], [ 7.7684521, 49.4442571 ], [ 7.768452, 49.4442572 ], [ 7.7684519, 49.4442573 ], [ 7.7684518, 49.4442575 ], [ 7.7684517, 49.4442576 ], [ 7.7684515, 49.4442577 ], [ 7.7684514, 49.4442578 ], [ 7.7684513, 49.4442579 ], [ 7.7684512, 49.444258 ], [ 7.7684511, 49.4442581 ], [ 7.768451, 49.4442582 ], [ 7.7684509, 49.4442584 ], [ 7.7684508, 49.4442585 ], [ 7.7684508, 49.4442586 ], [ 7.7684507, 49.4442587 ], [ 7.7684506, 49.4442588 ], [ 7.7684505, 49.444259 ], [ 7.7684504, 49.4442591 ], [ 7.7684504, 49.4442592 ], [ 7.7684503, 49.4442593 ], [ 7.7684502, 49.4442595 ], [ 7.7684502, 49.4442596 ], [ 7.7684501, 49.4442597 ], [ 7.7684501, 49.4442599 ], [ 7.76845, 49.44426 ], [ 7.76845, 49.4442601 ], [ 7.7684499, 49.4442602 ], [ 7.7684499, 49.4442604 ], [ 7.7684498, 49.4442605 ], [ 7.7684498, 49.4442606 ], [ 7.7684498, 49.4442608 ], [ 7.7684498, 49.4442609 ], [ 7.7684497, 49.444261 ], [ 7.7684497, 49.4442612 ], [ 7.7684497, 49.4442613 ], [ 7.7684497, 49.4442614 ], [ 7.7684497, 49.4442616 ], [ 7.7684497, 49.4442617 ], [ 7.7684497, 49.4442618 ], [ 7.7684497, 49.444262 ], [ 7.7684497, 49.4442621 ], [ 7.7684497, 49.4442622 ], [ 7.7684497, 49.4442624 ], [ 7.7684497, 49.4442625 ], [ 7.7684497, 49.4442626 ], [ 7.7684498, 49.4442628 ], [ 7.7684498, 49.4442629 ], [ 7.7684498, 49.444263 ], [ 7.7684498, 49.4442632 ], [ 7.7684499, 49.4442633 ], [ 7.7684499, 49.4442634 ], [ 7.76845, 49.4442635 ], [ 7.76845, 49.4442637 ], [ 7.7684501, 49.4442638 ], [ 7.7684501, 49.4442639 ], [ 7.7684502, 49.4442641 ], [ 7.7684502, 49.4442642 ], [ 7.7684503, 49.4442643 ], [ 7.7684504, 49.4442644 ], [ 7.7684504, 49.4442646 ], [ 7.7684505, 49.4442647 ], [ 7.7684506, 49.4442648 ], [ 7.7684507, 49.4442649 ], [ 7.7684508, 49.4442651 ], [ 7.7684509, 49.4442652 ], [ 7.7684509, 49.4442653 ], [ 7.768451, 49.4442654 ], [ 7.7684511, 49.4442655 ], [ 7.7684512, 49.4442656 ], [ 7.7684513, 49.4442658 ], [ 7.7684515, 49.4442659 ], [ 7.7684516, 49.444266 ], [ 7.7684517, 49.4442661 ], [ 7.7684518, 49.4442662 ], [ 7.7684519, 49.4442663 ], [ 7.768452, 49.4442664 ], [ 7.7684522, 49.4442665 ], [ 7.7684523, 49.4442666 ], [ 7.7684524, 49.4442667 ], [ 7.7684525, 49.4442668 ], [ 7.7684527, 49.4442669 ], [ 7.7684528, 49.444267 ], [ 7.768453, 49.4442671 ], [ 7.7684531, 49.4442672 ], [ 7.7684533, 49.4442673 ], [ 7.7684534, 49.4442674 ], [ 7.7684535, 49.4442675 ], [ 7.7684537, 49.4442676 ], [ 7.7684539, 49.4442677 ], [ 7.768454, 49.4442678 ], [ 7.7684542, 49.4442678 ], [ 7.7684543, 49.4442679 ], [ 7.7684545, 49.444268 ], [ 7.7684547, 49.4442681 ], [ 7.7684548, 49.4442682 ], [ 7.768455, 49.4442682 ], [ 7.7684552, 49.4442683 ], [ 7.7684554, 49.4442684 ], [ 7.7684555, 49.4442684 ], [ 7.7684557, 49.4442685 ], [ 7.7684559, 49.4442686 ], [ 7.7684561, 49.4442686 ], [ 7.7684563, 49.4442687 ], [ 7.7684564, 49.4442687 ], [ 7.7684566, 49.4442688 ], [ 7.7684568, 49.4442689 ], [ 7.768457, 49.4442689 ], [ 7.7684572, 49.444269 ], [ 7.7684574, 49.444269 ], [ 7.7684576, 49.444269 ], [ 7.7684578, 49.4442691 ], [ 7.768458, 49.4442691 ], [ 7.7684582, 49.4442692 ], [ 7.7684584, 49.4442692 ], [ 7.7684586, 49.4442692 ], [ 7.7684588, 49.4442693 ], [ 7.768459, 49.4442693 ], [ 7.7684592, 49.4442693 ], [ 7.7684594, 49.4442693 ], [ 7.7684596, 49.4442694 ], [ 7.7684598, 49.4442694 ], [ 7.76846, 49.4442694 ], [ 7.7684602, 49.4442694 ], [ 7.7684604, 49.4442694 ], [ 7.7684606, 49.4442694 ], [ 7.7684608, 49.4442694 ], [ 7.768461, 49.4442694 ], [ 7.7684612, 49.4442695 ], [ 7.7684614, 49.4442695 ], [ 7.7684616, 49.4442695 ], [ 7.7684618, 49.4442694 ], [ 7.768462, 49.4442694 ] ], [ [ 7.7684193, 49.4442925 ], [ 7.7684195, 49.4442925 ], [ 7.7684196, 49.4442925 ], [ 7.7684197, 49.4442924 ], [ 7.7684199, 49.4442924 ], [ 7.76842, 49.4442924 ], [ 7.7684201, 49.4442924 ], [ 7.7684203, 49.4442924 ], [ 7.7684204, 49.4442924 ], [ 7.7684205, 49.4442924 ], [ 7.7684207, 49.4442923 ], [ 7.7684208, 49.4442923 ], [ 7.7684209, 49.4442923 ], [ 7.7684211, 49.4442923 ], [ 7.7684212, 49.4442922 ], [ 7.7684213, 49.4442922 ], [ 7.7684215, 49.4442922 ], [ 7.7684216, 49.4442922 ], [ 7.7684217, 49.4442921 ], [ 7.7684218, 49.4442921 ], [ 7.768422, 49.4442921 ], [ 7.7684221, 49.444292 ], [ 7.7684222, 49.444292 ], [ 7.7684223, 49.444292 ], [ 7.7684224, 49.4442919 ], [ 7.7684226, 49.4442919 ], [ 7.7684227, 49.4442918 ], [ 7.7684228, 49.4442918 ], [ 7.7684229, 49.4442917 ], [ 7.768423, 49.4442917 ], [ 7.7684232, 49.4442917 ], [ 7.7684233, 49.4442916 ], [ 7.7684234, 49.4442916 ], [ 7.7684235, 49.4442915 ], [ 7.7684236, 49.4442915 ], [ 7.7684237, 49.4442914 ], [ 7.7684238, 49.4442913 ], [ 7.7684239, 49.4442913 ], [ 7.768424, 49.4442912 ], [ 7.7684241, 49.4442912 ], [ 7.7684242, 49.4442911 ], [ 7.7684243, 49.4442911 ], [ 7.7684244, 49.444291 ], [ 7.7684245, 49.4442909 ], [ 7.7684246, 49.4442909 ], [ 7.7684247, 49.4442908 ], [ 7.7684248, 49.4442907 ], [ 7.7684249, 49.4442907 ], [ 7.768425, 49.4442906 ], [ 7.768425, 49.4442905 ], [ 7.7684251, 49.4442905 ], [ 7.7684252, 49.4442904 ], [ 7.7684253, 49.4442903 ], [ 7.7684254, 49.4442902 ], [ 7.7684254, 49.4442902 ], [ 7.7684255, 49.4442901 ], [ 7.7684256, 49.44429 ], [ 7.7684257, 49.4442899 ], [ 7.7684257, 49.4442899 ], [ 7.7684258, 49.4442898 ], [ 7.7684259, 49.4442897 ], [ 7.7684259, 49.4442896 ], [ 7.768426, 49.4442896 ], [ 7.768426, 49.4442895 ], [ 7.7684261, 49.4442894 ], [ 7.7684261, 49.4442893 ], [ 7.7684262, 49.4442892 ], [ 7.7684262, 49.4442891 ], [ 7.7684263, 49.4442891 ], [ 7.7684263, 49.444289 ], [ 7.7684264, 49.4442889 ], [ 7.7684264, 49.4442888 ], [ 7.7684264, 49.4442887 ], [ 7.7684265, 49.4442886 ], [ 7.7684265, 49.4442886 ], [ 7.7684265, 49.4442885 ], [ 7.7684266, 49.4442884 ], [ 7.7684266, 49.4442883 ], [ 7.7684266, 49.4442882 ], [ 7.7684266, 49.4442881 ], [ 7.7684267, 49.444288 ], [ 7.7684267, 49.4442879 ], [ 7.7684267, 49.4442879 ], [ 7.7684267, 49.4442878 ], [ 7.7684267, 49.4442877 ], [ 7.7684267, 49.4442876 ], [ 7.7684267, 49.4442875 ], [ 7.7684267, 49.4442874 ], [ 7.7684267, 49.4442873 ], [ 7.7684267, 49.4442872 ], [ 7.7684267, 49.4442872 ], [ 7.7684267, 49.4442871 ], [ 7.7684267, 49.444287 ], [ 7.7684267, 49.4442869 ], [ 7.7684267, 49.4442868 ], [ 7.7684267, 49.4442867 ], [ 7.7684266, 49.4442866 ], [ 7.7684266, 49.4442865 ], [ 7.7684266, 49.4442865 ], [ 7.7684266, 49.4442864 ], [ 7.7684265, 49.4442863 ], [ 7.7684265, 49.4442862 ], [ 7.7684265, 49.4442861 ], [ 7.7684264, 49.444286 ], [ 7.7684264, 49.4442859 ], [ 7.7684264, 49.4442859 ], [ 7.7684263, 49.4442858 ], [ 7.7684263, 49.4442857 ], [ 7.7684262, 49.4442856 ], [ 7.7684262, 49.4442855 ], [ 7.7684261, 49.4442854 ], [ 7.7684261, 49.4442854 ], [ 7.768426, 49.4442853 ], [ 7.768426, 49.4442852 ], [ 7.7684259, 49.4442851 ], [ 7.7684258, 49.444285 ], [ 7.7684258, 49.444285 ], [ 7.7684257, 49.4442849 ], [ 7.7684256, 49.4442848 ], [ 7.7684256, 49.4442847 ], [ 7.7684255, 49.4442847 ], [ 7.7684254, 49.4442846 ], [ 7.7684254, 49.4442845 ], [ 7.7684253, 49.4442844 ], [ 7.7684252, 49.4442844 ], [ 7.7684251, 49.4442843 ], [ 7.768425, 49.4442842 ], [ 7.768425, 49.4442842 ], [ 7.7684249, 49.4442841 ], [ 7.7684248, 49.444284 ], [ 7.7684247, 49.444284 ], [ 7.7684246, 49.4442839 ], [ 7.7684245, 49.4442838 ], [ 7.7684244, 49.4442838 ], [ 7.7684243, 49.4442837 ], [ 7.7684242, 49.4442836 ], [ 7.7684241, 49.4442836 ], [ 7.768424, 49.4442835 ], [ 7.7684239, 49.4442835 ], [ 7.7684238, 49.4442834 ], [ 7.7684237, 49.4442834 ], [ 7.7684236, 49.4442833 ], [ 7.7684235, 49.4442833 ], [ 7.7684234, 49.4442832 ], [ 7.7684233, 49.4442832 ], [ 7.7684231, 49.4442831 ], [ 7.768423, 49.4442831 ], [ 7.7684229, 49.444283 ], [ 7.7684228, 49.444283 ], [ 7.7684227, 49.4442829 ], [ 7.7684226, 49.4442829 ], [ 7.7684224, 49.4442828 ], [ 7.7684223, 49.4442828 ], [ 7.7684222, 49.4442828 ], [ 7.7684221, 49.4442827 ], [ 7.7684219, 49.4442827 ], [ 7.7684218, 49.4442827 ], [ 7.7684217, 49.4442826 ], [ 7.7684216, 49.4442826 ], [ 7.7684214, 49.4442826 ], [ 7.7684213, 49.4442825 ], [ 7.7684212, 49.4442825 ], [ 7.768421, 49.4442825 ], [ 7.7684209, 49.4442825 ], [ 7.7684208, 49.4442824 ], [ 7.7684207, 49.4442824 ], [ 7.7684205, 49.4442824 ], [ 7.7684204, 49.4442824 ], [ 7.7684203, 49.4442824 ], [ 7.7684201, 49.4442824 ], [ 7.76842, 49.4442823 ], [ 7.7684199, 49.4442823 ], [ 7.7684197, 49.4442823 ], [ 7.7684196, 49.4442823 ], [ 7.7684194, 49.4442823 ], [ 7.7684193, 49.4442823 ], [ 7.7684192, 49.4442823 ], [ 7.768419, 49.4442823 ], [ 7.7684189, 49.4442823 ], [ 7.7684188, 49.4442823 ], [ 7.7684186, 49.4442823 ], [ 7.7684185, 49.4442823 ], [ 7.7684184, 49.4442823 ], [ 7.7684182, 49.4442823 ], [ 7.7684181, 49.4442823 ], [ 7.768418, 49.4442823 ], [ 7.7684178, 49.4442823 ], [ 7.7684177, 49.4442824 ], [ 7.7684176, 49.4442824 ], [ 7.7684174, 49.4442824 ], [ 7.7684173, 49.4442824 ], [ 7.7684172, 49.4442824 ], [ 7.768417, 49.4442824 ], [ 7.7684169, 49.4442825 ], [ 7.7684168, 49.4442825 ], [ 7.7684166, 49.4442825 ], [ 7.7684165, 49.4442825 ], [ 7.7684164, 49.4442826 ], [ 7.7684163, 49.4442826 ], [ 7.7684161, 49.4442826 ], [ 7.768416, 49.4442827 ], [ 7.7684159, 49.4442827 ], [ 7.7684158, 49.4442827 ], [ 7.7684156, 49.4442828 ], [ 7.7684155, 49.4442828 ], [ 7.7684154, 49.4442828 ], [ 7.7684153, 49.4442829 ], [ 7.7684151, 49.4442829 ], [ 7.768415, 49.444283 ], [ 7.7684149, 49.444283 ], [ 7.7684148, 49.4442831 ], [ 7.7684147, 49.4442831 ], [ 7.7684146, 49.4442832 ], [ 7.7684145, 49.4442832 ], [ 7.7684143, 49.4442833 ], [ 7.7684142, 49.4442833 ], [ 7.7684141, 49.4442834 ], [ 7.768414, 49.4442834 ], [ 7.7684139, 49.4442835 ], [ 7.7684138, 49.4442835 ], [ 7.7684137, 49.4442836 ], [ 7.7684136, 49.4442837 ], [ 7.7684135, 49.4442837 ], [ 7.7684134, 49.4442838 ], [ 7.7684133, 49.4442838 ], [ 7.7684132, 49.4442839 ], [ 7.7684131, 49.444284 ], [ 7.768413, 49.444284 ], [ 7.768413, 49.4442841 ], [ 7.7684129, 49.4442842 ], [ 7.7684128, 49.4442842 ], [ 7.7684127, 49.4442843 ], [ 7.7684126, 49.4442844 ], [ 7.7684125, 49.4442844 ], [ 7.7684125, 49.4442845 ], [ 7.7684124, 49.4442846 ], [ 7.7684123, 49.4442847 ], [ 7.7684122, 49.4442847 ], [ 7.7684122, 49.4442848 ], [ 7.7684121, 49.4442849 ], [ 7.768412, 49.444285 ], [ 7.768412, 49.444285 ], [ 7.7684119, 49.4442851 ], [ 7.7684119, 49.4442852 ], [ 7.7684118, 49.4442853 ], [ 7.7684118, 49.4442854 ], [ 7.7684117, 49.4442855 ], [ 7.7684116, 49.4442855 ], [ 7.7684116, 49.4442856 ], [ 7.7684116, 49.4442857 ], [ 7.7684115, 49.4442858 ], [ 7.7684115, 49.4442859 ], [ 7.7684114, 49.444286 ], [ 7.7684114, 49.444286 ], [ 7.7684114, 49.4442861 ], [ 7.7684113, 49.4442862 ], [ 7.7684113, 49.4442863 ], [ 7.7684113, 49.4442864 ], [ 7.7684112, 49.4442865 ], [ 7.7684112, 49.4442866 ], [ 7.7684112, 49.4442866 ], [ 7.7684112, 49.4442867 ], [ 7.7684112, 49.4442868 ], [ 7.7684111, 49.4442869 ], [ 7.7684111, 49.444287 ], [ 7.7684111, 49.4442871 ], [ 7.7684111, 49.4442872 ], [ 7.7684111, 49.4442873 ], [ 7.7684111, 49.4442873 ], [ 7.7684111, 49.4442874 ], [ 7.7684111, 49.4442875 ], [ 7.7684111, 49.4442876 ], [ 7.7684111, 49.4442877 ], [ 7.7684111, 49.4442878 ], [ 7.7684111, 49.4442879 ], [ 7.7684112, 49.444288 ], [ 7.7684112, 49.444288 ], [ 7.7684112, 49.4442881 ], [ 7.7684112, 49.4442882 ], [ 7.7684112, 49.4442883 ], [ 7.7684113, 49.4442884 ], [ 7.7684113, 49.4442885 ], [ 7.7684113, 49.4442886 ], [ 7.7684114, 49.4442887 ], [ 7.7684114, 49.4442887 ], [ 7.7684114, 49.4442888 ], [ 7.7684115, 49.4442889 ], [ 7.7684115, 49.444289 ], [ 7.7684116, 49.4442891 ], [ 7.7684116, 49.4442892 ], [ 7.7684117, 49.4442892 ], [ 7.7684117, 49.4442893 ], [ 7.7684118, 49.4442894 ], [ 7.7684118, 49.4442895 ], [ 7.7684119, 49.4442896 ], [ 7.7684119, 49.4442896 ], [ 7.768412, 49.4442897 ], [ 7.7684121, 49.4442898 ], [ 7.7684121, 49.4442899 ], [ 7.7684122, 49.44429 ], [ 7.7684123, 49.44429 ], [ 7.7684123, 49.4442901 ], [ 7.7684124, 49.4442902 ], [ 7.7684125, 49.4442903 ], [ 7.7684126, 49.4442903 ], [ 7.7684126, 49.4442904 ], [ 7.7684127, 49.4442905 ], [ 7.7684128, 49.4442905 ], [ 7.7684129, 49.4442906 ], [ 7.768413, 49.4442907 ], [ 7.7684131, 49.4442907 ], [ 7.7684131, 49.4442908 ], [ 7.7684132, 49.4442909 ], [ 7.7684133, 49.4442909 ], [ 7.7684134, 49.444291 ], [ 7.7684135, 49.4442911 ], [ 7.7684136, 49.4442911 ], [ 7.7684137, 49.4442912 ], [ 7.7684138, 49.4442912 ], [ 7.7684139, 49.4442913 ], [ 7.768414, 49.4442914 ], [ 7.7684141, 49.4442914 ], [ 7.7684142, 49.4442915 ], [ 7.7684144, 49.4442915 ], [ 7.7684145, 49.4442916 ], [ 7.7684146, 49.4442916 ], [ 7.7684147, 49.4442917 ], [ 7.7684148, 49.4442917 ], [ 7.7684149, 49.4442918 ], [ 7.768415, 49.4442918 ], [ 7.7684152, 49.4442918 ], [ 7.7684153, 49.4442919 ], [ 7.7684154, 49.4442919 ], [ 7.7684155, 49.444292 ], [ 7.7684156, 49.444292 ], [ 7.7684158, 49.444292 ], [ 7.7684159, 49.4442921 ], [ 7.768416, 49.4442921 ], [ 7.7684161, 49.4442921 ], [ 7.7684163, 49.4442922 ], [ 7.7684164, 49.4442922 ], [ 7.7684165, 49.4442922 ], [ 7.7684167, 49.4442923 ], [ 7.7684168, 49.4442923 ], [ 7.7684169, 49.4442923 ], [ 7.768417, 49.4442923 ], [ 7.7684172, 49.4442923 ], [ 7.7684173, 49.4442924 ], [ 7.7684174, 49.4442924 ], [ 7.7684176, 49.4442924 ], [ 7.7684177, 49.4442924 ], [ 7.7684178, 49.4442924 ], [ 7.768418, 49.4442924 ], [ 7.7684181, 49.4442924 ], [ 7.7684182, 49.4442925 ], [ 7.7684184, 49.4442925 ], [ 7.7684185, 49.4442925 ], [ 7.7684187, 49.4442925 ], [ 7.7684188, 49.4442925 ], [ 7.7684189, 49.4442925 ], [ 7.7684191, 49.4442925 ], [ 7.7684192, 49.4442925 ], [ 7.7684193, 49.4442925 ] ], [ [ 7.7681267, 49.4441841 ], [ 7.7684872, 49.4444366 ], [ 7.768525, 49.4444137 ], [ 7.7681648, 49.4441613 ], [ 7.7681267, 49.4441841 ] ], [ [ 7.768464, 49.4442913 ], [ 7.7684182, 49.4443187 ], [ 7.76846, 49.4443486 ], [ 7.7685062, 49.4443212 ], [ 7.768464, 49.4442913 ] ], [ [ 7.7685093, 49.4443836 ], [ 7.7685095, 49.4443836 ], [ 7.7685097, 49.4443836 ], [ 7.7685099, 49.4443836 ], [ 7.7685101, 49.4443836 ], [ 7.7685103, 49.4443836 ], [ 7.7685105, 49.4443836 ], [ 7.7685107, 49.4443835 ], [ 7.7685109, 49.4443835 ], [ 7.7685111, 49.4443835 ], [ 7.7685113, 49.4443834 ], [ 7.7685115, 49.4443834 ], [ 7.7685117, 49.4443834 ], [ 7.7685119, 49.4443833 ], [ 7.7685121, 49.4443833 ], [ 7.7685123, 49.4443833 ], [ 7.7685125, 49.4443832 ], [ 7.7685126, 49.4443832 ], [ 7.7685128, 49.4443831 ], [ 7.768513, 49.4443831 ], [ 7.7685132, 49.444383 ], [ 7.7685134, 49.444383 ], [ 7.7685136, 49.4443829 ], [ 7.7685138, 49.4443829 ], [ 7.768514, 49.4443828 ], [ 7.7685141, 49.4443827 ], [ 7.7685143, 49.4443827 ], [ 7.7685145, 49.4443826 ], [ 7.7685147, 49.4443826 ], [ 7.7685148, 49.4443825 ], [ 7.768515, 49.4443824 ], [ 7.7685152, 49.4443823 ], [ 7.7685154, 49.4443823 ], [ 7.7685155, 49.4443822 ], [ 7.7685157, 49.4443821 ], [ 7.7685158, 49.444382 ], [ 7.768516, 49.4443819 ], [ 7.7685162, 49.4443819 ], [ 7.7685163, 49.4443818 ], [ 7.7685165, 49.4443817 ], [ 7.7685166, 49.4443816 ], [ 7.7685168, 49.4443815 ], [ 7.7685169, 49.4443814 ], [ 7.7685171, 49.4443813 ], [ 7.7685172, 49.4443812 ], [ 7.7685173, 49.4443811 ], [ 7.7685175, 49.444381 ], [ 7.7685176, 49.4443809 ], [ 7.7685177, 49.4443808 ], [ 7.7685179, 49.4443807 ], [ 7.768518, 49.4443806 ], [ 7.7685181, 49.4443805 ], [ 7.7685182, 49.4443804 ], [ 7.7685183, 49.4443803 ], [ 7.7685185, 49.4443802 ], [ 7.7685186, 49.4443801 ], [ 7.7685187, 49.4443799 ], [ 7.7685188, 49.4443798 ], [ 7.7685189, 49.4443797 ], [ 7.768519, 49.4443796 ], [ 7.7685191, 49.4443795 ], [ 7.7685192, 49.4443794 ], [ 7.7685192, 49.4443792 ], [ 7.7685193, 49.4443791 ], [ 7.7685194, 49.444379 ], [ 7.7685195, 49.4443789 ], [ 7.7685196, 49.4443787 ], [ 7.7685196, 49.4443786 ], [ 7.7685197, 49.4443785 ], [ 7.7685198, 49.4443784 ], [ 7.7685198, 49.4443782 ], [ 7.7685199, 49.4443781 ], [ 7.7685199, 49.444378 ], [ 7.76852, 49.4443779 ], [ 7.76852, 49.4443777 ], [ 7.7685201, 49.4443776 ], [ 7.7685201, 49.4443775 ], [ 7.7685202, 49.4443773 ], [ 7.7685202, 49.4443772 ], [ 7.7685202, 49.4443771 ], [ 7.7685202, 49.4443769 ], [ 7.7685203, 49.4443768 ], [ 7.7685203, 49.4443767 ], [ 7.7685203, 49.4443765 ], [ 7.7685203, 49.4443764 ], [ 7.7685203, 49.4443763 ], [ 7.7685203, 49.4443761 ], [ 7.7685203, 49.444376 ], [ 7.7685203, 49.4443759 ], [ 7.7685203, 49.4443757 ], [ 7.7685203, 49.4443756 ], [ 7.7685203, 49.4443755 ], [ 7.7685203, 49.4443753 ], [ 7.7685203, 49.4443752 ], [ 7.7685202, 49.4443751 ], [ 7.7685202, 49.4443749 ], [ 7.7685202, 49.4443748 ], [ 7.7685202, 49.4443747 ], [ 7.7685201, 49.4443745 ], [ 7.7685201, 49.4443744 ], [ 7.76852, 49.4443743 ], [ 7.76852, 49.4443742 ], [ 7.7685199, 49.444374 ], [ 7.7685199, 49.4443739 ], [ 7.7685198, 49.4443738 ], [ 7.7685198, 49.4443736 ], [ 7.7685197, 49.4443735 ], [ 7.7685196, 49.4443734 ], [ 7.7685196, 49.4443733 ], [ 7.7685195, 49.4443731 ], [ 7.7685194, 49.444373 ], [ 7.7685193, 49.4443729 ], [ 7.7685192, 49.4443728 ], [ 7.7685191, 49.4443727 ], [ 7.7685191, 49.4443725 ], [ 7.768519, 49.4443724 ], [ 7.7685189, 49.4443723 ], [ 7.7685188, 49.4443722 ], [ 7.7685187, 49.4443721 ], [ 7.7685185, 49.444372 ], [ 7.7685184, 49.4443719 ], [ 7.7685183, 49.4443717 ], [ 7.7685182, 49.4443716 ], [ 7.7685181, 49.4443715 ], [ 7.768518, 49.4443714 ], [ 7.7685178, 49.4443713 ], [ 7.7685177, 49.4443712 ], [ 7.7685176, 49.4443711 ], [ 7.7685175, 49.444371 ], [ 7.7685173, 49.4443709 ], [ 7.7685172, 49.4443708 ], [ 7.768517, 49.4443707 ], [ 7.7685169, 49.4443706 ], [ 7.7685168, 49.4443705 ], [ 7.7685166, 49.4443704 ], [ 7.7685165, 49.4443703 ], [ 7.7685163, 49.4443702 ], [ 7.7685161, 49.4443702 ], [ 7.768516, 49.4443701 ], [ 7.7685158, 49.44437 ], [ 7.7685157, 49.4443699 ], [ 7.7685155, 49.4443698 ], [ 7.7685153, 49.4443698 ], [ 7.7685152, 49.4443697 ], [ 7.768515, 49.4443696 ], [ 7.7685148, 49.4443695 ], [ 7.7685146, 49.4443695 ], [ 7.7685145, 49.4443694 ], [ 7.7685143, 49.4443693 ], [ 7.7685141, 49.4443693 ], [ 7.7685139, 49.4443692 ], [ 7.7685137, 49.4443692 ], [ 7.7685136, 49.4443691 ], [ 7.7685134, 49.444369 ], [ 7.7685132, 49.444369 ], [ 7.768513, 49.4443689 ], [ 7.7685128, 49.4443689 ], [ 7.7685126, 49.4443688 ], [ 7.7685124, 49.4443688 ], [ 7.7685122, 49.4443688 ], [ 7.768512, 49.4443687 ], [ 7.7685118, 49.4443687 ], [ 7.7685116, 49.4443686 ], [ 7.7685114, 49.4443686 ], [ 7.7685112, 49.4443686 ], [ 7.7685111, 49.4443685 ], [ 7.7685109, 49.4443685 ], [ 7.7685106, 49.4443685 ], [ 7.7685104, 49.4443685 ], [ 7.7685102, 49.4443685 ], [ 7.76851, 49.4443684 ], [ 7.7685098, 49.4443684 ], [ 7.7685096, 49.4443684 ], [ 7.7685094, 49.4443684 ], [ 7.7685092, 49.4443684 ], [ 7.768509, 49.4443684 ], [ 7.7685088, 49.4443684 ], [ 7.7685086, 49.4443684 ], [ 7.7685084, 49.4443684 ], [ 7.7685082, 49.4443684 ], [ 7.768508, 49.4443684 ], [ 7.7685078, 49.4443684 ], [ 7.7685076, 49.4443684 ], [ 7.7685074, 49.4443684 ], [ 7.7685072, 49.4443684 ], [ 7.768507, 49.4443685 ], [ 7.7685068, 49.4443685 ], [ 7.7685066, 49.4443685 ], [ 7.7685064, 49.4443685 ], [ 7.7685062, 49.4443686 ], [ 7.768506, 49.4443686 ], [ 7.7685058, 49.4443686 ], [ 7.7685056, 49.4443686 ], [ 7.7685054, 49.4443687 ], [ 7.7685052, 49.4443687 ], [ 7.768505, 49.4443688 ], [ 7.7685048, 49.4443688 ], [ 7.7685046, 49.4443688 ], [ 7.7685044, 49.4443689 ], [ 7.7685042, 49.4443689 ], [ 7.768504, 49.444369 ], [ 7.7685039, 49.444369 ], [ 7.7685037, 49.4443691 ], [ 7.7685035, 49.4443692 ], [ 7.7685033, 49.4443692 ], [ 7.7685031, 49.4443693 ], [ 7.7685029, 49.4443693 ], [ 7.7685028, 49.4443694 ], [ 7.7685026, 49.4443695 ], [ 7.7685024, 49.4443695 ], [ 7.7685022, 49.4443696 ], [ 7.7685021, 49.4443697 ], [ 7.7685019, 49.4443698 ], [ 7.7685017, 49.4443698 ], [ 7.7685016, 49.4443699 ], [ 7.7685014, 49.44437 ], [ 7.7685013, 49.4443701 ], [ 7.7685011, 49.4443702 ], [ 7.7685009, 49.4443703 ], [ 7.7685008, 49.4443703 ], [ 7.7685006, 49.4443704 ], [ 7.7685005, 49.4443705 ], [ 7.7685003, 49.4443706 ], [ 7.7685002, 49.4443707 ], [ 7.7685001, 49.4443708 ], [ 7.7684999, 49.4443709 ], [ 7.7684998, 49.444371 ], [ 7.7684997, 49.4443711 ], [ 7.7684995, 49.4443712 ], [ 7.7684994, 49.4443713 ], [ 7.7684993, 49.4443714 ], [ 7.7684992, 49.4443715 ], [ 7.768499, 49.4443716 ], [ 7.7684989, 49.4443718 ], [ 7.7684988, 49.4443719 ], [ 7.7684987, 49.444372 ], [ 7.7684986, 49.4443721 ], [ 7.7684985, 49.4443722 ], [ 7.7684984, 49.4443723 ], [ 7.7684983, 49.4443724 ], [ 7.7684982, 49.4443726 ], [ 7.7684981, 49.4443727 ], [ 7.768498, 49.4443728 ], [ 7.7684979, 49.4443729 ], [ 7.7684979, 49.444373 ], [ 7.7684978, 49.4443732 ], [ 7.7684977, 49.4443733 ], [ 7.7684976, 49.4443734 ], [ 7.7684976, 49.4443735 ], [ 7.7684975, 49.4443737 ], [ 7.7684974, 49.4443738 ], [ 7.7684974, 49.4443739 ], [ 7.7684973, 49.444374 ], [ 7.7684973, 49.4443742 ], [ 7.7684972, 49.4443743 ], [ 7.7684972, 49.4443744 ], [ 7.7684971, 49.4443746 ], [ 7.7684971, 49.4443747 ], [ 7.7684971, 49.4443748 ], [ 7.768497, 49.444375 ], [ 7.768497, 49.4443751 ], [ 7.768497, 49.4443752 ], [ 7.768497, 49.4443754 ], [ 7.768497, 49.4443755 ], [ 7.7684969, 49.4443756 ], [ 7.7684969, 49.4443758 ], [ 7.7684969, 49.4443759 ], [ 7.7684969, 49.444376 ], [ 7.7684969, 49.4443762 ], [ 7.7684969, 49.4443763 ], [ 7.7684969, 49.4443764 ], [ 7.768497, 49.4443766 ], [ 7.768497, 49.4443767 ], [ 7.768497, 49.4443768 ], [ 7.768497, 49.444377 ], [ 7.768497, 49.4443771 ], [ 7.7684971, 49.4443772 ], [ 7.7684971, 49.4443773 ], [ 7.7684971, 49.4443775 ], [ 7.7684972, 49.4443776 ], [ 7.7684972, 49.4443777 ], [ 7.7684973, 49.4443779 ], [ 7.7684973, 49.444378 ], [ 7.7684974, 49.4443781 ], [ 7.7684974, 49.4443783 ], [ 7.7684975, 49.4443784 ], [ 7.7684976, 49.4443785 ], [ 7.7684976, 49.4443786 ], [ 7.7684977, 49.4443788 ], [ 7.7684978, 49.4443789 ], [ 7.7684979, 49.444379 ], [ 7.7684979, 49.4443791 ], [ 7.768498, 49.4443792 ], [ 7.7684981, 49.4443794 ], [ 7.7684982, 49.4443795 ], [ 7.7684983, 49.4443796 ], [ 7.7684984, 49.4443797 ], [ 7.7684985, 49.4443798 ], [ 7.7684986, 49.44438 ], [ 7.7684987, 49.4443801 ], [ 7.7684988, 49.4443802 ], [ 7.7684989, 49.4443803 ], [ 7.768499, 49.4443804 ], [ 7.7684992, 49.4443805 ], [ 7.7684993, 49.4443806 ], [ 7.7684994, 49.4443807 ], [ 7.7684995, 49.4443808 ], [ 7.7684997, 49.4443809 ], [ 7.7684998, 49.444381 ], [ 7.7684999, 49.4443811 ], [ 7.7685001, 49.4443812 ], [ 7.7685002, 49.4443813 ], [ 7.7685004, 49.4443814 ], [ 7.7685005, 49.4443815 ], [ 7.7685007, 49.4443816 ], [ 7.7685008, 49.4443817 ], [ 7.768501, 49.4443818 ], [ 7.7685011, 49.4443819 ], [ 7.7685013, 49.444382 ], [ 7.7685014, 49.444382 ], [ 7.7685016, 49.4443821 ], [ 7.7685018, 49.4443822 ], [ 7.7685019, 49.4443823 ], [ 7.7685021, 49.4443823 ], [ 7.7685023, 49.4443824 ], [ 7.7685024, 49.4443825 ], [ 7.7685026, 49.4443826 ], [ 7.7685028, 49.4443826 ], [ 7.768503, 49.4443827 ], [ 7.7685031, 49.4443828 ], [ 7.7685033, 49.4443828 ], [ 7.7685035, 49.4443829 ], [ 7.7685037, 49.4443829 ], [ 7.7685039, 49.444383 ], [ 7.7685041, 49.444383 ], [ 7.7685043, 49.4443831 ], [ 7.7685044, 49.4443831 ], [ 7.7685046, 49.4443832 ], [ 7.7685048, 49.4443832 ], [ 7.768505, 49.4443833 ], [ 7.7685052, 49.4443833 ], [ 7.7685054, 49.4443834 ], [ 7.7685056, 49.4443834 ], [ 7.7685058, 49.4443834 ], [ 7.768506, 49.4443835 ], [ 7.7685062, 49.4443835 ], [ 7.7685064, 49.4443835 ], [ 7.7685066, 49.4443835 ], [ 7.7685068, 49.4443836 ], [ 7.768507, 49.4443836 ], [ 7.7685072, 49.4443836 ], [ 7.7685074, 49.4443836 ], [ 7.7685076, 49.4443836 ], [ 7.7685078, 49.4443836 ], [ 7.768508, 49.4443836 ], [ 7.7685082, 49.4443836 ], [ 7.7685084, 49.4443836 ], [ 7.7685086, 49.4443836 ], [ 7.7685088, 49.4443836 ], [ 7.7685091, 49.4443836 ], [ 7.7685093, 49.4443836 ] ], [ [ 7.7685657, 49.4441639 ], [ 7.7684995, 49.4441264 ], [ 7.7684759, 49.4441441 ], [ 7.7685415, 49.4441813 ], [ 7.7685657, 49.4441639 ] ], [ [ 7.7685668, 49.4441932 ], [ 7.7685669, 49.4441932 ], [ 7.7685669, 49.4441932 ], [ 7.768567, 49.4441932 ], [ 7.768567, 49.4441932 ], [ 7.7685671, 49.4441932 ], [ 7.7685671, 49.4441932 ], [ 7.7685671, 49.4441932 ], [ 7.7685672, 49.4441932 ], [ 7.7685672, 49.4441932 ], [ 7.7685673, 49.4441932 ], [ 7.7685673, 49.4441932 ], [ 7.7685674, 49.4441932 ], [ 7.7685674, 49.4441932 ], [ 7.7685675, 49.4441932 ], [ 7.7685675, 49.4441931 ], [ 7.7685676, 49.4441931 ], [ 7.7685676, 49.4441931 ], [ 7.7685677, 49.4441931 ], [ 7.7685677, 49.4441931 ], [ 7.7685677, 49.4441931 ], [ 7.7685678, 49.4441931 ], [ 7.7685678, 49.4441931 ], [ 7.7685679, 49.4441931 ], [ 7.7685679, 49.444193 ], [ 7.768568, 49.444193 ], [ 7.768568, 49.444193 ], [ 7.768568, 49.444193 ], [ 7.7685681, 49.444193 ], [ 7.7685681, 49.444193 ], [ 7.7685682, 49.4441929 ], [ 7.7685682, 49.4441929 ], [ 7.7685682, 49.4441929 ], [ 7.7685683, 49.4441929 ], [ 7.7685683, 49.4441929 ], [ 7.7685684, 49.4441929 ], [ 7.7685684, 49.4441928 ], [ 7.7685684, 49.4441928 ], [ 7.7685685, 49.4441928 ], [ 7.7685685, 49.4441928 ], [ 7.7685685, 49.4441928 ], [ 7.7685686, 49.4441927 ], [ 7.7685686, 49.4441927 ], [ 7.7685687, 49.4441927 ], [ 7.7685687, 49.4441927 ], [ 7.7685687, 49.4441926 ], [ 7.7685687, 49.4441926 ], [ 7.7685688, 49.4441926 ], [ 7.7685688, 49.4441926 ], [ 7.7685688, 49.4441925 ], [ 7.7685689, 49.4441925 ], [ 7.7685689, 49.4441925 ], [ 7.7685689, 49.4441925 ], [ 7.768569, 49.4441924 ], [ 7.768569, 49.4441924 ], [ 7.768569, 49.4441924 ], [ 7.768569, 49.4441924 ], [ 7.7685691, 49.4441923 ], [ 7.7685691, 49.4441923 ], [ 7.7685691, 49.4441923 ], [ 7.7685691, 49.4441923 ], [ 7.7685691, 49.4441922 ], [ 7.7685692, 49.4441922 ], [ 7.7685692, 49.4441922 ], [ 7.7685692, 49.4441921 ], [ 7.7685692, 49.4441921 ], [ 7.7685692, 49.4441921 ], [ 7.7685693, 49.4441921 ], [ 7.7685693, 49.444192 ], [ 7.7685693, 49.444192 ], [ 7.7685693, 49.444192 ], [ 7.7685693, 49.4441919 ], [ 7.7685693, 49.4441919 ], [ 7.7685693, 49.4441919 ], [ 7.7685694, 49.4441918 ], [ 7.7685694, 49.4441918 ], [ 7.7685694, 49.4441918 ], [ 7.7685694, 49.4441918 ], [ 7.7685694, 49.4441917 ], [ 7.7685694, 49.4441917 ], [ 7.7685694, 49.4441917 ], [ 7.7685694, 49.4441916 ], [ 7.7685694, 49.4441916 ], [ 7.7685694, 49.4441916 ], [ 7.7685694, 49.4441915 ], [ 7.7685694, 49.4441915 ], [ 7.7685694, 49.4441915 ], [ 7.7685694, 49.4441914 ], [ 7.7685694, 49.4441914 ], [ 7.7685694, 49.4441914 ], [ 7.7685694, 49.4441913 ], [ 7.7685694, 49.4441913 ], [ 7.7685694, 49.4441913 ], [ 7.7685694, 49.4441913 ], [ 7.7685694, 49.4441912 ], [ 7.7685694, 49.4441912 ], [ 7.7685694, 49.4441912 ], [ 7.7685694, 49.4441911 ], [ 7.7685694, 49.4441911 ], [ 7.7685694, 49.4441911 ], [ 7.7685694, 49.444191 ], [ 7.7685693, 49.444191 ], [ 7.7685693, 49.444191 ], [ 7.7685693, 49.4441909 ], [ 7.7685693, 49.4441909 ], [ 7.7685693, 49.4441909 ], [ 7.7685693, 49.4441909 ], [ 7.7685693, 49.4441908 ], [ 7.7685692, 49.4441908 ], [ 7.7685692, 49.4441908 ], [ 7.7685692, 49.4441907 ], [ 7.7685692, 49.4441907 ], [ 7.7685692, 49.4441907 ], [ 7.7685691, 49.4441907 ], [ 7.7685691, 49.4441906 ], [ 7.7685691, 49.4441906 ], [ 7.7685691, 49.4441906 ], [ 7.7685691, 49.4441905 ], [ 7.768569, 49.4441905 ], [ 7.768569, 49.4441905 ], [ 7.768569, 49.4441905 ], [ 7.7685689, 49.4441904 ], [ 7.7685689, 49.4441904 ], [ 7.7685689, 49.4441904 ], [ 7.7685689, 49.4441904 ], [ 7.7685688, 49.4441903 ], [ 7.7685688, 49.4441903 ], [ 7.7685688, 49.4441903 ], [ 7.7685687, 49.4441903 ], [ 7.7685687, 49.4441902 ], [ 7.7685687, 49.4441902 ], [ 7.7685686, 49.4441902 ], [ 7.7685686, 49.4441902 ], [ 7.7685686, 49.4441901 ], [ 7.7685685, 49.4441901 ], [ 7.7685685, 49.4441901 ], [ 7.7685685, 49.4441901 ], [ 7.7685684, 49.4441901 ], [ 7.7685684, 49.44419 ], [ 7.7685684, 49.44419 ], [ 7.7685683, 49.44419 ], [ 7.7685683, 49.44419 ], [ 7.7685682, 49.44419 ], [ 7.7685682, 49.4441899 ], [ 7.7685682, 49.4441899 ], [ 7.7685681, 49.4441899 ], [ 7.7685681, 49.4441899 ], [ 7.768568, 49.4441899 ], [ 7.768568, 49.4441899 ], [ 7.768568, 49.4441899 ], [ 7.7685679, 49.4441898 ], [ 7.7685679, 49.4441898 ], [ 7.7685678, 49.4441898 ], [ 7.7685678, 49.4441898 ], [ 7.7685677, 49.4441898 ], [ 7.7685677, 49.4441898 ], [ 7.7685677, 49.4441898 ], [ 7.7685676, 49.4441898 ], [ 7.7685676, 49.4441897 ], [ 7.7685675, 49.4441897 ], [ 7.7685675, 49.4441897 ], [ 7.7685674, 49.4441897 ], [ 7.7685674, 49.4441897 ], [ 7.7685673, 49.4441897 ], [ 7.7685673, 49.4441897 ], [ 7.7685672, 49.4441897 ], [ 7.7685672, 49.4441897 ], [ 7.7685671, 49.4441897 ], [ 7.7685671, 49.4441897 ], [ 7.768567, 49.4441897 ], [ 7.768567, 49.4441897 ], [ 7.768567, 49.4441897 ], [ 7.7685669, 49.4441896 ], [ 7.7685669, 49.4441896 ], [ 7.7685668, 49.4441896 ], [ 7.7685668, 49.4441896 ], [ 7.7685667, 49.4441896 ], [ 7.7685667, 49.4441896 ], [ 7.7685666, 49.4441896 ], [ 7.7685666, 49.4441896 ], [ 7.7685665, 49.4441896 ], [ 7.7685665, 49.4441896 ], [ 7.7685664, 49.4441896 ], [ 7.7685664, 49.4441897 ], [ 7.7685663, 49.4441897 ], [ 7.7685663, 49.4441897 ], [ 7.7685662, 49.4441897 ], [ 7.7685662, 49.4441897 ], [ 7.7685661, 49.4441897 ], [ 7.7685661, 49.4441897 ], [ 7.768566, 49.4441897 ], [ 7.768566, 49.4441897 ], [ 7.7685659, 49.4441897 ], [ 7.7685659, 49.4441897 ], [ 7.7685659, 49.4441897 ], [ 7.7685658, 49.4441897 ], [ 7.7685658, 49.4441897 ], [ 7.7685657, 49.4441898 ], [ 7.7685657, 49.4441898 ], [ 7.7685656, 49.4441898 ], [ 7.7685656, 49.4441898 ], [ 7.7685655, 49.4441898 ], [ 7.7685655, 49.4441898 ], [ 7.7685655, 49.4441898 ], [ 7.7685654, 49.4441898 ], [ 7.7685654, 49.4441899 ], [ 7.7685653, 49.4441899 ], [ 7.7685653, 49.4441899 ], [ 7.7685652, 49.4441899 ], [ 7.7685652, 49.4441899 ], [ 7.7685652, 49.4441899 ], [ 7.7685651, 49.44419 ], [ 7.7685651, 49.44419 ], [ 7.768565, 49.44419 ], [ 7.768565, 49.44419 ], [ 7.768565, 49.44419 ], [ 7.7685649, 49.44419 ], [ 7.7685649, 49.4441901 ], [ 7.7685649, 49.4441901 ], [ 7.7685648, 49.4441901 ], [ 7.7685648, 49.4441901 ], [ 7.7685647, 49.4441901 ], [ 7.7685647, 49.4441902 ], [ 7.7685647, 49.4441902 ], [ 7.7685646, 49.4441902 ], [ 7.7685646, 49.4441902 ], [ 7.7685646, 49.4441903 ], [ 7.7685646, 49.4441903 ], [ 7.7685645, 49.4441903 ], [ 7.7685645, 49.4441903 ], [ 7.7685645, 49.4441904 ], [ 7.7685644, 49.4441904 ], [ 7.7685644, 49.4441904 ], [ 7.7685644, 49.4441904 ], [ 7.7685644, 49.4441905 ], [ 7.7685643, 49.4441905 ], [ 7.7685643, 49.4441905 ], [ 7.7685643, 49.4441905 ], [ 7.7685643, 49.4441906 ], [ 7.7685642, 49.4441906 ], [ 7.7685642, 49.4441906 ], [ 7.7685642, 49.4441907 ], [ 7.7685642, 49.4441907 ], [ 7.7685641, 49.4441907 ], [ 7.7685641, 49.4441907 ], [ 7.7685641, 49.4441908 ], [ 7.7685641, 49.4441908 ], [ 7.7685641, 49.4441908 ], [ 7.7685641, 49.4441909 ], [ 7.768564, 49.4441909 ], [ 7.768564, 49.4441909 ], [ 7.768564, 49.4441909 ], [ 7.768564, 49.444191 ], [ 7.768564, 49.444191 ], [ 7.768564, 49.444191 ], [ 7.768564, 49.4441911 ], [ 7.768564, 49.4441911 ], [ 7.7685639, 49.4441911 ], [ 7.7685639, 49.4441912 ], [ 7.7685639, 49.4441912 ], [ 7.7685639, 49.4441912 ], [ 7.7685639, 49.4441913 ], [ 7.7685639, 49.4441913 ], [ 7.7685639, 49.4441913 ], [ 7.7685639, 49.4441913 ], [ 7.7685639, 49.4441914 ], [ 7.7685639, 49.4441914 ], [ 7.7685639, 49.4441914 ], [ 7.7685639, 49.4441915 ], [ 7.7685639, 49.4441915 ], [ 7.7685639, 49.4441915 ], [ 7.7685639, 49.4441916 ], [ 7.7685639, 49.4441916 ], [ 7.7685639, 49.4441916 ], [ 7.7685639, 49.4441917 ], [ 7.7685639, 49.4441917 ], [ 7.7685639, 49.4441917 ], [ 7.768564, 49.4441918 ], [ 7.768564, 49.4441918 ], [ 7.768564, 49.4441918 ], [ 7.768564, 49.4441918 ], [ 7.768564, 49.4441919 ], [ 7.768564, 49.4441919 ], [ 7.768564, 49.4441919 ], [ 7.768564, 49.444192 ], [ 7.768564, 49.444192 ], [ 7.7685641, 49.444192 ], [ 7.7685641, 49.4441921 ], [ 7.7685641, 49.4441921 ], [ 7.7685641, 49.4441921 ], [ 7.7685641, 49.4441921 ], [ 7.7685641, 49.4441922 ], [ 7.7685642, 49.4441922 ], [ 7.7685642, 49.4441922 ], [ 7.7685642, 49.4441923 ], [ 7.7685642, 49.4441923 ], [ 7.7685643, 49.4441923 ], [ 7.7685643, 49.4441923 ], [ 7.7685643, 49.4441924 ], [ 7.7685643, 49.4441924 ], [ 7.7685644, 49.4441924 ], [ 7.7685644, 49.4441924 ], [ 7.7685644, 49.4441925 ], [ 7.7685644, 49.4441925 ], [ 7.7685645, 49.4441925 ], [ 7.7685645, 49.4441925 ], [ 7.7685645, 49.4441926 ], [ 7.7685646, 49.4441926 ], [ 7.7685646, 49.4441926 ], [ 7.7685646, 49.4441926 ], [ 7.7685647, 49.4441927 ], [ 7.7685647, 49.4441927 ], [ 7.7685647, 49.4441927 ], [ 7.7685648, 49.4441927 ], [ 7.7685648, 49.4441928 ], [ 7.7685648, 49.4441928 ], [ 7.7685649, 49.4441928 ], [ 7.7685649, 49.4441928 ], [ 7.7685649, 49.4441928 ], [ 7.768565, 49.4441929 ], [ 7.768565, 49.4441929 ], [ 7.768565, 49.4441929 ], [ 7.7685651, 49.4441929 ], [ 7.7685651, 49.4441929 ], [ 7.7685652, 49.4441929 ], [ 7.7685652, 49.444193 ], [ 7.7685652, 49.444193 ], [ 7.7685653, 49.444193 ], [ 7.7685653, 49.444193 ], [ 7.7685654, 49.444193 ], [ 7.7685654, 49.444193 ], [ 7.7685655, 49.4441931 ], [ 7.7685655, 49.4441931 ], [ 7.7685655, 49.4441931 ], [ 7.7685656, 49.4441931 ], [ 7.7685656, 49.4441931 ], [ 7.7685657, 49.4441931 ], [ 7.7685657, 49.4441931 ], [ 7.7685658, 49.4441931 ], [ 7.7685658, 49.4441932 ], [ 7.7685659, 49.4441932 ], [ 7.7685659, 49.4441932 ], [ 7.768566, 49.4441932 ], [ 7.768566, 49.4441932 ], [ 7.768566, 49.4441932 ], [ 7.7685661, 49.4441932 ], [ 7.7685661, 49.4441932 ], [ 7.7685662, 49.4441932 ], [ 7.7685662, 49.4441932 ], [ 7.7685663, 49.4441932 ], [ 7.7685663, 49.4441932 ], [ 7.7685664, 49.4441932 ], [ 7.7685664, 49.4441932 ], [ 7.7685665, 49.4441932 ], [ 7.7685665, 49.4441932 ], [ 7.7685666, 49.4441932 ], [ 7.7685666, 49.4441932 ], [ 7.7685667, 49.4441932 ], [ 7.7685667, 49.4441932 ], [ 7.7685668, 49.4441932 ], [ 7.7685668, 49.4441932 ] ], [ [ 7.7686229, 49.4443135 ], [ 7.7686237, 49.4443134 ], [ 7.7686245, 49.4443134 ], [ 7.7686252, 49.4443134 ], [ 7.768626, 49.4443133 ], [ 7.7686267, 49.4443132 ], [ 7.7686275, 49.4443132 ], [ 7.7686283, 49.4443131 ], [ 7.768629, 49.444313 ], [ 7.7686298, 49.4443129 ], [ 7.7686305, 49.4443128 ], [ 7.7686313, 49.4443126 ], [ 7.768632, 49.4443125 ], [ 7.7686328, 49.4443124 ], [ 7.7686335, 49.4443122 ], [ 7.7686342, 49.4443121 ], [ 7.768635, 49.4443119 ], [ 7.7686357, 49.4443118 ], [ 7.7686364, 49.4443116 ], [ 7.7686371, 49.4443114 ], [ 7.7686379, 49.4443112 ], [ 7.7686386, 49.444311 ], [ 7.7686393, 49.4443108 ], [ 7.76864, 49.4443106 ], [ 7.7686406, 49.4443104 ], [ 7.7686413, 49.4443101 ], [ 7.768642, 49.4443099 ], [ 7.7686427, 49.4443096 ], [ 7.7686433, 49.4443094 ], [ 7.768644, 49.4443091 ], [ 7.7686446, 49.4443088 ], [ 7.7686453, 49.4443086 ], [ 7.7686459, 49.4443083 ], [ 7.7686465, 49.444308 ], [ 7.7686472, 49.4443077 ], [ 7.7686478, 49.4443074 ], [ 7.7686484, 49.4443071 ], [ 7.768649, 49.4443068 ], [ 7.7686496, 49.4443064 ], [ 7.7686501, 49.4443061 ], [ 7.7686507, 49.4443058 ], [ 7.7686513, 49.4443054 ], [ 7.7686518, 49.4443051 ], [ 7.7686524, 49.4443047 ], [ 7.7686529, 49.4443043 ], [ 7.7686534, 49.444304 ], [ 7.7686539, 49.4443036 ], [ 7.7686544, 49.4443032 ], [ 7.7686549, 49.4443028 ], [ 7.7686554, 49.4443024 ], [ 7.7686558, 49.444302 ], [ 7.7686563, 49.4443016 ], [ 7.7686568, 49.4443012 ], [ 7.7686572, 49.4443008 ], [ 7.7686576, 49.4443004 ], [ 7.768658, 49.4443 ], [ 7.7686584, 49.4442995 ], [ 7.7686588, 49.4442991 ], [ 7.7686592, 49.4442987 ], [ 7.7686596, 49.4442982 ], [ 7.7686599, 49.4442978 ], [ 7.7686603, 49.4442973 ], [ 7.7686606, 49.4442969 ], [ 7.7686609, 49.4442964 ], [ 7.7686612, 49.4442959 ], [ 7.7686615, 49.4442955 ], [ 7.7686618, 49.444295 ], [ 7.7686621, 49.4442945 ], [ 7.7686623, 49.4442941 ], [ 7.7686626, 49.4442936 ], [ 7.7686628, 49.4442931 ], [ 7.768663, 49.4442926 ], [ 7.7686632, 49.4442921 ], [ 7.7686634, 49.4442917 ], [ 7.7686636, 49.4442912 ], [ 7.7686638, 49.4442907 ], [ 7.7686639, 49.4442902 ], [ 7.768664, 49.4442897 ], [ 7.7686642, 49.4442892 ], [ 7.7686643, 49.4442887 ], [ 7.7686644, 49.4442882 ], [ 7.7686645, 49.4442877 ], [ 7.7686645, 49.4442872 ], [ 7.7686646, 49.4442867 ], [ 7.7686647, 49.4442862 ], [ 7.7686647, 49.4442857 ], [ 7.7686647, 49.4442852 ], [ 7.7686647, 49.4442847 ], [ 7.7686647, 49.4442842 ], [ 7.7686647, 49.4442837 ], [ 7.7686646, 49.4442832 ], [ 7.7686646, 49.4442827 ], [ 7.7686645, 49.4442822 ], [ 7.7686645, 49.4442817 ], [ 7.7686644, 49.4442812 ], [ 7.7686643, 49.4442807 ], [ 7.7686642, 49.4442802 ], [ 7.768664, 49.4442797 ], [ 7.7686639, 49.4442792 ], [ 7.7686637, 49.4442787 ], [ 7.7686636, 49.4442782 ], [ 7.7686634, 49.4442777 ], [ 7.7686632, 49.4442772 ], [ 7.768663, 49.4442768 ], [ 7.7686628, 49.4442763 ], [ 7.7686625, 49.4442758 ], [ 7.7686623, 49.4442753 ], [ 7.768662, 49.4442748 ], [ 7.7686618, 49.4442744 ], [ 7.7686615, 49.4442739 ], [ 7.7686612, 49.4442734 ], [ 7.7686609, 49.444273 ], [ 7.7686606, 49.4442725 ], [ 7.7686602, 49.4442721 ], [ 7.7686599, 49.4442716 ], [ 7.7686595, 49.4442712 ], [ 7.7686591, 49.4442707 ], [ 7.7686588, 49.4442703 ], [ 7.7686584, 49.4442699 ], [ 7.768658, 49.4442694 ], [ 7.7686576, 49.444269 ], [ 7.7686571, 49.4442686 ], [ 7.7686567, 49.4442682 ], [ 7.7686562, 49.4442678 ], [ 7.7686558, 49.4442674 ], [ 7.7686553, 49.444267 ], [ 7.7686548, 49.4442666 ], [ 7.7686543, 49.4442662 ], [ 7.7686538, 49.4442658 ], [ 7.7686533, 49.4442654 ], [ 7.7686528, 49.4442651 ], [ 7.7686523, 49.4442647 ], [ 7.7686517, 49.4442643 ], [ 7.7686512, 49.444264 ], [ 7.7686506, 49.4442636 ], [ 7.7686501, 49.4442633 ], [ 7.7686495, 49.444263 ], [ 7.7686489, 49.4442626 ], [ 7.7686483, 49.4442623 ], [ 7.7686477, 49.444262 ], [ 7.7686471, 49.4442617 ], [ 7.7686465, 49.4442614 ], [ 7.7686458, 49.4442611 ], [ 7.7686452, 49.4442608 ], [ 7.7686446, 49.4442606 ], [ 7.7686439, 49.4442603 ], [ 7.7686433, 49.44426 ], [ 7.7686426, 49.4442598 ], [ 7.7686419, 49.4442595 ], [ 7.7686412, 49.4442593 ], [ 7.7686406, 49.4442591 ], [ 7.7686399, 49.4442588 ], [ 7.7686392, 49.4442586 ], [ 7.7686385, 49.4442584 ], [ 7.7686378, 49.4442582 ], [ 7.768637, 49.444258 ], [ 7.7686363, 49.4442578 ], [ 7.7686356, 49.4442577 ], [ 7.7686349, 49.4442575 ], [ 7.7686342, 49.4442573 ], [ 7.7686334, 49.4442572 ], [ 7.7686327, 49.444257 ], [ 7.7686319, 49.4442569 ], [ 7.7686312, 49.4442568 ], [ 7.7686304, 49.4442567 ], [ 7.7686297, 49.4442566 ], [ 7.7686289, 49.4442565 ], [ 7.7686282, 49.4442564 ], [ 7.7686274, 49.4442563 ], [ 7.7686266, 49.4442562 ], [ 7.7686259, 49.4442561 ], [ 7.7686251, 49.4442561 ], [ 7.7686244, 49.444256 ], [ 7.7686236, 49.444256 ], [ 7.7686228, 49.444256 ], [ 7.768622, 49.4442559 ], [ 7.7686213, 49.4442559 ], [ 7.7686205, 49.4442559 ], [ 7.7686197, 49.4442559 ], [ 7.768619, 49.4442559 ], [ 7.7686182, 49.444256 ], [ 7.7686174, 49.444256 ], [ 7.7686167, 49.444256 ], [ 7.7686159, 49.4442561 ], [ 7.7686151, 49.4442561 ], [ 7.7686144, 49.4442562 ], [ 7.7686136, 49.4442563 ], [ 7.7686128, 49.4442564 ], [ 7.7686121, 49.4442565 ], [ 7.7686113, 49.4442566 ], [ 7.7686106, 49.4442567 ], [ 7.7686098, 49.4442568 ], [ 7.7686091, 49.4442569 ], [ 7.7686083, 49.4442571 ], [ 7.7686076, 49.4442572 ], [ 7.7686069, 49.4442573 ], [ 7.7686061, 49.4442575 ], [ 7.7686054, 49.4442577 ], [ 7.7686047, 49.4442579 ], [ 7.768604, 49.444258 ], [ 7.7686033, 49.4442582 ], [ 7.7686025, 49.4442584 ], [ 7.7686018, 49.4442586 ], [ 7.7686012, 49.4442589 ], [ 7.7686005, 49.4442591 ], [ 7.7685998, 49.4442593 ], [ 7.7685991, 49.4442596 ], [ 7.7685984, 49.4442598 ], [ 7.7685978, 49.4442601 ], [ 7.7685971, 49.4442603 ], [ 7.7685965, 49.4442606 ], [ 7.7685958, 49.4442609 ], [ 7.7685952, 49.4442612 ], [ 7.7685946, 49.4442614 ], [ 7.7685939, 49.4442617 ], [ 7.7685933, 49.4442621 ], [ 7.7685927, 49.4442624 ], [ 7.7685921, 49.4442627 ], [ 7.7685915, 49.444263 ], [ 7.768591, 49.4442633 ], [ 7.7685904, 49.4442637 ], [ 7.7685898, 49.444264 ], [ 7.7685893, 49.4442644 ], [ 7.7685888, 49.4442647 ], [ 7.7685882, 49.4442651 ], [ 7.7685877, 49.4442655 ], [ 7.7685872, 49.4442659 ], [ 7.7685867, 49.4442662 ], [ 7.7685862, 49.4442666 ], [ 7.7685857, 49.444267 ], [ 7.7685853, 49.4442674 ], [ 7.7685848, 49.4442678 ], [ 7.7685844, 49.4442682 ], [ 7.7685839, 49.4442686 ], [ 7.7685835, 49.4442691 ], [ 7.7685831, 49.4442695 ], [ 7.7685827, 49.4442699 ], [ 7.7685823, 49.4442704 ], [ 7.7685819, 49.4442708 ], [ 7.7685815, 49.4442712 ], [ 7.7685812, 49.4442717 ], [ 7.7685808, 49.4442721 ], [ 7.7685805, 49.4442726 ], [ 7.7685802, 49.444273 ], [ 7.7685799, 49.4442735 ], [ 7.7685796, 49.444274 ], [ 7.7685793, 49.4442744 ], [ 7.768579, 49.4442749 ], [ 7.7685788, 49.4442754 ], [ 7.7685785, 49.4442759 ], [ 7.7685783, 49.4442763 ], [ 7.7685781, 49.4442768 ], [ 7.7685779, 49.4442773 ], [ 7.7685777, 49.4442778 ], [ 7.7685775, 49.4442783 ], [ 7.7685774, 49.4442788 ], [ 7.7685772, 49.4442793 ], [ 7.7685771, 49.4442798 ], [ 7.7685769, 49.4442802 ], [ 7.7685768, 49.4442807 ], [ 7.7685767, 49.4442812 ], [ 7.7685766, 49.4442817 ], [ 7.7685766, 49.4442822 ], [ 7.7685765, 49.4442827 ], [ 7.7685765, 49.4442832 ], [ 7.7685764, 49.4442837 ], [ 7.7685764, 49.4442843 ], [ 7.7685764, 49.4442848 ], [ 7.7685764, 49.4442853 ], [ 7.7685764, 49.4442858 ], [ 7.7685765, 49.4442863 ], [ 7.7685765, 49.4442868 ], [ 7.7685766, 49.4442873 ], [ 7.7685766, 49.4442878 ], [ 7.7685767, 49.4442883 ], [ 7.7685768, 49.4442888 ], [ 7.7685769, 49.4442893 ], [ 7.7685771, 49.4442898 ], [ 7.7685772, 49.4442902 ], [ 7.7685774, 49.4442907 ], [ 7.7685775, 49.4442912 ], [ 7.7685777, 49.4442917 ], [ 7.7685779, 49.4442922 ], [ 7.7685781, 49.4442927 ], [ 7.7685783, 49.4442932 ], [ 7.7685786, 49.4442936 ], [ 7.7685788, 49.4442941 ], [ 7.7685791, 49.4442946 ], [ 7.7685793, 49.4442951 ], [ 7.7685796, 49.4442955 ], [ 7.7685799, 49.444296 ], [ 7.7685802, 49.4442965 ], [ 7.7685806, 49.4442969 ], [ 7.7685809, 49.4442974 ], [ 7.7685812, 49.4442978 ], [ 7.7685816, 49.4442983 ], [ 7.768582, 49.4442987 ], [ 7.7685823, 49.4442991 ], [ 7.7685827, 49.4442996 ], [ 7.7685831, 49.4443 ], [ 7.7685835, 49.4443004 ], [ 7.768584, 49.4443008 ], [ 7.7685844, 49.4443013 ], [ 7.7685849, 49.4443017 ], [ 7.7685853, 49.4443021 ], [ 7.7685858, 49.4443025 ], [ 7.7685863, 49.4443029 ], [ 7.7685868, 49.4443033 ], [ 7.7685873, 49.4443036 ], [ 7.7685878, 49.444304 ], [ 7.7685883, 49.4443044 ], [ 7.7685888, 49.4443047 ], [ 7.7685894, 49.4443051 ], [ 7.7685899, 49.4443055 ], [ 7.7685905, 49.4443058 ], [ 7.768591, 49.4443061 ], [ 7.7685916, 49.4443065 ], [ 7.7685922, 49.4443068 ], [ 7.7685928, 49.4443071 ], [ 7.7685934, 49.4443074 ], [ 7.768594, 49.4443077 ], [ 7.7685946, 49.444308 ], [ 7.7685953, 49.4443083 ], [ 7.7685959, 49.4443086 ], [ 7.7685965, 49.4443089 ], [ 7.7685972, 49.4443092 ], [ 7.7685979, 49.4443094 ], [ 7.7685985, 49.4443097 ], [ 7.7685992, 49.4443099 ], [ 7.7685999, 49.4443102 ], [ 7.7686006, 49.4443104 ], [ 7.7686012, 49.4443106 ], [ 7.7686019, 49.4443108 ], [ 7.7686026, 49.444311 ], [ 7.7686033, 49.4443112 ], [ 7.7686041, 49.4443114 ], [ 7.7686048, 49.4443116 ], [ 7.7686055, 49.4443118 ], [ 7.7686062, 49.444312 ], [ 7.768607, 49.4443121 ], [ 7.7686077, 49.4443123 ], [ 7.7686084, 49.4443124 ], [ 7.7686092, 49.4443125 ], [ 7.7686099, 49.4443127 ], [ 7.7686107, 49.4443128 ], [ 7.7686114, 49.4443129 ], [ 7.7686122, 49.444313 ], [ 7.7686129, 49.4443131 ], [ 7.7686137, 49.4443132 ], [ 7.7686145, 49.4443132 ], [ 7.7686152, 49.4443133 ], [ 7.768616, 49.4443134 ], [ 7.7686168, 49.4443134 ], [ 7.7686175, 49.4443134 ], [ 7.7686183, 49.4443135 ], [ 7.7686191, 49.4443135 ], [ 7.7686198, 49.4443135 ], [ 7.7686206, 49.4443135 ], [ 7.7686214, 49.4443135 ], [ 7.7686221, 49.4443135 ], [ 7.7686229, 49.4443135 ] ], [ [ 7.7685127, 49.4443593 ], [ 7.7685128, 49.4443593 ], [ 7.7685129, 49.4443593 ], [ 7.7685131, 49.4443593 ], [ 7.7685132, 49.4443593 ], [ 7.7685133, 49.4443592 ], [ 7.7685135, 49.4443592 ], [ 7.7685136, 49.4443592 ], [ 7.7685137, 49.4443592 ], [ 7.7685139, 49.4443592 ], [ 7.768514, 49.4443592 ], [ 7.7685141, 49.4443591 ], [ 7.7685143, 49.4443591 ], [ 7.7685144, 49.4443591 ], [ 7.7685145, 49.4443591 ], [ 7.7685147, 49.444359 ], [ 7.7685148, 49.444359 ], [ 7.7685149, 49.444359 ], [ 7.768515, 49.444359 ], [ 7.7685152, 49.4443589 ], [ 7.7685153, 49.4443589 ], [ 7.7685154, 49.4443589 ], [ 7.7685155, 49.4443588 ], [ 7.7685157, 49.4443588 ], [ 7.7685158, 49.4443587 ], [ 7.7685159, 49.4443587 ], [ 7.768516, 49.4443587 ], [ 7.7685161, 49.4443586 ], [ 7.7685163, 49.4443586 ], [ 7.7685164, 49.4443585 ], [ 7.7685165, 49.4443585 ], [ 7.7685166, 49.4443584 ], [ 7.7685167, 49.4443584 ], [ 7.7685168, 49.4443583 ], [ 7.7685169, 49.4443583 ], [ 7.768517, 49.4443582 ], [ 7.7685171, 49.4443582 ], [ 7.7685173, 49.4443581 ], [ 7.7685174, 49.444358 ], [ 7.7685175, 49.444358 ], [ 7.7685176, 49.4443579 ], [ 7.7685177, 49.4443579 ], [ 7.7685178, 49.4443578 ], [ 7.7685178, 49.4443577 ], [ 7.7685179, 49.4443577 ], [ 7.768518, 49.4443576 ], [ 7.7685181, 49.4443576 ], [ 7.7685182, 49.4443575 ], [ 7.7685183, 49.4443574 ], [ 7.7685184, 49.4443573 ], [ 7.7685185, 49.4443573 ], [ 7.7685185, 49.4443572 ], [ 7.7685186, 49.4443571 ], [ 7.7685187, 49.4443571 ], [ 7.7685188, 49.444357 ], [ 7.7685189, 49.4443569 ], [ 7.7685189, 49.4443568 ], [ 7.768519, 49.4443568 ], [ 7.7685191, 49.4443567 ], [ 7.7685191, 49.4443566 ], [ 7.7685192, 49.4443565 ], [ 7.7685193, 49.4443565 ], [ 7.7685193, 49.4443564 ], [ 7.7685194, 49.4443563 ], [ 7.7685194, 49.4443562 ], [ 7.7685195, 49.4443561 ], [ 7.7685195, 49.444356 ], [ 7.7685196, 49.444356 ], [ 7.7685196, 49.4443559 ], [ 7.7685197, 49.4443558 ], [ 7.7685197, 49.4443557 ], [ 7.7685197, 49.4443556 ], [ 7.7685198, 49.4443555 ], [ 7.7685198, 49.4443555 ], [ 7.7685198, 49.4443554 ], [ 7.7685199, 49.4443553 ], [ 7.7685199, 49.4443552 ], [ 7.7685199, 49.4443551 ], [ 7.76852, 49.444355 ], [ 7.76852, 49.4443549 ], [ 7.76852, 49.4443548 ], [ 7.76852, 49.4443548 ], [ 7.76852, 49.4443547 ], [ 7.76852, 49.4443546 ], [ 7.76852, 49.4443545 ], [ 7.7685201, 49.4443544 ], [ 7.7685201, 49.4443543 ], [ 7.7685201, 49.4443542 ], [ 7.7685201, 49.4443541 ], [ 7.7685201, 49.4443541 ], [ 7.7685201, 49.444354 ], [ 7.76852, 49.4443539 ], [ 7.76852, 49.4443538 ], [ 7.76852, 49.4443537 ], [ 7.76852, 49.4443536 ], [ 7.76852, 49.4443535 ], [ 7.76852, 49.4443534 ], [ 7.76852, 49.4443534 ], [ 7.7685199, 49.4443533 ], [ 7.7685199, 49.4443532 ], [ 7.7685199, 49.4443531 ], [ 7.7685198, 49.444353 ], [ 7.7685198, 49.4443529 ], [ 7.7685198, 49.4443528 ], [ 7.7685197, 49.4443527 ], [ 7.7685197, 49.4443527 ], [ 7.7685197, 49.4443526 ], [ 7.7685196, 49.4443525 ], [ 7.7685196, 49.4443524 ], [ 7.7685195, 49.4443523 ], [ 7.7685195, 49.4443522 ], [ 7.7685194, 49.4443522 ], [ 7.7685194, 49.4443521 ], [ 7.7685193, 49.444352 ], [ 7.7685192, 49.4443519 ], [ 7.7685192, 49.4443518 ], [ 7.7685191, 49.4443518 ], [ 7.7685191, 49.4443517 ], [ 7.768519, 49.4443516 ], [ 7.7685189, 49.4443515 ], [ 7.7685188, 49.4443515 ], [ 7.7685188, 49.4443514 ], [ 7.7685187, 49.4443513 ], [ 7.7685186, 49.4443512 ], [ 7.7685185, 49.4443512 ], [ 7.7685185, 49.4443511 ], [ 7.7685184, 49.444351 ], [ 7.7685183, 49.444351 ], [ 7.7685182, 49.4443509 ], [ 7.7685181, 49.4443508 ], [ 7.768518, 49.4443508 ], [ 7.7685179, 49.4443507 ], [ 7.7685178, 49.4443506 ], [ 7.7685177, 49.4443506 ], [ 7.7685176, 49.4443505 ], [ 7.7685175, 49.4443504 ], [ 7.7685174, 49.4443504 ], [ 7.7685173, 49.4443503 ], [ 7.7685172, 49.4443503 ], [ 7.7685171, 49.4443502 ], [ 7.768517, 49.4443502 ], [ 7.7685169, 49.4443501 ], [ 7.7685168, 49.4443501 ], [ 7.7685167, 49.44435 ], [ 7.7685166, 49.44435 ], [ 7.7685165, 49.4443499 ], [ 7.7685164, 49.4443499 ], [ 7.7685162, 49.4443498 ], [ 7.7685161, 49.4443498 ], [ 7.768516, 49.4443497 ], [ 7.7685159, 49.4443497 ], [ 7.7685158, 49.4443496 ], [ 7.7685156, 49.4443496 ], [ 7.7685155, 49.4443496 ], [ 7.7685154, 49.4443495 ], [ 7.7685153, 49.4443495 ], [ 7.7685151, 49.4443495 ], [ 7.768515, 49.4443494 ], [ 7.7685149, 49.4443494 ], [ 7.7685148, 49.4443494 ], [ 7.7685146, 49.4443493 ], [ 7.7685145, 49.4443493 ], [ 7.7685144, 49.4443493 ], [ 7.7685142, 49.4443493 ], [ 7.7685141, 49.4443492 ], [ 7.768514, 49.4443492 ], [ 7.7685139, 49.4443492 ], [ 7.7685137, 49.4443492 ], [ 7.7685136, 49.4443492 ], [ 7.7685135, 49.4443492 ], [ 7.7685133, 49.4443491 ], [ 7.7685132, 49.4443491 ], [ 7.768513, 49.4443491 ], [ 7.7685129, 49.4443491 ], [ 7.7685128, 49.4443491 ], [ 7.7685126, 49.4443491 ], [ 7.7685125, 49.4443491 ], [ 7.7685124, 49.4443491 ], [ 7.7685122, 49.4443491 ], [ 7.7685121, 49.4443491 ], [ 7.768512, 49.4443491 ], [ 7.7685118, 49.4443491 ], [ 7.7685117, 49.4443491 ], [ 7.7685116, 49.4443491 ], [ 7.7685114, 49.4443491 ], [ 7.7685113, 49.4443491 ], [ 7.7685112, 49.4443491 ], [ 7.768511, 49.4443492 ], [ 7.7685109, 49.4443492 ], [ 7.7685108, 49.4443492 ], [ 7.7685106, 49.4443492 ], [ 7.7685105, 49.4443492 ], [ 7.7685104, 49.4443492 ], [ 7.7685102, 49.4443493 ], [ 7.7685101, 49.4443493 ], [ 7.76851, 49.4443493 ], [ 7.7685098, 49.4443493 ], [ 7.7685097, 49.4443494 ], [ 7.7685096, 49.4443494 ], [ 7.7685095, 49.4443494 ], [ 7.7685093, 49.4443495 ], [ 7.7685092, 49.4443495 ], [ 7.7685091, 49.4443495 ], [ 7.768509, 49.4443496 ], [ 7.7685088, 49.4443496 ], [ 7.7685087, 49.4443496 ], [ 7.7685086, 49.4443497 ], [ 7.7685085, 49.4443497 ], [ 7.7685083, 49.4443498 ], [ 7.7685082, 49.4443498 ], [ 7.7685081, 49.4443499 ], [ 7.768508, 49.4443499 ], [ 7.7685079, 49.44435 ], [ 7.7685078, 49.44435 ], [ 7.7685077, 49.4443501 ], [ 7.7685076, 49.4443501 ], [ 7.7685074, 49.4443502 ], [ 7.7685073, 49.4443502 ], [ 7.7685072, 49.4443503 ], [ 7.7685071, 49.4443503 ], [ 7.768507, 49.4443504 ], [ 7.7685069, 49.4443505 ], [ 7.7685068, 49.4443505 ], [ 7.7685067, 49.4443506 ], [ 7.7685066, 49.4443506 ], [ 7.7685065, 49.4443507 ], [ 7.7685065, 49.4443508 ], [ 7.7685064, 49.4443508 ], [ 7.7685063, 49.4443509 ], [ 7.7685062, 49.444351 ], [ 7.7685061, 49.444351 ], [ 7.768506, 49.4443511 ], [ 7.7685059, 49.4443512 ], [ 7.7685059, 49.4443513 ], [ 7.7685058, 49.4443513 ], [ 7.7685057, 49.4443514 ], [ 7.7685056, 49.4443515 ], [ 7.7685056, 49.4443515 ], [ 7.7685055, 49.4443516 ], [ 7.7685054, 49.4443517 ], [ 7.7685054, 49.4443518 ], [ 7.7685053, 49.4443519 ], [ 7.7685052, 49.4443519 ], [ 7.7685052, 49.444352 ], [ 7.7685051, 49.4443521 ], [ 7.7685051, 49.4443522 ], [ 7.768505, 49.4443523 ], [ 7.768505, 49.4443523 ], [ 7.7685049, 49.4443524 ], [ 7.7685049, 49.4443525 ], [ 7.7685048, 49.4443526 ], [ 7.7685048, 49.4443527 ], [ 7.7685047, 49.4443528 ], [ 7.7685047, 49.4443528 ], [ 7.7685047, 49.4443529 ], [ 7.7685046, 49.444353 ], [ 7.7685046, 49.4443531 ], [ 7.7685046, 49.4443532 ], [ 7.7685046, 49.4443533 ], [ 7.7685045, 49.4443534 ], [ 7.7685045, 49.4443534 ], [ 7.7685045, 49.4443535 ], [ 7.7685045, 49.4443536 ], [ 7.7685045, 49.4443537 ], [ 7.7685045, 49.4443538 ], [ 7.7685044, 49.4443539 ], [ 7.7685044, 49.444354 ], [ 7.7685044, 49.4443541 ], [ 7.7685044, 49.4443542 ], [ 7.7685044, 49.4443542 ], [ 7.7685044, 49.4443543 ], [ 7.7685044, 49.4443544 ], [ 7.7685044, 49.4443545 ], [ 7.7685045, 49.4443546 ], [ 7.7685045, 49.4443547 ], [ 7.7685045, 49.4443548 ], [ 7.7685045, 49.4443549 ], [ 7.7685045, 49.4443549 ], [ 7.7685045, 49.444355 ], [ 7.7685046, 49.4443551 ], [ 7.7685046, 49.4443552 ], [ 7.7685046, 49.4443553 ], [ 7.7685046, 49.4443554 ], [ 7.7685047, 49.4443555 ], [ 7.7685047, 49.4443556 ], [ 7.7685047, 49.4443556 ], [ 7.7685048, 49.4443557 ], [ 7.7685048, 49.4443558 ], [ 7.7685049, 49.4443559 ], [ 7.7685049, 49.444356 ], [ 7.768505, 49.4443561 ], [ 7.768505, 49.4443561 ], [ 7.7685051, 49.4443562 ], [ 7.7685051, 49.4443563 ], [ 7.7685052, 49.4443564 ], [ 7.7685052, 49.4443565 ], [ 7.7685053, 49.4443565 ], [ 7.7685054, 49.4443566 ], [ 7.7685054, 49.4443567 ], [ 7.7685055, 49.4443568 ], [ 7.7685056, 49.4443568 ], [ 7.7685056, 49.4443569 ], [ 7.7685057, 49.444357 ], [ 7.7685058, 49.4443571 ], [ 7.7685059, 49.4443571 ], [ 7.7685059, 49.4443572 ], [ 7.768506, 49.4443573 ], [ 7.7685061, 49.4443574 ], [ 7.7685062, 49.4443574 ], [ 7.7685063, 49.4443575 ], [ 7.7685064, 49.4443576 ], [ 7.7685065, 49.4443576 ], [ 7.7685066, 49.4443577 ], [ 7.7685067, 49.4443578 ], [ 7.7685067, 49.4443578 ], [ 7.7685068, 49.4443579 ], [ 7.7685069, 49.4443579 ], [ 7.768507, 49.444358 ], [ 7.7685071, 49.4443581 ], [ 7.7685072, 49.4443581 ], [ 7.7685074, 49.4443582 ], [ 7.7685075, 49.4443582 ], [ 7.7685076, 49.4443583 ], [ 7.7685077, 49.4443583 ], [ 7.7685078, 49.4443584 ], [ 7.7685079, 49.4443584 ], [ 7.768508, 49.4443585 ], [ 7.7685081, 49.4443585 ], [ 7.7685082, 49.4443586 ], [ 7.7685084, 49.4443586 ], [ 7.7685085, 49.4443587 ], [ 7.7685086, 49.4443587 ], [ 7.7685087, 49.4443587 ], [ 7.7685088, 49.4443588 ], [ 7.768509, 49.4443588 ], [ 7.7685091, 49.4443589 ], [ 7.7685092, 49.4443589 ], [ 7.7685093, 49.4443589 ], [ 7.7685095, 49.444359 ], [ 7.7685096, 49.444359 ], [ 7.7685097, 49.444359 ], [ 7.7685098, 49.444359 ], [ 7.76851, 49.4443591 ], [ 7.7685101, 49.4443591 ], [ 7.7685102, 49.4443591 ], [ 7.7685104, 49.4443591 ], [ 7.7685105, 49.4443592 ], [ 7.7685106, 49.4443592 ], [ 7.7685108, 49.4443592 ], [ 7.7685109, 49.4443592 ], [ 7.768511, 49.4443592 ], [ 7.7685112, 49.4443592 ], [ 7.7685113, 49.4443593 ], [ 7.7685114, 49.4443593 ], [ 7.7685116, 49.4443593 ], [ 7.7685117, 49.4443593 ], [ 7.7685118, 49.4443593 ], [ 7.768512, 49.4443593 ], [ 7.7685121, 49.4443593 ], [ 7.7685123, 49.4443593 ], [ 7.7685124, 49.4443593 ], [ 7.7685125, 49.4443593 ], [ 7.7685127, 49.4443593 ] ], [ [ 7.7686128, 49.4443866 ], [ 7.768613, 49.4443866 ], [ 7.7686132, 49.4443866 ], [ 7.7686134, 49.4443866 ], [ 7.7686136, 49.4443866 ], [ 7.7686138, 49.4443866 ], [ 7.768614, 49.4443865 ], [ 7.7686142, 49.4443865 ], [ 7.7686144, 49.4443865 ], [ 7.7686146, 49.4443865 ], [ 7.7686148, 49.4443864 ], [ 7.768615, 49.4443864 ], [ 7.7686152, 49.4443864 ], [ 7.7686154, 49.4443863 ], [ 7.7686156, 49.4443863 ], [ 7.7686158, 49.4443863 ], [ 7.768616, 49.4443862 ], [ 7.7686162, 49.4443862 ], [ 7.7686164, 49.4443861 ], [ 7.7686165, 49.4443861 ], [ 7.7686167, 49.444386 ], [ 7.7686169, 49.444386 ], [ 7.7686171, 49.4443859 ], [ 7.7686173, 49.4443859 ], [ 7.7686175, 49.4443858 ], [ 7.7686177, 49.4443857 ], [ 7.7686178, 49.4443857 ], [ 7.768618, 49.4443856 ], [ 7.7686182, 49.4443855 ], [ 7.7686184, 49.4443855 ], [ 7.7686185, 49.4443854 ], [ 7.7686187, 49.4443853 ], [ 7.7686189, 49.4443853 ], [ 7.768619, 49.4443852 ], [ 7.7686192, 49.4443851 ], [ 7.7686194, 49.444385 ], [ 7.7686195, 49.4443849 ], [ 7.7686197, 49.4443849 ], [ 7.7686198, 49.4443848 ], [ 7.76862, 49.4443847 ], [ 7.7686201, 49.4443846 ], [ 7.7686203, 49.4443845 ], [ 7.7686204, 49.4443844 ], [ 7.7686206, 49.4443843 ], [ 7.7686207, 49.4443842 ], [ 7.7686209, 49.4443841 ], [ 7.768621, 49.444384 ], [ 7.7686211, 49.4443839 ], [ 7.7686213, 49.4443838 ], [ 7.7686214, 49.4443837 ], [ 7.7686215, 49.4443836 ], [ 7.7686216, 49.4443835 ], [ 7.7686217, 49.4443834 ], [ 7.7686219, 49.4443833 ], [ 7.768622, 49.4443832 ], [ 7.7686221, 49.444383 ], [ 7.7686222, 49.4443829 ], [ 7.7686223, 49.4443828 ], [ 7.7686224, 49.4443827 ], [ 7.7686225, 49.4443826 ], [ 7.7686226, 49.4443825 ], [ 7.7686227, 49.4443824 ], [ 7.7686228, 49.4443822 ], [ 7.7686228, 49.4443821 ], [ 7.7686229, 49.444382 ], [ 7.768623, 49.4443819 ], [ 7.7686231, 49.4443817 ], [ 7.7686232, 49.4443816 ], [ 7.7686232, 49.4443815 ], [ 7.7686233, 49.4443814 ], [ 7.7686233, 49.4443812 ], [ 7.7686234, 49.4443811 ], [ 7.7686235, 49.444381 ], [ 7.7686235, 49.4443809 ], [ 7.7686236, 49.4443807 ], [ 7.7686236, 49.4443806 ], [ 7.7686236, 49.4443805 ], [ 7.7686237, 49.4443803 ], [ 7.7686237, 49.4443802 ], [ 7.7686237, 49.4443801 ], [ 7.7686238, 49.4443799 ], [ 7.7686238, 49.4443798 ], [ 7.7686238, 49.4443797 ], [ 7.7686238, 49.4443795 ], [ 7.7686238, 49.4443794 ], [ 7.7686238, 49.4443793 ], [ 7.7686239, 49.4443791 ], [ 7.7686239, 49.444379 ], [ 7.7686239, 49.4443789 ], [ 7.7686238, 49.4443787 ], [ 7.7686238, 49.4443786 ], [ 7.7686238, 49.4443785 ], [ 7.7686238, 49.4443783 ], [ 7.7686238, 49.4443782 ], [ 7.7686238, 49.4443781 ], [ 7.7686237, 49.4443779 ], [ 7.7686237, 49.4443778 ], [ 7.7686237, 49.4443777 ], [ 7.7686236, 49.4443775 ], [ 7.7686236, 49.4443774 ], [ 7.7686235, 49.4443773 ], [ 7.7686235, 49.4443772 ], [ 7.7686234, 49.444377 ], [ 7.7686234, 49.4443769 ], [ 7.7686233, 49.4443768 ], [ 7.7686233, 49.4443766 ], [ 7.7686232, 49.4443765 ], [ 7.7686231, 49.4443764 ], [ 7.7686231, 49.4443763 ], [ 7.768623, 49.4443761 ], [ 7.7686229, 49.444376 ], [ 7.7686228, 49.4443759 ], [ 7.7686228, 49.4443758 ], [ 7.7686227, 49.4443757 ], [ 7.7686226, 49.4443755 ], [ 7.7686225, 49.4443754 ], [ 7.7686224, 49.4443753 ], [ 7.7686223, 49.4443752 ], [ 7.7686222, 49.4443751 ], [ 7.7686221, 49.444375 ], [ 7.768622, 49.4443748 ], [ 7.7686218, 49.4443747 ], [ 7.7686217, 49.4443746 ], [ 7.7686216, 49.4443745 ], [ 7.7686215, 49.4443744 ], [ 7.7686214, 49.4443743 ], [ 7.7686212, 49.4443742 ], [ 7.7686211, 49.4443741 ], [ 7.768621, 49.444374 ], [ 7.7686208, 49.4443739 ], [ 7.7686207, 49.4443738 ], [ 7.7686206, 49.4443737 ], [ 7.7686204, 49.4443736 ], [ 7.7686203, 49.4443735 ], [ 7.7686201, 49.4443734 ], [ 7.76862, 49.4443733 ], [ 7.7686198, 49.4443732 ], [ 7.7686197, 49.4443732 ], [ 7.7686195, 49.4443731 ], [ 7.7686193, 49.444373 ], [ 7.7686192, 49.4443729 ], [ 7.768619, 49.4443728 ], [ 7.7686189, 49.4443728 ], [ 7.7686187, 49.4443727 ], [ 7.7686185, 49.4443726 ], [ 7.7686183, 49.4443725 ], [ 7.7686182, 49.4443725 ], [ 7.768618, 49.4443724 ], [ 7.7686178, 49.4443723 ], [ 7.7686176, 49.4443723 ], [ 7.7686174, 49.4443722 ], [ 7.7686173, 49.4443721 ], [ 7.7686171, 49.4443721 ], [ 7.7686169, 49.444372 ], [ 7.7686167, 49.444372 ], [ 7.7686165, 49.4443719 ], [ 7.7686163, 49.4443719 ], [ 7.7686161, 49.4443718 ], [ 7.7686159, 49.4443718 ], [ 7.7686158, 49.4443718 ], [ 7.7686156, 49.4443717 ], [ 7.7686154, 49.4443717 ], [ 7.7686152, 49.4443716 ], [ 7.768615, 49.4443716 ], [ 7.7686148, 49.4443716 ], [ 7.7686146, 49.4443715 ], [ 7.7686144, 49.4443715 ], [ 7.7686142, 49.4443715 ], [ 7.768614, 49.4443715 ], [ 7.7686138, 49.4443715 ], [ 7.7686136, 49.4443714 ], [ 7.7686134, 49.4443714 ], [ 7.7686132, 49.4443714 ], [ 7.768613, 49.4443714 ], [ 7.7686127, 49.4443714 ], [ 7.7686125, 49.4443714 ], [ 7.7686123, 49.4443714 ], [ 7.7686121, 49.4443714 ], [ 7.7686119, 49.4443714 ], [ 7.7686117, 49.4443714 ], [ 7.7686115, 49.4443714 ], [ 7.7686113, 49.4443714 ], [ 7.7686111, 49.4443714 ], [ 7.7686109, 49.4443714 ], [ 7.7686107, 49.4443714 ], [ 7.7686105, 49.4443715 ], [ 7.7686103, 49.4443715 ], [ 7.7686101, 49.4443715 ], [ 7.7686099, 49.4443715 ], [ 7.7686097, 49.4443715 ], [ 7.7686095, 49.4443716 ], [ 7.7686093, 49.4443716 ], [ 7.7686091, 49.4443716 ], [ 7.7686089, 49.4443717 ], [ 7.7686087, 49.4443717 ], [ 7.7686085, 49.4443718 ], [ 7.7686083, 49.4443718 ], [ 7.7686081, 49.4443718 ], [ 7.7686079, 49.4443719 ], [ 7.7686078, 49.4443719 ], [ 7.7686076, 49.444372 ], [ 7.7686074, 49.444372 ], [ 7.7686072, 49.4443721 ], [ 7.768607, 49.4443722 ], [ 7.7686068, 49.4443722 ], [ 7.7686066, 49.4443723 ], [ 7.7686065, 49.4443723 ], [ 7.7686063, 49.4443724 ], [ 7.7686061, 49.4443725 ], [ 7.7686059, 49.4443725 ], [ 7.7686058, 49.4443726 ], [ 7.7686056, 49.4443727 ], [ 7.7686054, 49.4443728 ], [ 7.7686053, 49.4443728 ], [ 7.7686051, 49.4443729 ], [ 7.7686049, 49.444373 ], [ 7.7686048, 49.4443731 ], [ 7.7686046, 49.4443732 ], [ 7.7686045, 49.4443733 ], [ 7.7686043, 49.4443733 ], [ 7.7686042, 49.4443734 ], [ 7.768604, 49.4443735 ], [ 7.7686039, 49.4443736 ], [ 7.7686037, 49.4443737 ], [ 7.7686036, 49.4443738 ], [ 7.7686034, 49.4443739 ], [ 7.7686033, 49.444374 ], [ 7.7686032, 49.4443741 ], [ 7.768603, 49.4443742 ], [ 7.7686029, 49.4443743 ], [ 7.7686028, 49.4443744 ], [ 7.7686027, 49.4443745 ], [ 7.7686026, 49.4443746 ], [ 7.7686024, 49.4443748 ], [ 7.7686023, 49.4443749 ], [ 7.7686022, 49.444375 ], [ 7.7686021, 49.4443751 ], [ 7.768602, 49.4443752 ], [ 7.7686019, 49.4443753 ], [ 7.7686018, 49.4443754 ], [ 7.7686017, 49.4443756 ], [ 7.7686016, 49.4443757 ], [ 7.7686015, 49.4443758 ], [ 7.7686015, 49.4443759 ], [ 7.7686014, 49.444376 ], [ 7.7686013, 49.4443762 ], [ 7.7686012, 49.4443763 ], [ 7.7686011, 49.4443764 ], [ 7.7686011, 49.4443765 ], [ 7.768601, 49.4443767 ], [ 7.768601, 49.4443768 ], [ 7.7686009, 49.4443769 ], [ 7.7686008, 49.444377 ], [ 7.7686008, 49.4443772 ], [ 7.7686007, 49.4443773 ], [ 7.7686007, 49.4443774 ], [ 7.7686007, 49.4443776 ], [ 7.7686006, 49.4443777 ], [ 7.7686006, 49.4443778 ], [ 7.7686006, 49.444378 ], [ 7.7686005, 49.4443781 ], [ 7.7686005, 49.4443782 ], [ 7.7686005, 49.4443784 ], [ 7.7686005, 49.4443785 ], [ 7.7686005, 49.4443786 ], [ 7.7686005, 49.4443788 ], [ 7.7686004, 49.4443789 ], [ 7.7686004, 49.444379 ], [ 7.7686004, 49.4443792 ], [ 7.7686005, 49.4443793 ], [ 7.7686005, 49.4443794 ], [ 7.7686005, 49.4443796 ], [ 7.7686005, 49.4443797 ], [ 7.7686005, 49.4443798 ], [ 7.7686005, 49.44438 ], [ 7.7686006, 49.4443801 ], [ 7.7686006, 49.4443802 ], [ 7.7686006, 49.4443803 ], [ 7.7686007, 49.4443805 ], [ 7.7686007, 49.4443806 ], [ 7.7686007, 49.4443807 ], [ 7.7686008, 49.4443809 ], [ 7.7686008, 49.444381 ], [ 7.7686009, 49.4443811 ], [ 7.768601, 49.4443813 ], [ 7.768601, 49.4443814 ], [ 7.7686011, 49.4443815 ], [ 7.7686012, 49.4443816 ], [ 7.7686012, 49.4443818 ], [ 7.7686013, 49.4443819 ], [ 7.7686014, 49.444382 ], [ 7.7686015, 49.4443821 ], [ 7.7686015, 49.4443822 ], [ 7.7686016, 49.4443824 ], [ 7.7686017, 49.4443825 ], [ 7.7686018, 49.4443826 ], [ 7.7686019, 49.4443827 ], [ 7.768602, 49.4443828 ], [ 7.7686021, 49.444383 ], [ 7.7686022, 49.4443831 ], [ 7.7686023, 49.4443832 ], [ 7.7686025, 49.4443833 ], [ 7.7686026, 49.4443834 ], [ 7.7686027, 49.4443835 ], [ 7.7686028, 49.4443836 ], [ 7.7686029, 49.4443837 ], [ 7.7686031, 49.4443838 ], [ 7.7686032, 49.4443839 ], [ 7.7686033, 49.444384 ], [ 7.7686035, 49.4443841 ], [ 7.7686036, 49.4443842 ], [ 7.7686037, 49.4443843 ], [ 7.7686039, 49.4443844 ], [ 7.768604, 49.4443845 ], [ 7.7686042, 49.4443846 ], [ 7.7686043, 49.4443847 ], [ 7.7686045, 49.4443848 ], [ 7.7686046, 49.4443849 ], [ 7.7686048, 49.4443849 ], [ 7.768605, 49.444385 ], [ 7.7686051, 49.4443851 ], [ 7.7686053, 49.4443852 ], [ 7.7686054, 49.4443853 ], [ 7.7686056, 49.4443853 ], [ 7.7686058, 49.4443854 ], [ 7.768606, 49.4443855 ], [ 7.7686061, 49.4443856 ], [ 7.7686063, 49.4443856 ], [ 7.7686065, 49.4443857 ], [ 7.7686067, 49.4443858 ], [ 7.7686068, 49.4443858 ], [ 7.768607, 49.4443859 ], [ 7.7686072, 49.4443859 ], [ 7.7686074, 49.444386 ], [ 7.7686076, 49.444386 ], [ 7.7686078, 49.4443861 ], [ 7.768608, 49.4443861 ], [ 7.7686082, 49.4443862 ], [ 7.7686083, 49.4443862 ], [ 7.7686085, 49.4443863 ], [ 7.7686087, 49.4443863 ], [ 7.7686089, 49.4443864 ], [ 7.7686091, 49.4443864 ], [ 7.7686093, 49.4443864 ], [ 7.7686095, 49.4443865 ], [ 7.7686097, 49.4443865 ], [ 7.7686099, 49.4443865 ], [ 7.7686101, 49.4443865 ], [ 7.7686103, 49.4443866 ], [ 7.7686105, 49.4443866 ], [ 7.7686107, 49.4443866 ], [ 7.7686109, 49.4443866 ], [ 7.7686111, 49.4443866 ], [ 7.7686113, 49.4443866 ], [ 7.7686115, 49.4443866 ], [ 7.7686118, 49.4443866 ], [ 7.768612, 49.4443866 ], [ 7.7686122, 49.4443866 ], [ 7.7686124, 49.4443866 ], [ 7.7686126, 49.4443866 ], [ 7.7686128, 49.4443866 ] ], [ [ 7.7686876, 49.4444263 ], [ 7.7686904, 49.4444311 ], [ 7.7686969, 49.4444356 ], [ 7.7687011, 49.4444371 ], [ 7.768712, 49.4444383 ], [ 7.768721, 49.4444365 ], [ 7.7687282, 49.4444324 ], [ 7.7687312, 49.4444288 ], [ 7.7687326, 49.4444216 ], [ 7.7687302, 49.4444167 ], [ 7.7687249, 49.4444123 ], [ 7.7687158, 49.4444091 ], [ 7.7687064, 49.4444088 ], [ 7.7686962, 49.4444116 ], [ 7.7686887, 49.4444182 ], [ 7.7686872, 49.4444232 ], [ 7.7686876, 49.4444263 ] ], [ [ 7.7687699, 49.444476 ], [ 7.76877, 49.444476 ], [ 7.7687702, 49.444476 ], [ 7.7687703, 49.444476 ], [ 7.7687704, 49.444476 ], [ 7.7687706, 49.444476 ], [ 7.7687707, 49.444476 ], [ 7.7687708, 49.4444759 ], [ 7.768771, 49.4444759 ], [ 7.7687711, 49.4444759 ], [ 7.7687712, 49.4444759 ], [ 7.7687714, 49.4444759 ], [ 7.7687715, 49.4444759 ], [ 7.7687716, 49.4444758 ], [ 7.7687717, 49.4444758 ], [ 7.7687719, 49.4444758 ], [ 7.768772, 49.4444758 ], [ 7.7687721, 49.4444757 ], [ 7.7687723, 49.4444757 ], [ 7.7687724, 49.4444757 ], [ 7.7687725, 49.4444756 ], [ 7.7687726, 49.4444756 ], [ 7.7687728, 49.4444756 ], [ 7.7687729, 49.4444755 ], [ 7.768773, 49.4444755 ], [ 7.7687731, 49.4444754 ], [ 7.7687732, 49.4444754 ], [ 7.7687734, 49.4444754 ], [ 7.7687735, 49.4444753 ], [ 7.7687736, 49.4444753 ], [ 7.7687737, 49.4444752 ], [ 7.7687738, 49.4444752 ], [ 7.7687739, 49.4444751 ], [ 7.768774, 49.4444751 ], [ 7.7687742, 49.444475 ], [ 7.7687743, 49.444475 ], [ 7.7687744, 49.4444749 ], [ 7.7687745, 49.4444748 ], [ 7.7687746, 49.4444748 ], [ 7.7687747, 49.4444747 ], [ 7.7687748, 49.4444747 ], [ 7.7687749, 49.4444746 ], [ 7.768775, 49.4444745 ], [ 7.7687751, 49.4444745 ], [ 7.7687752, 49.4444744 ], [ 7.7687753, 49.4444744 ], [ 7.7687753, 49.4444743 ], [ 7.7687754, 49.4444742 ], [ 7.7687755, 49.4444742 ], [ 7.7687756, 49.4444741 ], [ 7.7687757, 49.444474 ], [ 7.7687758, 49.4444739 ], [ 7.7687758, 49.4444739 ], [ 7.7687759, 49.4444738 ], [ 7.768776, 49.4444737 ], [ 7.7687761, 49.4444737 ], [ 7.7687761, 49.4444736 ], [ 7.7687762, 49.4444735 ], [ 7.7687763, 49.4444734 ], [ 7.7687763, 49.4444733 ], [ 7.7687764, 49.4444733 ], [ 7.7687765, 49.4444732 ], [ 7.7687765, 49.4444731 ], [ 7.7687766, 49.444473 ], [ 7.7687766, 49.444473 ], [ 7.7687767, 49.4444729 ], [ 7.7687767, 49.4444728 ], [ 7.7687768, 49.4444727 ], [ 7.7687768, 49.4444726 ], [ 7.7687769, 49.4444725 ], [ 7.7687769, 49.4444725 ], [ 7.768777, 49.4444724 ], [ 7.768777, 49.4444723 ], [ 7.768777, 49.4444722 ], [ 7.7687771, 49.4444721 ], [ 7.7687771, 49.444472 ], [ 7.7687771, 49.4444719 ], [ 7.7687771, 49.4444719 ], [ 7.7687772, 49.4444718 ], [ 7.7687772, 49.4444717 ], [ 7.7687772, 49.4444716 ], [ 7.7687772, 49.4444715 ], [ 7.7687772, 49.4444714 ], [ 7.7687773, 49.4444713 ], [ 7.7687773, 49.4444712 ], [ 7.7687773, 49.4444712 ], [ 7.7687773, 49.4444711 ], [ 7.7687773, 49.444471 ], [ 7.7687773, 49.4444709 ], [ 7.7687773, 49.4444708 ], [ 7.7687773, 49.4444707 ], [ 7.7687773, 49.4444706 ], [ 7.7687773, 49.4444705 ], [ 7.7687772, 49.4444704 ], [ 7.7687772, 49.4444704 ], [ 7.7687772, 49.4444703 ], [ 7.7687772, 49.4444702 ], [ 7.7687772, 49.4444701 ], [ 7.7687771, 49.44447 ], [ 7.7687771, 49.4444699 ], [ 7.7687771, 49.4444698 ], [ 7.7687771, 49.4444698 ], [ 7.768777, 49.4444697 ], [ 7.768777, 49.4444696 ], [ 7.768777, 49.4444695 ], [ 7.7687769, 49.4444694 ], [ 7.7687769, 49.4444693 ], [ 7.7687768, 49.4444692 ], [ 7.7687768, 49.4444692 ], [ 7.7687767, 49.4444691 ], [ 7.7687767, 49.444469 ], [ 7.7687766, 49.4444689 ], [ 7.7687766, 49.4444688 ], [ 7.7687765, 49.4444688 ], [ 7.7687765, 49.4444687 ], [ 7.7687764, 49.4444686 ], [ 7.7687763, 49.4444685 ], [ 7.7687763, 49.4444684 ], [ 7.7687762, 49.4444684 ], [ 7.7687761, 49.4444683 ], [ 7.7687761, 49.4444682 ], [ 7.768776, 49.4444681 ], [ 7.7687759, 49.4444681 ], [ 7.7687758, 49.444468 ], [ 7.7687758, 49.4444679 ], [ 7.7687757, 49.4444679 ], [ 7.7687756, 49.4444678 ], [ 7.7687755, 49.4444677 ], [ 7.7687754, 49.4444676 ], [ 7.7687753, 49.4444676 ], [ 7.7687752, 49.4444675 ], [ 7.7687751, 49.4444674 ], [ 7.7687751, 49.4444674 ], [ 7.768775, 49.4444673 ], [ 7.7687749, 49.4444673 ], [ 7.7687748, 49.4444672 ], [ 7.7687747, 49.4444671 ], [ 7.7687746, 49.4444671 ], [ 7.7687745, 49.444467 ], [ 7.7687744, 49.444467 ], [ 7.7687742, 49.4444669 ], [ 7.7687741, 49.4444669 ], [ 7.768774, 49.4444668 ], [ 7.7687739, 49.4444668 ], [ 7.7687738, 49.4444667 ], [ 7.7687737, 49.4444667 ], [ 7.7687736, 49.4444666 ], [ 7.7687735, 49.4444666 ], [ 7.7687733, 49.4444665 ], [ 7.7687732, 49.4444665 ], [ 7.7687731, 49.4444664 ], [ 7.768773, 49.4444664 ], [ 7.7687729, 49.4444664 ], [ 7.7687727, 49.4444663 ], [ 7.7687726, 49.4444663 ], [ 7.7687725, 49.4444662 ], [ 7.7687724, 49.4444662 ], [ 7.7687722, 49.4444662 ], [ 7.7687721, 49.4444662 ], [ 7.768772, 49.4444661 ], [ 7.7687719, 49.4444661 ], [ 7.7687717, 49.4444661 ], [ 7.7687716, 49.444466 ], [ 7.7687715, 49.444466 ], [ 7.7687713, 49.444466 ], [ 7.7687712, 49.444466 ], [ 7.7687711, 49.444466 ], [ 7.7687709, 49.4444659 ], [ 7.7687708, 49.4444659 ], [ 7.7687707, 49.4444659 ], [ 7.7687705, 49.4444659 ], [ 7.7687704, 49.4444659 ], [ 7.7687703, 49.4444659 ], [ 7.7687701, 49.4444659 ], [ 7.76877, 49.4444659 ], [ 7.7687699, 49.4444659 ], [ 7.7687697, 49.4444659 ], [ 7.7687696, 49.4444659 ], [ 7.7687695, 49.4444659 ], [ 7.7687693, 49.4444659 ], [ 7.7687692, 49.4444659 ], [ 7.7687691, 49.4444659 ], [ 7.7687689, 49.4444659 ], [ 7.7687688, 49.4444659 ], [ 7.7687687, 49.4444659 ], [ 7.7687685, 49.4444659 ], [ 7.7687684, 49.4444659 ], [ 7.7687683, 49.4444659 ], [ 7.7687681, 49.4444659 ], [ 7.768768, 49.4444659 ], [ 7.7687679, 49.444466 ], [ 7.7687677, 49.444466 ], [ 7.7687676, 49.444466 ], [ 7.7687675, 49.444466 ], [ 7.7687673, 49.444466 ], [ 7.7687672, 49.4444661 ], [ 7.7687671, 49.4444661 ], [ 7.7687669, 49.4444661 ], [ 7.7687668, 49.4444662 ], [ 7.7687667, 49.4444662 ], [ 7.7687666, 49.4444662 ], [ 7.7687664, 49.4444663 ], [ 7.7687663, 49.4444663 ], [ 7.7687662, 49.4444663 ], [ 7.7687661, 49.4444664 ], [ 7.7687659, 49.4444664 ], [ 7.7687658, 49.4444664 ], [ 7.7687657, 49.4444665 ], [ 7.7687656, 49.4444665 ], [ 7.7687655, 49.4444666 ], [ 7.7687654, 49.4444666 ], [ 7.7687652, 49.4444667 ], [ 7.7687651, 49.4444667 ], [ 7.768765, 49.4444668 ], [ 7.7687649, 49.4444668 ], [ 7.7687648, 49.4444669 ], [ 7.7687647, 49.4444669 ], [ 7.7687646, 49.444467 ], [ 7.7687645, 49.444467 ], [ 7.7687644, 49.4444671 ], [ 7.7687643, 49.4444671 ], [ 7.7687642, 49.4444672 ], [ 7.7687641, 49.4444673 ], [ 7.768764, 49.4444673 ], [ 7.7687639, 49.4444674 ], [ 7.7687638, 49.4444675 ], [ 7.7687637, 49.4444675 ], [ 7.7687636, 49.4444676 ], [ 7.7687635, 49.4444677 ], [ 7.7687634, 49.4444677 ], [ 7.7687633, 49.4444678 ], [ 7.7687633, 49.4444679 ], [ 7.7687632, 49.4444679 ], [ 7.7687631, 49.444468 ], [ 7.768763, 49.4444681 ], [ 7.7687629, 49.4444681 ], [ 7.7687629, 49.4444682 ], [ 7.7687628, 49.4444683 ], [ 7.7687627, 49.4444684 ], [ 7.7687627, 49.4444685 ], [ 7.7687626, 49.4444685 ], [ 7.7687625, 49.4444686 ], [ 7.7687625, 49.4444687 ], [ 7.7687624, 49.4444688 ], [ 7.7687624, 49.4444688 ], [ 7.7687623, 49.4444689 ], [ 7.7687623, 49.444469 ], [ 7.7687622, 49.4444691 ], [ 7.7687622, 49.4444692 ], [ 7.7687621, 49.4444693 ], [ 7.7687621, 49.4444693 ], [ 7.768762, 49.4444694 ], [ 7.768762, 49.4444695 ], [ 7.7687619, 49.4444696 ], [ 7.7687619, 49.4444697 ], [ 7.7687619, 49.4444698 ], [ 7.7687619, 49.4444698 ], [ 7.7687618, 49.4444699 ], [ 7.7687618, 49.44447 ], [ 7.7687618, 49.4444701 ], [ 7.7687618, 49.4444702 ], [ 7.7687617, 49.4444703 ], [ 7.7687617, 49.4444704 ], [ 7.7687617, 49.4444705 ], [ 7.7687617, 49.4444705 ], [ 7.7687617, 49.4444706 ], [ 7.7687617, 49.4444707 ], [ 7.7687617, 49.4444708 ], [ 7.7687617, 49.4444709 ], [ 7.7687617, 49.444471 ], [ 7.7687617, 49.4444711 ], [ 7.7687617, 49.4444712 ], [ 7.7687617, 49.4444713 ], [ 7.7687617, 49.4444713 ], [ 7.7687617, 49.4444714 ], [ 7.7687617, 49.4444715 ], [ 7.7687617, 49.4444716 ], [ 7.7687618, 49.4444717 ], [ 7.7687618, 49.4444718 ], [ 7.7687618, 49.4444719 ], [ 7.7687618, 49.444472 ], [ 7.7687619, 49.444472 ], [ 7.7687619, 49.4444721 ], [ 7.7687619, 49.4444722 ], [ 7.768762, 49.4444723 ], [ 7.768762, 49.4444724 ], [ 7.768762, 49.4444725 ], [ 7.7687621, 49.4444725 ], [ 7.7687621, 49.4444726 ], [ 7.7687622, 49.4444727 ], [ 7.7687622, 49.4444728 ], [ 7.7687623, 49.4444729 ], [ 7.7687623, 49.444473 ], [ 7.7687624, 49.444473 ], [ 7.7687624, 49.4444731 ], [ 7.7687625, 49.4444732 ], [ 7.7687625, 49.4444733 ], [ 7.7687626, 49.4444734 ], [ 7.7687627, 49.4444734 ], [ 7.7687627, 49.4444735 ], [ 7.7687628, 49.4444736 ], [ 7.7687629, 49.4444737 ], [ 7.768763, 49.4444737 ], [ 7.768763, 49.4444738 ], [ 7.7687631, 49.4444739 ], [ 7.7687632, 49.444474 ], [ 7.7687633, 49.444474 ], [ 7.7687634, 49.4444741 ], [ 7.7687634, 49.4444742 ], [ 7.7687635, 49.4444742 ], [ 7.7687636, 49.4444743 ], [ 7.7687637, 49.4444744 ], [ 7.7687638, 49.4444744 ], [ 7.7687639, 49.4444745 ], [ 7.768764, 49.4444746 ], [ 7.7687641, 49.4444746 ], [ 7.7687642, 49.4444747 ], [ 7.7687643, 49.4444747 ], [ 7.7687644, 49.4444748 ], [ 7.7687645, 49.4444749 ], [ 7.7687646, 49.4444749 ], [ 7.7687647, 49.444475 ], [ 7.7687648, 49.444475 ], [ 7.7687649, 49.4444751 ], [ 7.768765, 49.4444751 ], [ 7.7687651, 49.4444752 ], [ 7.7687652, 49.4444752 ], [ 7.7687654, 49.4444753 ], [ 7.7687655, 49.4444753 ], [ 7.7687656, 49.4444754 ], [ 7.7687657, 49.4444754 ], [ 7.7687658, 49.4444754 ], [ 7.768766, 49.4444755 ], [ 7.7687661, 49.4444755 ], [ 7.7687662, 49.4444756 ], [ 7.7687663, 49.4444756 ], [ 7.7687664, 49.4444756 ], [ 7.7687666, 49.4444757 ], [ 7.7687667, 49.4444757 ], [ 7.7687668, 49.4444757 ], [ 7.768767, 49.4444758 ], [ 7.7687671, 49.4444758 ], [ 7.7687672, 49.4444758 ], [ 7.7687673, 49.4444758 ], [ 7.7687675, 49.4444759 ], [ 7.7687676, 49.4444759 ], [ 7.7687677, 49.4444759 ], [ 7.7687679, 49.4444759 ], [ 7.768768, 49.4444759 ], [ 7.7687681, 49.444476 ], [ 7.7687683, 49.444476 ], [ 7.7687684, 49.444476 ], [ 7.7687685, 49.444476 ], [ 7.7687687, 49.444476 ], [ 7.7687688, 49.444476 ], [ 7.7687689, 49.444476 ], [ 7.7687691, 49.444476 ], [ 7.7687692, 49.444476 ], [ 7.7687693, 49.444476 ], [ 7.7687695, 49.444476 ], [ 7.7687696, 49.444476 ], [ 7.7687698, 49.444476 ], [ 7.7687699, 49.444476 ] ], [ [ 7.7685957, 49.4444907 ], [ 7.7685986, 49.4444955 ], [ 7.768605, 49.4445 ], [ 7.7686092, 49.4445015 ], [ 7.7686201, 49.4445026 ], [ 7.7686291, 49.4445008 ], [ 7.7686363, 49.4444967 ], [ 7.7686393, 49.4444931 ], [ 7.7686407, 49.444486 ], [ 7.7686384, 49.444481 ], [ 7.768633, 49.4444766 ], [ 7.7686239, 49.4444735 ], [ 7.7686145, 49.4444731 ], [ 7.7686043, 49.444476 ], [ 7.7685968, 49.4444825 ], [ 7.7685953, 49.4444876 ], [ 7.7685957, 49.4444907 ] ], [ [ 7.7688128, 49.4445166 ], [ 7.7688157, 49.4445214 ], [ 7.7688221, 49.444526 ], [ 7.7688263, 49.4445275 ], [ 7.7688372, 49.4445286 ], [ 7.7688462, 49.4445268 ], [ 7.7688534, 49.4445227 ], [ 7.7688564, 49.4445191 ], [ 7.7688578, 49.444512 ], [ 7.7688554, 49.444507 ], [ 7.7688501, 49.4445026 ], [ 7.768841, 49.4444994 ], [ 7.7688316, 49.4444991 ], [ 7.7688214, 49.4445019 ], [ 7.7688139, 49.4445085 ], [ 7.7688124, 49.4445135 ], [ 7.7688128, 49.4445166 ] ], [ [ 7.7685552, 49.4445408 ], [ 7.7685553, 49.4445408 ], [ 7.7685554, 49.4445408 ], [ 7.7685556, 49.4445408 ], [ 7.7685557, 49.4445408 ], [ 7.7685558, 49.4445408 ], [ 7.768556, 49.4445408 ], [ 7.7685561, 49.4445407 ], [ 7.7685562, 49.4445407 ], [ 7.7685564, 49.4445407 ], [ 7.7685565, 49.4445407 ], [ 7.7685566, 49.4445407 ], [ 7.7685568, 49.4445407 ], [ 7.7685569, 49.4445406 ], [ 7.768557, 49.4445406 ], [ 7.7685572, 49.4445406 ], [ 7.7685573, 49.4445405 ], [ 7.7685574, 49.4445405 ], [ 7.7685575, 49.4445405 ], [ 7.7685577, 49.4445405 ], [ 7.7685578, 49.4445404 ], [ 7.7685579, 49.4445404 ], [ 7.768558, 49.4445404 ], [ 7.7685582, 49.4445403 ], [ 7.7685583, 49.4445403 ], [ 7.7685584, 49.4445402 ], [ 7.7685585, 49.4445402 ], [ 7.7685586, 49.4445401 ], [ 7.7685588, 49.4445401 ], [ 7.7685589, 49.4445401 ], [ 7.768559, 49.44454 ], [ 7.7685591, 49.44454 ], [ 7.7685592, 49.4445399 ], [ 7.7685593, 49.4445399 ], [ 7.7685594, 49.4445398 ], [ 7.7685596, 49.4445398 ], [ 7.7685597, 49.4445397 ], [ 7.7685598, 49.4445396 ], [ 7.7685599, 49.4445396 ], [ 7.76856, 49.4445395 ], [ 7.7685601, 49.4445395 ], [ 7.7685602, 49.4445394 ], [ 7.7685603, 49.4445393 ], [ 7.7685604, 49.4445393 ], [ 7.7685605, 49.4445392 ], [ 7.7685605, 49.4445392 ], [ 7.7685606, 49.4445391 ], [ 7.7685607, 49.444539 ], [ 7.7685608, 49.444539 ], [ 7.7685609, 49.4445389 ], [ 7.768561, 49.4445388 ], [ 7.7685611, 49.4445387 ], [ 7.7685611, 49.4445387 ], [ 7.7685612, 49.4445386 ], [ 7.7685613, 49.4445385 ], [ 7.7685614, 49.4445384 ], [ 7.7685614, 49.4445384 ], [ 7.7685615, 49.4445383 ], [ 7.7685616, 49.4445382 ], [ 7.7685616, 49.4445381 ], [ 7.7685617, 49.4445381 ], [ 7.7685618, 49.444538 ], [ 7.7685618, 49.4445379 ], [ 7.7685619, 49.4445378 ], [ 7.7685619, 49.4445377 ], [ 7.768562, 49.4445377 ], [ 7.768562, 49.4445376 ], [ 7.7685621, 49.4445375 ], [ 7.7685621, 49.4445374 ], [ 7.7685622, 49.4445373 ], [ 7.7685622, 49.4445372 ], [ 7.7685623, 49.4445372 ], [ 7.7685623, 49.4445371 ], [ 7.7685623, 49.444537 ], [ 7.7685624, 49.4445369 ], [ 7.7685624, 49.4445368 ], [ 7.7685624, 49.4445367 ], [ 7.7685624, 49.4445366 ], [ 7.7685625, 49.4445366 ], [ 7.7685625, 49.4445365 ], [ 7.7685625, 49.4445364 ], [ 7.7685625, 49.4445363 ], [ 7.7685625, 49.4445362 ], [ 7.7685625, 49.4445361 ], [ 7.7685626, 49.444536 ], [ 7.7685626, 49.4445359 ], [ 7.7685626, 49.4445359 ], [ 7.7685626, 49.4445358 ], [ 7.7685626, 49.4445357 ], [ 7.7685626, 49.4445356 ], [ 7.7685626, 49.4445355 ], [ 7.7685626, 49.4445354 ], [ 7.7685625, 49.4445353 ], [ 7.7685625, 49.4445352 ], [ 7.7685625, 49.4445351 ], [ 7.7685625, 49.4445351 ], [ 7.7685625, 49.444535 ], [ 7.7685625, 49.4445349 ], [ 7.7685624, 49.4445348 ], [ 7.7685624, 49.4445347 ], [ 7.7685624, 49.4445346 ], [ 7.7685624, 49.4445345 ], [ 7.7685623, 49.4445345 ], [ 7.7685623, 49.4445344 ], [ 7.7685623, 49.4445343 ], [ 7.7685622, 49.4445342 ], [ 7.7685622, 49.4445341 ], [ 7.7685621, 49.444534 ], [ 7.7685621, 49.4445339 ], [ 7.768562, 49.4445339 ], [ 7.768562, 49.4445338 ], [ 7.7685619, 49.4445337 ], [ 7.7685619, 49.4445336 ], [ 7.7685618, 49.4445335 ], [ 7.7685618, 49.4445335 ], [ 7.7685617, 49.4445334 ], [ 7.7685616, 49.4445333 ], [ 7.7685616, 49.4445332 ], [ 7.7685615, 49.4445332 ], [ 7.7685614, 49.4445331 ], [ 7.7685614, 49.444533 ], [ 7.7685613, 49.4445329 ], [ 7.7685612, 49.4445329 ], [ 7.7685611, 49.4445328 ], [ 7.768561, 49.4445327 ], [ 7.768561, 49.4445326 ], [ 7.7685609, 49.4445326 ], [ 7.7685608, 49.4445325 ], [ 7.7685607, 49.4445324 ], [ 7.7685606, 49.4445324 ], [ 7.7685605, 49.4445323 ], [ 7.7685604, 49.4445322 ], [ 7.7685603, 49.4445322 ], [ 7.7685603, 49.4445321 ], [ 7.7685602, 49.444532 ], [ 7.7685601, 49.444532 ], [ 7.76856, 49.4445319 ], [ 7.7685599, 49.4445319 ], [ 7.7685597, 49.4445318 ], [ 7.7685596, 49.4445318 ], [ 7.7685595, 49.4445317 ], [ 7.7685594, 49.4445316 ], [ 7.7685593, 49.4445316 ], [ 7.7685592, 49.4445315 ], [ 7.7685591, 49.4445315 ], [ 7.768559, 49.4445314 ], [ 7.7685589, 49.4445314 ], [ 7.7685588, 49.4445313 ], [ 7.7685586, 49.4445313 ], [ 7.7685585, 49.4445313 ], [ 7.7685584, 49.4445312 ], [ 7.7685583, 49.4445312 ], [ 7.7685582, 49.4445311 ], [ 7.768558, 49.4445311 ], [ 7.7685579, 49.4445311 ], [ 7.7685578, 49.444531 ], [ 7.7685577, 49.444531 ], [ 7.7685575, 49.444531 ], [ 7.7685574, 49.4445309 ], [ 7.7685573, 49.4445309 ], [ 7.7685571, 49.4445309 ], [ 7.768557, 49.4445309 ], [ 7.7685569, 49.4445308 ], [ 7.7685568, 49.4445308 ], [ 7.7685566, 49.4445308 ], [ 7.7685565, 49.4445308 ], [ 7.7685564, 49.4445307 ], [ 7.7685562, 49.4445307 ], [ 7.7685561, 49.4445307 ], [ 7.768556, 49.4445307 ], [ 7.7685558, 49.4445307 ], [ 7.7685557, 49.4445307 ], [ 7.7685556, 49.4445307 ], [ 7.7685554, 49.4445307 ], [ 7.7685553, 49.4445306 ], [ 7.7685552, 49.4445306 ], [ 7.768555, 49.4445306 ], [ 7.7685549, 49.4445306 ], [ 7.7685547, 49.4445306 ], [ 7.7685546, 49.4445306 ], [ 7.7685545, 49.4445306 ], [ 7.7685543, 49.4445306 ], [ 7.7685542, 49.4445306 ], [ 7.7685541, 49.4445307 ], [ 7.7685539, 49.4445307 ], [ 7.7685538, 49.4445307 ], [ 7.7685537, 49.4445307 ], [ 7.7685535, 49.4445307 ], [ 7.7685534, 49.4445307 ], [ 7.7685533, 49.4445307 ], [ 7.7685531, 49.4445307 ], [ 7.768553, 49.4445308 ], [ 7.7685529, 49.4445308 ], [ 7.7685527, 49.4445308 ], [ 7.7685526, 49.4445308 ], [ 7.7685525, 49.4445309 ], [ 7.7685523, 49.4445309 ], [ 7.7685522, 49.4445309 ], [ 7.7685521, 49.4445309 ], [ 7.768552, 49.444531 ], [ 7.7685518, 49.444531 ], [ 7.7685517, 49.444531 ], [ 7.7685516, 49.4445311 ], [ 7.7685515, 49.4445311 ], [ 7.7685513, 49.4445311 ], [ 7.7685512, 49.4445312 ], [ 7.7685511, 49.4445312 ], [ 7.768551, 49.4445313 ], [ 7.7685509, 49.4445313 ], [ 7.7685507, 49.4445314 ], [ 7.7685506, 49.4445314 ], [ 7.7685505, 49.4445314 ], [ 7.7685504, 49.4445315 ], [ 7.7685503, 49.4445315 ], [ 7.7685502, 49.4445316 ], [ 7.7685501, 49.4445317 ], [ 7.76855, 49.4445317 ], [ 7.7685499, 49.4445318 ], [ 7.7685497, 49.4445318 ], [ 7.7685496, 49.4445319 ], [ 7.7685495, 49.4445319 ], [ 7.7685494, 49.444532 ], [ 7.7685493, 49.4445321 ], [ 7.7685492, 49.4445321 ], [ 7.7685491, 49.4445322 ], [ 7.7685491, 49.4445322 ], [ 7.768549, 49.4445323 ], [ 7.7685489, 49.4445324 ], [ 7.7685488, 49.4445324 ], [ 7.7685487, 49.4445325 ], [ 7.7685486, 49.4445326 ], [ 7.7685485, 49.4445326 ], [ 7.7685484, 49.4445327 ], [ 7.7685484, 49.4445328 ], [ 7.7685483, 49.4445329 ], [ 7.7685482, 49.4445329 ], [ 7.7685481, 49.444533 ], [ 7.7685481, 49.4445331 ], [ 7.768548, 49.4445332 ], [ 7.7685479, 49.4445332 ], [ 7.7685479, 49.4445333 ], [ 7.7685478, 49.4445334 ], [ 7.7685477, 49.4445335 ], [ 7.7685477, 49.4445336 ], [ 7.7685476, 49.4445336 ], [ 7.7685476, 49.4445337 ], [ 7.7685475, 49.4445338 ], [ 7.7685475, 49.4445339 ], [ 7.7685474, 49.444534 ], [ 7.7685474, 49.444534 ], [ 7.7685473, 49.4445341 ], [ 7.7685473, 49.4445342 ], [ 7.7685473, 49.4445343 ], [ 7.7685472, 49.4445344 ], [ 7.7685472, 49.4445345 ], [ 7.7685471, 49.4445346 ], [ 7.7685471, 49.4445346 ], [ 7.7685471, 49.4445347 ], [ 7.7685471, 49.4445348 ], [ 7.768547, 49.4445349 ], [ 7.768547, 49.444535 ], [ 7.768547, 49.4445351 ], [ 7.768547, 49.4445352 ], [ 7.768547, 49.4445352 ], [ 7.768547, 49.4445353 ], [ 7.768547, 49.4445354 ], [ 7.7685469, 49.4445355 ], [ 7.7685469, 49.4445356 ], [ 7.7685469, 49.4445357 ], [ 7.7685469, 49.4445358 ], [ 7.7685469, 49.4445359 ], [ 7.7685469, 49.444536 ], [ 7.768547, 49.444536 ], [ 7.768547, 49.4445361 ], [ 7.768547, 49.4445362 ], [ 7.768547, 49.4445363 ], [ 7.768547, 49.4445364 ], [ 7.768547, 49.4445365 ], [ 7.768547, 49.4445366 ], [ 7.7685471, 49.4445367 ], [ 7.7685471, 49.4445367 ], [ 7.7685471, 49.4445368 ], [ 7.7685472, 49.4445369 ], [ 7.7685472, 49.444537 ], [ 7.7685472, 49.4445371 ], [ 7.7685473, 49.4445372 ], [ 7.7685473, 49.4445373 ], [ 7.7685473, 49.4445373 ], [ 7.7685474, 49.4445374 ], [ 7.7685474, 49.4445375 ], [ 7.7685475, 49.4445376 ], [ 7.7685475, 49.4445377 ], [ 7.7685476, 49.4445378 ], [ 7.7685476, 49.4445378 ], [ 7.7685477, 49.4445379 ], [ 7.7685478, 49.444538 ], [ 7.7685478, 49.4445381 ], [ 7.7685479, 49.4445382 ], [ 7.7685479, 49.4445382 ], [ 7.768548, 49.4445383 ], [ 7.7685481, 49.4445384 ], [ 7.7685482, 49.4445385 ], [ 7.7685482, 49.4445385 ], [ 7.7685483, 49.4445386 ], [ 7.7685484, 49.4445387 ], [ 7.7685485, 49.4445388 ], [ 7.7685485, 49.4445388 ], [ 7.7685486, 49.4445389 ], [ 7.7685487, 49.444539 ], [ 7.7685488, 49.444539 ], [ 7.7685489, 49.4445391 ], [ 7.768549, 49.4445392 ], [ 7.7685491, 49.4445392 ], [ 7.7685492, 49.4445393 ], [ 7.7685493, 49.4445394 ], [ 7.7685494, 49.4445394 ], [ 7.7685495, 49.4445395 ], [ 7.7685496, 49.4445395 ], [ 7.7685497, 49.4445396 ], [ 7.7685498, 49.4445396 ], [ 7.7685499, 49.4445397 ], [ 7.76855, 49.4445398 ], [ 7.7685501, 49.4445398 ], [ 7.7685502, 49.4445399 ], [ 7.7685503, 49.4445399 ], [ 7.7685504, 49.44454 ], [ 7.7685505, 49.44454 ], [ 7.7685506, 49.4445401 ], [ 7.7685508, 49.4445401 ], [ 7.7685509, 49.4445402 ], [ 7.768551, 49.4445402 ], [ 7.7685511, 49.4445402 ], [ 7.7685512, 49.4445403 ], [ 7.7685514, 49.4445403 ], [ 7.7685515, 49.4445404 ], [ 7.7685516, 49.4445404 ], [ 7.7685517, 49.4445404 ], [ 7.7685518, 49.4445405 ], [ 7.768552, 49.4445405 ], [ 7.7685521, 49.4445405 ], [ 7.7685522, 49.4445406 ], [ 7.7685524, 49.4445406 ], [ 7.7685525, 49.4445406 ], [ 7.7685526, 49.4445406 ], [ 7.7685527, 49.4445407 ], [ 7.7685529, 49.4445407 ], [ 7.768553, 49.4445407 ], [ 7.7685531, 49.4445407 ], [ 7.7685533, 49.4445407 ], [ 7.7685534, 49.4445407 ], [ 7.7685535, 49.4445408 ], [ 7.7685537, 49.4445408 ], [ 7.7685538, 49.4445408 ], [ 7.7685539, 49.4445408 ], [ 7.7685541, 49.4445408 ], [ 7.7685542, 49.4445408 ], [ 7.7685544, 49.4445408 ], [ 7.7685545, 49.4445408 ], [ 7.7685546, 49.4445408 ], [ 7.7685548, 49.4445408 ], [ 7.7685549, 49.4445408 ], [ 7.768555, 49.4445408 ], [ 7.7685552, 49.4445408 ] ], [ [ 7.7688934, 49.4445625 ], [ 7.7688935, 49.4445625 ], [ 7.7688937, 49.4445625 ], [ 7.7688938, 49.4445625 ], [ 7.7688939, 49.4445625 ], [ 7.7688941, 49.4445625 ], [ 7.7688942, 49.4445625 ], [ 7.7688943, 49.4445625 ], [ 7.7688945, 49.4445625 ], [ 7.7688946, 49.4445624 ], [ 7.7688947, 49.4445624 ], [ 7.7688949, 49.4445624 ], [ 7.768895, 49.4445624 ], [ 7.7688951, 49.4445624 ], [ 7.7688953, 49.4445623 ], [ 7.7688954, 49.4445623 ], [ 7.7688955, 49.4445623 ], [ 7.7688957, 49.4445622 ], [ 7.7688958, 49.4445622 ], [ 7.7688959, 49.4445622 ], [ 7.768896, 49.4445621 ], [ 7.7688962, 49.4445621 ], [ 7.7688963, 49.4445621 ], [ 7.7688964, 49.444562 ], [ 7.7688965, 49.444562 ], [ 7.7688967, 49.444562 ], [ 7.7688968, 49.4445619 ], [ 7.7688969, 49.4445619 ], [ 7.768897, 49.4445618 ], [ 7.7688971, 49.4445618 ], [ 7.7688972, 49.4445617 ], [ 7.7688974, 49.4445617 ], [ 7.7688975, 49.4445616 ], [ 7.7688976, 49.4445616 ], [ 7.7688977, 49.4445615 ], [ 7.7688978, 49.4445615 ], [ 7.7688979, 49.4445614 ], [ 7.768898, 49.4445614 ], [ 7.7688981, 49.4445613 ], [ 7.7688982, 49.4445612 ], [ 7.7688983, 49.4445612 ], [ 7.7688984, 49.4445611 ], [ 7.7688985, 49.4445611 ], [ 7.7688986, 49.444561 ], [ 7.7688987, 49.4445609 ], [ 7.7688988, 49.4445609 ], [ 7.7688989, 49.4445608 ], [ 7.768899, 49.4445607 ], [ 7.768899, 49.4445607 ], [ 7.7688991, 49.4445606 ], [ 7.7688992, 49.4445605 ], [ 7.7688993, 49.4445605 ], [ 7.7688994, 49.4445604 ], [ 7.7688995, 49.4445603 ], [ 7.7688995, 49.4445602 ], [ 7.7688996, 49.4445602 ], [ 7.7688997, 49.4445601 ], [ 7.7688997, 49.44456 ], [ 7.7688998, 49.4445599 ], [ 7.7688999, 49.4445599 ], [ 7.7688999, 49.4445598 ], [ 7.7689, 49.4445597 ], [ 7.7689001, 49.4445596 ], [ 7.7689001, 49.4445595 ], [ 7.7689002, 49.4445595 ], [ 7.7689002, 49.4445594 ], [ 7.7689003, 49.4445593 ], [ 7.7689003, 49.4445592 ], [ 7.7689004, 49.4445591 ], [ 7.7689004, 49.444559 ], [ 7.7689004, 49.444559 ], [ 7.7689005, 49.4445589 ], [ 7.7689005, 49.4445588 ], [ 7.7689006, 49.4445587 ], [ 7.7689006, 49.4445586 ], [ 7.7689006, 49.4445585 ], [ 7.7689006, 49.4445584 ], [ 7.7689007, 49.4445583 ], [ 7.7689007, 49.4445583 ], [ 7.7689007, 49.4445582 ], [ 7.7689007, 49.4445581 ], [ 7.7689007, 49.444558 ], [ 7.7689008, 49.4445579 ], [ 7.7689008, 49.4445578 ], [ 7.7689008, 49.4445577 ], [ 7.7689008, 49.4445576 ], [ 7.7689008, 49.4445576 ], [ 7.7689008, 49.4445575 ], [ 7.7689008, 49.4445574 ], [ 7.7689008, 49.4445573 ], [ 7.7689008, 49.4445572 ], [ 7.7689008, 49.4445571 ], [ 7.7689008, 49.444557 ], [ 7.7689007, 49.4445569 ], [ 7.7689007, 49.4445568 ], [ 7.7689007, 49.4445568 ], [ 7.7689007, 49.4445567 ], [ 7.7689007, 49.4445566 ], [ 7.7689006, 49.4445565 ], [ 7.7689006, 49.4445564 ], [ 7.7689006, 49.4445563 ], [ 7.7689005, 49.4445562 ], [ 7.7689005, 49.4445561 ], [ 7.7689005, 49.4445561 ], [ 7.7689004, 49.444556 ], [ 7.7689004, 49.4445559 ], [ 7.7689004, 49.4445558 ], [ 7.7689003, 49.4445557 ], [ 7.7689003, 49.4445556 ], [ 7.7689002, 49.4445556 ], [ 7.7689002, 49.4445555 ], [ 7.7689001, 49.4445554 ], [ 7.7689, 49.4445553 ], [ 7.7689, 49.4445552 ], [ 7.7688999, 49.4445552 ], [ 7.7688999, 49.4445551 ], [ 7.7688998, 49.444555 ], [ 7.7688997, 49.4445549 ], [ 7.7688997, 49.4445548 ], [ 7.7688996, 49.4445548 ], [ 7.7688995, 49.4445547 ], [ 7.7688994, 49.4445546 ], [ 7.7688994, 49.4445545 ], [ 7.7688993, 49.4445545 ], [ 7.7688992, 49.4445544 ], [ 7.7688991, 49.4445543 ], [ 7.768899, 49.4445543 ], [ 7.768899, 49.4445542 ], [ 7.7688989, 49.4445541 ], [ 7.7688988, 49.4445541 ], [ 7.7688987, 49.444554 ], [ 7.7688986, 49.4445539 ], [ 7.7688985, 49.4445539 ], [ 7.7688984, 49.4445538 ], [ 7.7688983, 49.4445537 ], [ 7.7688982, 49.4445537 ], [ 7.7688981, 49.4445536 ], [ 7.768898, 49.4445536 ], [ 7.7688979, 49.4445535 ], [ 7.7688978, 49.4445535 ], [ 7.7688977, 49.4445534 ], [ 7.7688976, 49.4445534 ], [ 7.7688974, 49.4445533 ], [ 7.7688973, 49.4445533 ], [ 7.7688972, 49.4445532 ], [ 7.7688971, 49.4445532 ], [ 7.768897, 49.4445531 ], [ 7.7688969, 49.4445531 ], [ 7.7688968, 49.444553 ], [ 7.7688966, 49.444553 ], [ 7.7688965, 49.4445529 ], [ 7.7688964, 49.4445529 ], [ 7.7688963, 49.4445529 ], [ 7.7688961, 49.4445528 ], [ 7.768896, 49.4445528 ], [ 7.7688959, 49.4445528 ], [ 7.7688958, 49.4445527 ], [ 7.7688956, 49.4445527 ], [ 7.7688955, 49.4445527 ], [ 7.7688954, 49.4445526 ], [ 7.7688953, 49.4445526 ], [ 7.7688951, 49.4445526 ], [ 7.768895, 49.4445526 ], [ 7.7688949, 49.4445525 ], [ 7.7688947, 49.4445525 ], [ 7.7688946, 49.4445525 ], [ 7.7688945, 49.4445525 ], [ 7.7688943, 49.4445525 ], [ 7.7688942, 49.4445524 ], [ 7.7688941, 49.4445524 ], [ 7.7688939, 49.4445524 ], [ 7.7688938, 49.4445524 ], [ 7.7688937, 49.4445524 ], [ 7.7688935, 49.4445524 ], [ 7.7688934, 49.4445524 ], [ 7.7688932, 49.4445524 ], [ 7.7688931, 49.4445524 ], [ 7.768893, 49.4445524 ], [ 7.7688928, 49.4445524 ], [ 7.7688927, 49.4445524 ], [ 7.7688926, 49.4445524 ], [ 7.7688924, 49.4445524 ], [ 7.7688923, 49.4445524 ], [ 7.7688922, 49.4445524 ], [ 7.768892, 49.4445524 ], [ 7.7688919, 49.4445524 ], [ 7.7688918, 49.4445524 ], [ 7.7688916, 49.4445525 ], [ 7.7688915, 49.4445525 ], [ 7.7688914, 49.4445525 ], [ 7.7688912, 49.4445525 ], [ 7.7688911, 49.4445525 ], [ 7.768891, 49.4445526 ], [ 7.7688908, 49.4445526 ], [ 7.7688907, 49.4445526 ], [ 7.7688906, 49.4445526 ], [ 7.7688904, 49.4445527 ], [ 7.7688903, 49.4445527 ], [ 7.7688902, 49.4445527 ], [ 7.7688901, 49.4445528 ], [ 7.7688899, 49.4445528 ], [ 7.7688898, 49.4445528 ], [ 7.7688897, 49.4445529 ], [ 7.7688896, 49.4445529 ], [ 7.7688894, 49.4445529 ], [ 7.7688893, 49.444553 ], [ 7.7688892, 49.444553 ], [ 7.7688891, 49.4445531 ], [ 7.768889, 49.4445531 ], [ 7.7688888, 49.4445532 ], [ 7.7688887, 49.4445532 ], [ 7.7688886, 49.4445533 ], [ 7.7688885, 49.4445533 ], [ 7.7688884, 49.4445534 ], [ 7.7688883, 49.4445534 ], [ 7.7688882, 49.4445535 ], [ 7.7688881, 49.4445535 ], [ 7.768888, 49.4445536 ], [ 7.7688879, 49.4445536 ], [ 7.7688878, 49.4445537 ], [ 7.7688877, 49.4445538 ], [ 7.7688876, 49.4445538 ], [ 7.7688875, 49.4445539 ], [ 7.7688874, 49.4445539 ], [ 7.7688873, 49.444554 ], [ 7.7688872, 49.4445541 ], [ 7.7688871, 49.4445541 ], [ 7.768887, 49.4445542 ], [ 7.7688869, 49.4445543 ], [ 7.7688868, 49.4445543 ], [ 7.7688867, 49.4445544 ], [ 7.7688867, 49.4445545 ], [ 7.7688866, 49.4445546 ], [ 7.7688865, 49.4445546 ], [ 7.7688864, 49.4445547 ], [ 7.7688864, 49.4445548 ], [ 7.7688863, 49.4445549 ], [ 7.7688862, 49.4445549 ], [ 7.7688862, 49.444555 ], [ 7.7688861, 49.4445551 ], [ 7.768886, 49.4445552 ], [ 7.768886, 49.4445552 ], [ 7.7688859, 49.4445553 ], [ 7.7688859, 49.4445554 ], [ 7.7688858, 49.4445555 ], [ 7.7688857, 49.4445556 ], [ 7.7688857, 49.4445557 ], [ 7.7688856, 49.4445557 ], [ 7.7688856, 49.4445558 ], [ 7.7688856, 49.4445559 ], [ 7.7688855, 49.444556 ], [ 7.7688855, 49.4445561 ], [ 7.7688854, 49.4445562 ], [ 7.7688854, 49.4445562 ], [ 7.7688854, 49.4445563 ], [ 7.7688853, 49.4445564 ], [ 7.7688853, 49.4445565 ], [ 7.7688853, 49.4445566 ], [ 7.7688853, 49.4445567 ], [ 7.7688853, 49.4445568 ], [ 7.7688852, 49.4445569 ], [ 7.7688852, 49.4445569 ], [ 7.7688852, 49.444557 ], [ 7.7688852, 49.4445571 ], [ 7.7688852, 49.4445572 ], [ 7.7688852, 49.4445573 ], [ 7.7688852, 49.4445574 ], [ 7.7688852, 49.4445575 ], [ 7.7688852, 49.4445576 ], [ 7.7688852, 49.4445577 ], [ 7.7688852, 49.4445577 ], [ 7.7688852, 49.4445578 ], [ 7.7688852, 49.4445579 ], [ 7.7688852, 49.444558 ], [ 7.7688852, 49.4445581 ], [ 7.7688853, 49.4445582 ], [ 7.7688853, 49.4445583 ], [ 7.7688853, 49.4445584 ], [ 7.7688853, 49.4445584 ], [ 7.7688854, 49.4445585 ], [ 7.7688854, 49.4445586 ], [ 7.7688854, 49.4445587 ], [ 7.7688854, 49.4445588 ], [ 7.7688855, 49.4445589 ], [ 7.7688855, 49.444559 ], [ 7.7688856, 49.444559 ], [ 7.7688856, 49.4445591 ], [ 7.7688857, 49.4445592 ], [ 7.7688857, 49.4445593 ], [ 7.7688858, 49.4445594 ], [ 7.7688858, 49.4445595 ], [ 7.7688859, 49.4445595 ], [ 7.7688859, 49.4445596 ], [ 7.768886, 49.4445597 ], [ 7.768886, 49.4445598 ], [ 7.7688861, 49.4445599 ], [ 7.7688862, 49.4445599 ], [ 7.7688862, 49.44456 ], [ 7.7688863, 49.4445601 ], [ 7.7688864, 49.4445602 ], [ 7.7688864, 49.4445602 ], [ 7.7688865, 49.4445603 ], [ 7.7688866, 49.4445604 ], [ 7.7688867, 49.4445605 ], [ 7.7688868, 49.4445605 ], [ 7.7688868, 49.4445606 ], [ 7.7688869, 49.4445607 ], [ 7.768887, 49.4445607 ], [ 7.7688871, 49.4445608 ], [ 7.7688872, 49.4445609 ], [ 7.7688873, 49.4445609 ], [ 7.7688874, 49.444561 ], [ 7.7688875, 49.4445611 ], [ 7.7688876, 49.4445611 ], [ 7.7688877, 49.4445612 ], [ 7.7688878, 49.4445613 ], [ 7.7688879, 49.4445613 ], [ 7.768888, 49.4445614 ], [ 7.7688881, 49.4445614 ], [ 7.7688882, 49.4445615 ], [ 7.7688883, 49.4445615 ], [ 7.7688884, 49.4445616 ], [ 7.7688885, 49.4445616 ], [ 7.7688886, 49.4445617 ], [ 7.7688887, 49.4445617 ], [ 7.7688889, 49.4445618 ], [ 7.768889, 49.4445618 ], [ 7.7688891, 49.4445619 ], [ 7.7688892, 49.4445619 ], [ 7.7688893, 49.444562 ], [ 7.7688894, 49.444562 ], [ 7.7688896, 49.444562 ], [ 7.7688897, 49.4445621 ], [ 7.7688898, 49.4445621 ], [ 7.7688899, 49.4445622 ], [ 7.7688901, 49.4445622 ], [ 7.7688902, 49.4445622 ], [ 7.7688903, 49.4445623 ], [ 7.7688905, 49.4445623 ], [ 7.7688906, 49.4445623 ], [ 7.7688907, 49.4445623 ], [ 7.7688908, 49.4445624 ], [ 7.768891, 49.4445624 ], [ 7.7688911, 49.4445624 ], [ 7.7688912, 49.4445624 ], [ 7.7688914, 49.4445624 ], [ 7.7688915, 49.4445625 ], [ 7.7688916, 49.4445625 ], [ 7.7688918, 49.4445625 ], [ 7.7688919, 49.4445625 ], [ 7.768892, 49.4445625 ], [ 7.7688922, 49.4445625 ], [ 7.7688923, 49.4445625 ], [ 7.7688924, 49.4445625 ], [ 7.7688926, 49.4445625 ], [ 7.7688927, 49.4445626 ], [ 7.7688929, 49.4445626 ], [ 7.768893, 49.4445626 ], [ 7.7688931, 49.4445626 ], [ 7.7688933, 49.4445626 ], [ 7.7688934, 49.4445625 ] ], [ [ 7.7687188, 49.4445742 ], [ 7.7687216, 49.444579 ], [ 7.7687281, 49.4445835 ], [ 7.7687323, 49.444585 ], [ 7.7687432, 49.4445861 ], [ 7.7687522, 49.4445843 ], [ 7.7687593, 49.4445803 ], [ 7.7687624, 49.4445767 ], [ 7.7687637, 49.4445695 ], [ 7.7687614, 49.4445646 ], [ 7.7687561, 49.4445601 ], [ 7.768747, 49.444557 ], [ 7.7687376, 49.4445567 ], [ 7.7687274, 49.4445595 ], [ 7.7687199, 49.444566 ], [ 7.7687184, 49.4445711 ], [ 7.7687188, 49.4445742 ] ] ] ] } },
{ "type": "Feature", "properties": { "fid": null, "fid_2": 7 }, "bbox": [ 7.7688583, 49.4446591, 7.768875, 49.444669 ], "geometry": { "type": "MultiPolygon", "coordinates": [ [ [ [ 7.7688646, 49.4446678 ], [ 7.7688583, 49.444669 ], [ 7.768875, 49.4446591 ], [ 7.7688748, 49.4446601 ], [ 7.7688718, 49.4446637 ], [ 7.7688646, 49.4446678 ] ] ] ] } }
]
}
