{
"type": "FeatureCollection",
"name": "05_KL_HK_Entwurfsfläche",
"crs": { "type": "name", "properties": { "name": "urn:ogc:def:crs:EPSG::25832" } },
"features": [
{ "type": "Feature", "properties": { "fid": 1, "fid_2": null, "Layer": null, "PaperSpace": null, "SubClasses": null, "Linetype": null, "EntityHandle": null, "Text": null, "fid_3": null, "Layer_2": null, "PaperSpace_2": null, "SubClasses_2": null, "Linetype_2": null, "EntityHandle_2": null, "Text_2": null, "fid_4": null, "fid_5": null }, "geometry": { "type": "MultiPolygon", "coordinates": [ [ [ [ 410730.286251247918699, 5477619.984852551482618 ], [ 410731.334790506865829, 5477618.962935511954129 ], [ 410731.334790506691206, 5477618.962935511954129 ], [ 410730.286251247918699, 5477619.984852551482618 ] ] ], [ [ [ 410744.580171974899713, 5477606.055025994777679 ], [ 410746.468844552291557, 5477607.992761928588152 ], [ 410746.308763595297933, 5477607.596547655761242 ], [ 410746.272685452830046, 5477607.253287052735686 ], [ 410746.372252669651061, 5477606.688614267855883 ], [ 410746.90722538868431, 5477605.952287387102842 ], [ 410747.636985809542239, 5477605.62737706489861 ], [ 410748.323088910779916, 5477605.651336306706071 ], [ 410748.984914927510545, 5477605.988553503528237 ], [ 410749.381417386117391, 5477606.478193135932088 ], [ 410749.558602663339116, 5477607.023513345047832 ], [ 410749.475102989352308, 5477607.817959675565362 ], [ 410749.259358539246023, 5477608.223715974017978 ], [ 410748.749173868098296, 5477608.683088464662433 ], [ 410748.096253414987586, 5477608.895235028117895 ], [ 410747.305205137003213, 5477608.784060446545482 ], [ 410747.17007854313124, 5477608.712212361395359 ], [ 410751.66317197488388, 5477613.322025994770229 ], [ 410751.934072254167404, 5477613.705086880363524 ], [ 410752.07338106399402, 5477614.153099891729653 ], [ 410752.071548430540133, 5477614.298535790294409 ], [ 410752.369633845984936, 5477614.540621784515679 ], [ 410752.4870756942546, 5477614.646760864183307 ], [ 410753.58107569423737, 5477615.745760863646865 ], [ 410753.687980277522001, 5477615.86530614644289 ], [ 410754.657980277552269, 5477617.074306147173047 ], [ 410754.749893465137575, 5477617.202059260569513 ], [ 410755.587893465126399, 5477618.506059260107577 ], [ 410755.66725347697502, 5477618.645405545830727 ], [ 410755.733527610078454, 5477618.777762820012867 ], [ 410756.590760277060326, 5477617.973505205474794 ], [ 410756.397940706694499, 5477618.036156036891043 ], [ 410755.606892428710125, 5477617.92498145531863 ], [ 410755.302141855936497, 5477617.762942698784173 ], [ 410754.825244164094329, 5477617.269100681878626 ], [ 410754.610450887004845, 5477616.73746866453439 ], [ 410754.574372744536959, 5477616.394208061508834 ], [ 410754.673939961357974, 5477615.829535276629031 ], [ 410755.208912680391222, 5477615.09320839587599 ], [ 410755.938673101249151, 5477614.768298073671758 ], [ 410756.624776202486828, 5477614.792257315479219 ], [ 410757.286602219217457, 5477615.129474512301385 ], [ 410757.683104677824304, 5477615.619114144705236 ], [ 410757.860289955046028, 5477616.16443435382098 ], [ 410757.788230304140598, 5477616.850036134943366 ], [ 410760.327152282232419, 5477614.468013829551637 ], [ 410748.580040810164064, 5477602.154204206541181 ], [ 410744.57890601787949, 5477606.0540811708197 ], [ 410744.580171974899713, 5477606.055025994777679 ] ] ], [ [ [ 410762.243748823821079, 5477606.307423121295869 ], [ 410755.261894981667865, 5477598.896500084549189 ], [ 410746.862885383714456, 5477590.108516900800169 ], [ 410747.029288076795638, 5477590.620651728473604 ], [ 410746.94578840280883, 5477591.415098058991134 ], [ 410746.730043952702545, 5477591.82085435744375 ], [ 410746.219859281554818, 5477592.280226848088205 ], [ 410745.566938828444108, 5477592.492373411543667 ], [ 410744.775890550459735, 5477592.381198829971254 ], [ 410744.471139977686107, 5477592.219160073436797 ], [ 410743.994242285843939, 5477591.72531805653125 ], [ 410743.779449008754455, 5477591.193686039187014 ], [ 410743.743370866286568, 5477590.850425436161458 ], [ 410743.842938083107583, 5477590.285752651281655 ], [ 410744.377910802140832, 5477589.549425770528615 ], [ 410745.107671222998761, 5477589.224515448324382 ], [ 410745.793774324236438, 5477589.248474690131843 ], [ 410746.275495455774944, 5477589.493923865258694 ], [ 410745.13861279404955, 5477588.304390075616539 ], [ 410744.872706597961951, 5477587.92122869566083 ], [ 410744.737340015301015, 5477587.474916432052851 ], [ 410744.687340015312657, 5477587.115916431881487 ], [ 410744.708121273142751, 5477586.586307707242668 ], [ 410744.911795740248635, 5477586.096987798810005 ], [ 410745.190396957623307, 5477585.66426887921989 ], [ 410744.90637289226288, 5477581.284132140688598 ], [ 410742.726244113466237, 5477584.698032382875681 ], [ 410739.222089746617712, 5477590.185246513225138 ], [ 410741.090233893715777, 5477592.173579690046608 ], [ 410758.214233893726487, 5477610.196579690091312 ], [ 410758.340682154463138, 5477610.222927932627499 ], [ 410761.004152479581535, 5477613.009748465381563 ], [ 410762.243748823821079, 5477606.307423121295869 ] ], [ [ 410749.824442297453061, 5477596.621919267810881 ], [ 410749.814633127243724, 5477596.622345176525414 ], [ 410749.804818042495754, 5477596.622600772418082 ], [ 410749.794999999983702, 5477596.622685980051756 ], [ 410749.78518195747165, 5477596.622600772418082 ], [ 410749.77536687272368, 5477596.622345176525414 ], [ 410749.765557702514343, 5477596.621919267810881 ], [ 410749.755757401871961, 5477596.621323175728321 ], [ 410749.74596892320551, 5477596.620557079091668 ], [ 410749.736195215256885, 5477596.619621209800243 ], [ 410749.72643922251882, 5477596.618515848182142 ], [ 410749.716703883896116, 5477596.617241328582168 ], [ 410749.706992132239975, 5477596.615798034705222 ], [ 410749.69730689318385, 5477596.614186400547624 ], [ 410749.687651084561367, 5477596.612406912259758 ], [ 410749.678027615125757, 5477596.610460106283426 ], [ 410749.66843938396778, 5477596.608346568420529 ], [ 410749.658889279642608, 5477596.606066935695708 ], [ 410749.649380179063883, 5477596.603621894493699 ], [ 410749.639914946921635, 5477596.601012182421982 ], [ 410749.630496434692759, 5477596.598238584585488 ], [ 410749.621127479709685, 5477596.595301936380565 ], [ 410749.611810904345475, 5477596.592203123494983 ], [ 410749.602549515257124, 5477596.58894307911396 ], [ 410749.593346102570649, 5477596.585522784851491 ], [ 410749.584203438716941, 5477596.581943270750344 ], [ 410749.575124278024305, 5477596.578205617144704 ], [ 410749.566111355554312, 5477596.574310947209597 ], [ 410749.55716738657793, 5477596.570260437205434 ], [ 410749.548295065411367, 5477596.566055304370821 ], [ 410749.53949706495041, 5477596.561696818098426 ], [ 410749.530776035506278, 5477596.557186289690435 ], [ 410749.522134604456369, 5477596.552525078877807 ], [ 410749.513575374905486, 5477596.547714590094984 ], [ 410749.505100925453007, 5477596.542756270617247 ], [ 410749.496713809028734, 5477596.537651616148651 ], [ 410749.488416552310809, 5477596.532402164302766 ], [ 410749.480211654794402, 5477596.527009495534003 ], [ 410749.472101588326041, 5477596.521475235000253 ], [ 410749.464088795997668, 5477596.515801049768925 ], [ 410749.456175691797398, 5477596.509988648816943 ], [ 410749.44836465944536, 5477596.504039783962071 ], [ 410749.44065805216087, 5477596.497956247068942 ], [ 410749.433058191498276, 5477596.491739870980382 ], [ 410749.425567366939504, 5477596.485392527654767 ], [ 410749.418187835195567, 5477596.478916130028665 ], [ 410749.410921819275245, 5477596.472312628291547 ], [ 410749.403771508194041, 5477596.465584012679756 ], [ 410749.396739055926446, 5477596.458732309751213 ], [ 410749.389826581056695, 5477596.451759583316743 ], [ 410749.383036166022066, 5477596.444667934440076 ], [ 410749.376369856356177, 5477596.437459499575198 ], [ 410749.369829660397954, 5477596.430136450566351 ], [ 410749.363417548360303, 5477596.422700991854072 ], [ 410749.357135451922659, 5477596.415155365131795 ], [ 410749.350985263590701, 5477596.407501842826605 ], [ 410749.344968836172484, 5477596.399742730893195 ], [ 410749.339087982021738, 5477596.391880366951227 ], [ 410749.333344472863246, 5477596.383917118422687 ], [ 410749.327740038919728, 5477596.375855385325849 ], [ 410749.322276368562598, 5477596.367697596549988 ], [ 410749.316955107671674, 5477596.359446208924055 ], [ 410749.311777859344147, 5477596.351103708148003 ], [ 410749.306746183312498, 5477596.342672607861459 ], [ 410749.30186159524601, 5477596.334155446849763 ], [ 410749.297125566692557, 5477596.325554792769253 ], [ 410749.292539524496533, 5477596.316873235628009 ], [ 410749.288104850042146, 5477596.308113391511142 ], [ 410749.283822879428044, 5477596.299277897924185 ], [ 410749.279694902594201, 5477596.290369416587055 ], [ 410749.275722163030878, 5477596.281390633434057 ], [ 410749.271905857603997, 5477596.272344251163304 ], [ 410749.26824713597307, 5477596.26323299575597 ], [ 410749.264747100358363, 5477596.254059611819685 ], [ 410749.261406805075239, 5477596.244826863519847 ], [ 410749.258227256534155, 5477596.235537530854344 ], [ 410749.255209412425756, 5477596.226194414310157 ], [ 410749.252354182011914, 5477596.216800326481462 ], [ 410749.249662425427232, 5477596.207358099520206 ], [ 410749.247134953504428, 5477596.19787057582289 ], [ 410749.244772527716123, 5477596.188340614549816 ], [ 410749.24257585965097, 5477596.178771086037159 ], [ 410749.240545611188281, 5477596.169164873659611 ], [ 410749.238682393915951, 5477596.159524871967733 ], [ 410749.236986769072246, 5477596.149853983893991 ], [ 410749.235459247545805, 5477596.14015512354672 ], [ 410749.23410028940998, 5477596.130431212484837 ], [ 410749.232910304155666, 5477596.120685179717839 ], [ 410749.231889650283847, 5477596.110919961705804 ], [ 410749.231038635130972, 5477596.101138499565423 ], [ 410749.230357515159994, 5477596.091343740932643 ], [ 410749.229846495611127, 5477596.081538636237383 ], [ 410749.229505730327219, 5477596.071726139634848 ], [ 410749.22933532204479, 5477596.061909206211567 ], [ 410749.22933532204479, 5477596.052090793848038 ], [ 410749.229505730327219, 5477596.042273860424757 ], [ 410749.229846495611127, 5477596.032461363822222 ], [ 410749.230357515159994, 5477596.022656259126961 ], [ 410749.231038635130972, 5477596.012861500494182 ], [ 410749.231889650283847, 5477596.003080038353801 ], [ 410749.232910304155666, 5477595.993314820341766 ], [ 410749.23410028940998, 5477595.983568787574768 ], [ 410749.235459247545805, 5477595.973844876512885 ], [ 410749.236986769072246, 5477595.964146016165614 ], [ 410749.238682393915951, 5477595.954475128091872 ], [ 410749.240545611188281, 5477595.944835126399994 ], [ 410749.24257585965097, 5477595.935228914022446 ], [ 410749.244772527716123, 5477595.925659385509789 ], [ 410749.247134953504428, 5477595.916129424236715 ], [ 410749.249662425427232, 5477595.906641900539398 ], [ 410749.252354182011914, 5477595.897199673578143 ], [ 410749.255209412425756, 5477595.887805585749447 ], [ 410749.258227256534155, 5477595.87846246920526 ], [ 410749.261406805075239, 5477595.869173136539757 ], [ 410749.264747100358363, 5477595.85994038823992 ], [ 410749.26824713597307, 5477595.850767004303634 ], [ 410749.271905857603997, 5477595.841655748896301 ], [ 410749.275722163030878, 5477595.832609366625547 ], [ 410749.279694902594201, 5477595.82363058347255 ], [ 410749.283822879428044, 5477595.81472210213542 ], [ 410749.288104850042146, 5477595.805886608548462 ], [ 410749.292539524496533, 5477595.797126764431596 ], [ 410749.297125566692557, 5477595.788445207290351 ], [ 410749.30186159524601, 5477595.779844553209841 ], [ 410749.306746183312498, 5477595.771327392198145 ], [ 410749.311777859344147, 5477595.762896291911602 ], [ 410749.316955107671674, 5477595.75455379113555 ], [ 410749.322276368562598, 5477595.746302403509617 ], [ 410749.327740038919728, 5477595.738144614733756 ], [ 410749.333344472863246, 5477595.730082881636918 ], [ 410749.339087982021738, 5477595.722119633108377 ], [ 410749.344968836172484, 5477595.71425726916641 ], [ 410749.350985263590701, 5477595.706498157233 ], [ 410749.357135451922659, 5477595.698844634927809 ], [ 410749.363417548360303, 5477595.691299008205533 ], [ 410749.369829660397954, 5477595.683863549493253 ], [ 410749.376369856356177, 5477595.676540500484407 ], [ 410749.383036166022066, 5477595.669332065619528 ], [ 410749.389826581056695, 5477595.662240416742861 ], [ 410749.396739055926446, 5477595.655267690308392 ], [ 410749.403771508194041, 5477595.648415987379849 ], [ 410749.410921819275245, 5477595.641687371768057 ], [ 410749.418187835195567, 5477595.63508387003094 ], [ 410749.425567366939504, 5477595.628607472404838 ], [ 410749.433058191498276, 5477595.622260129079223 ], [ 410749.44065805216087, 5477595.616043752990663 ], [ 410749.44836465944536, 5477595.609960216097534 ], [ 410749.456175691797398, 5477595.604011351242661 ], [ 410749.464088795997668, 5477595.59819895029068 ], [ 410749.472101588326041, 5477595.592524765059352 ], [ 410749.480211654794402, 5477595.586990504525602 ], [ 410749.488416552310809, 5477595.581597835756838 ], [ 410749.496713809028734, 5477595.576348383910954 ], [ 410749.505100925453007, 5477595.571243729442358 ], [ 410749.513575374905486, 5477595.566285409964621 ], [ 410749.522134604456369, 5477595.561474921181798 ], [ 410749.530776035506278, 5477595.55681371036917 ], [ 410749.53949706495041, 5477595.552303181961179 ], [ 410749.548295065411367, 5477595.547944695688784 ], [ 410749.55716738657793, 5477595.543739562854171 ], [ 410749.566111355554312, 5477595.539689052850008 ], [ 410749.575124278024305, 5477595.535794382914901 ], [ 410749.584203438716941, 5477595.532056729309261 ], [ 410749.593346102570649, 5477595.528477215208113 ], [ 410749.602549515257124, 5477595.525056920945644 ], [ 410749.611810904345475, 5477595.521796876564622 ], [ 410749.621127479709685, 5477595.518698063679039 ], [ 410749.630496434692759, 5477595.515761415474117 ], [ 410749.639914946921635, 5477595.512987817637622 ], [ 410749.649380179063883, 5477595.510378105565906 ], [ 410749.658889279642608, 5477595.507933064363897 ], [ 410749.66843938396778, 5477595.505653431639075 ], [ 410749.678027615125757, 5477595.503539893776178 ], [ 410749.687651084561367, 5477595.501593087799847 ], [ 410749.69730689318385, 5477595.499813599511981 ], [ 410749.706992132239975, 5477595.498201965354383 ], [ 410749.716703883896116, 5477595.496758671477437 ], [ 410749.72643922251882, 5477595.495484151877463 ], [ 410749.736195215256885, 5477595.494378790259361 ], [ 410749.74596892320551, 5477595.493442920967937 ], [ 410749.755757401871961, 5477595.492676824331284 ], [ 410749.765557702514343, 5477595.492080732248724 ], [ 410749.77536687272368, 5477595.491654823534191 ], [ 410749.78518195747165, 5477595.491399227641523 ], [ 410749.794999999983702, 5477595.491314020007849 ], [ 410749.804818042495754, 5477595.491399227641523 ], [ 410749.814633127243724, 5477595.491654823534191 ], [ 410749.824442297453061, 5477595.492080732248724 ], [ 410749.834242598095443, 5477595.492676824331284 ], [ 410749.844031076761894, 5477595.493442920967937 ], [ 410749.853804784710519, 5477595.494378790259361 ], [ 410749.863560777448583, 5477595.495484151877463 ], [ 410749.873296116071288, 5477595.496758671477437 ], [ 410749.883007867727429, 5477595.498201965354383 ], [ 410749.892693106783554, 5477595.499813599511981 ], [ 410749.902348915406037, 5477595.501593087799847 ], [ 410749.911972384841647, 5477595.503539893776178 ], [ 410749.921560615999624, 5477595.505653431639075 ], [ 410749.931110720324796, 5477595.507933064363897 ], [ 410749.940619820903521, 5477595.510378105565906 ], [ 410749.950085053045768, 5477595.512987817637622 ], [ 410749.959503565274645, 5477595.515761415474117 ], [ 410749.968872520257719, 5477595.518698063679039 ], [ 410749.978189095621929, 5477595.521796876564622 ], [ 410749.98745048471028, 5477595.525056920945644 ], [ 410749.996653897396754, 5477595.528477215208113 ], [ 410750.005796561250463, 5477595.532056729309261 ], [ 410750.014875721943099, 5477595.535794382914901 ], [ 410750.023888644413091, 5477595.539689052850008 ], [ 410750.032832613389473, 5477595.543739562854171 ], [ 410750.041704934556037, 5477595.547944695688784 ], [ 410750.050502935016993, 5477595.552303181961179 ], [ 410750.059223964461125, 5477595.55681371036917 ], [ 410750.067865395511035, 5477595.561474921181798 ], [ 410750.076424625061918, 5477595.566285409964621 ], [ 410750.084899074514396, 5477595.571243729442358 ], [ 410750.09328619093867, 5477595.576348383910954 ], [ 410750.101583447656594, 5477595.581597835756838 ], [ 410750.109788345173001, 5477595.586990504525602 ], [ 410750.117898411641363, 5477595.592524765059352 ], [ 410750.125911203969736, 5477595.59819895029068 ], [ 410750.133824308170006, 5477595.604011351242661 ], [ 410750.141635340522043, 5477595.609960216097534 ], [ 410750.149341947806533, 5477595.616043752990663 ], [ 410750.156941808469128, 5477595.622260129079223 ], [ 410750.1644326330279, 5477595.628607472404838 ], [ 410750.171812164771836, 5477595.63508387003094 ], [ 410750.179078180692159, 5477595.641687371768057 ], [ 410750.186228491773363, 5477595.648415987379849 ], [ 410750.193260944040958, 5477595.655267690308392 ], [ 410750.200173418910708, 5477595.662240416742861 ], [ 410750.206963833945338, 5477595.669332065619528 ], [ 410750.213630143611226, 5477595.676540500484407 ], [ 410750.220170339569449, 5477595.683863549493253 ], [ 410750.226582451607101, 5477595.691299008205533 ], [ 410750.232864548044745, 5477595.698844634927809 ], [ 410750.239014736376703, 5477595.706498157233 ], [ 410750.24503116379492, 5477595.71425726916641 ], [ 410750.250912017945666, 5477595.722119633108377 ], [ 410750.256655527104158, 5477595.730082881636918 ], [ 410750.262259961047675, 5477595.738144614733756 ], [ 410750.267723631404806, 5477595.746302403509617 ], [ 410750.273044892295729, 5477595.75455379113555 ], [ 410750.278222140623257, 5477595.762896291911602 ], [ 410750.283253816654906, 5477595.771327392198145 ], [ 410750.288138404721394, 5477595.779844553209841 ], [ 410750.292874433274847, 5477595.788445207290351 ], [ 410750.297460475470871, 5477595.797126764431596 ], [ 410750.301895149925258, 5477595.805886608548462 ], [ 410750.30617712053936, 5477595.81472210213542 ], [ 410750.310305097373202, 5477595.82363058347255 ], [ 410750.314277836936526, 5477595.832609366625547 ], [ 410750.318094142363407, 5477595.841655748896301 ], [ 410750.321752863994334, 5477595.850767004303634 ], [ 410750.32525289960904, 5477595.85994038823992 ], [ 410750.328593194892164, 5477595.869173136539757 ], [ 410750.331772743433248, 5477595.87846246920526 ], [ 410750.334790587541647, 5477595.887805585749447 ], [ 410750.33764581795549, 5477595.897199673578143 ], [ 410750.340337574540172, 5477595.906641900539398 ], [ 410750.342865046462975, 5477595.916129424236715 ], [ 410750.345227472251281, 5477595.925659385509789 ], [ 410750.347424140316434, 5477595.935228914022446 ], [ 410750.349454388779122, 5477595.944835126399994 ], [ 410750.351317606051452, 5477595.954475128091872 ], [ 410750.353013230895158, 5477595.964146016165614 ], [ 410750.354540752421599, 5477595.973844876512885 ], [ 410750.355899710557424, 5477595.983568787574768 ], [ 410750.357089695811737, 5477595.993314820341766 ], [ 410750.358110349683557, 5477596.003080038353801 ], [ 410750.358961364836432, 5477596.012861500494182 ], [ 410750.359642484807409, 5477596.022656259126961 ], [ 410750.360153504356276, 5477596.032461363822222 ], [ 410750.360494269640185, 5477596.042273860424757 ], [ 410750.360664677922614, 5477596.052090793848038 ], [ 410750.360664677922614, 5477596.061909206211567 ], [ 410750.360494269640185, 5477596.071726139634848 ], [ 410750.360153504356276, 5477596.081538636237383 ], [ 410750.359642484807409, 5477596.091343740932643 ], [ 410750.358961364836432, 5477596.101138499565423 ], [ 410750.358110349683557, 5477596.110919961705804 ], [ 410750.357089695811737, 5477596.120685179717839 ], [ 410750.355899710557424, 5477596.130431212484837 ], [ 410750.354540752421599, 5477596.14015512354672 ], [ 410750.353013230895158, 5477596.149853983893991 ], [ 410750.351317606051452, 5477596.159524871967733 ], [ 410750.349454388779122, 5477596.169164873659611 ], [ 410750.347424140316434, 5477596.178771086037159 ], [ 410750.345227472251281, 5477596.188340614549816 ], [ 410750.342865046462975, 5477596.19787057582289 ], [ 410750.340337574540172, 5477596.207358099520206 ], [ 410750.33764581795549, 5477596.216800326481462 ], [ 410750.334790587541647, 5477596.226194414310157 ], [ 410750.331772743433248, 5477596.235537530854344 ], [ 410750.328593194892164, 5477596.244826863519847 ], [ 410750.32525289960904, 5477596.254059611819685 ], [ 410750.321752863994334, 5477596.26323299575597 ], [ 410750.318094142363407, 5477596.272344251163304 ], [ 410750.314277836936526, 5477596.281390633434057 ], [ 410750.310305097373202, 5477596.290369416587055 ], [ 410750.30617712053936, 5477596.299277897924185 ], [ 410750.301895149925258, 5477596.308113391511142 ], [ 410750.297460475470871, 5477596.316873235628009 ], [ 410750.292874433274847, 5477596.325554792769253 ], [ 410750.288138404721394, 5477596.334155446849763 ], [ 410750.283253816654906, 5477596.342672607861459 ], [ 410750.278222140623257, 5477596.351103708148003 ], [ 410750.273044892295729, 5477596.359446208924055 ], [ 410750.267723631404806, 5477596.367697596549988 ], [ 410750.262259961047675, 5477596.375855385325849 ], [ 410750.256655527104158, 5477596.383917118422687 ], [ 410750.250912017945666, 5477596.391880366951227 ], [ 410750.24503116379492, 5477596.399742730893195 ], [ 410750.239014736376703, 5477596.407501842826605 ], [ 410750.232864548044745, 5477596.415155365131795 ], [ 410750.226582451607101, 5477596.422700991854072 ], [ 410750.220170339569449, 5477596.430136450566351 ], [ 410750.213630143611226, 5477596.437459499575198 ], [ 410750.206963833945338, 5477596.444667934440076 ], [ 410750.200173418910708, 5477596.451759583316743 ], [ 410750.193260944040958, 5477596.458732309751213 ], [ 410750.186228491773363, 5477596.465584012679756 ], [ 410750.179078180692159, 5477596.472312628291547 ], [ 410750.171812164771836, 5477596.478916130028665 ], [ 410750.1644326330279, 5477596.485392527654767 ], [ 410750.156941808469128, 5477596.491739870980382 ], [ 410750.149341947806533, 5477596.497956247068942 ], [ 410750.141635340522043, 5477596.504039783962071 ], [ 410750.133824308170006, 5477596.509988648816943 ], [ 410750.125911203969736, 5477596.515801049768925 ], [ 410750.117898411641363, 5477596.521475235000253 ], [ 410750.109788345173001, 5477596.527009495534003 ], [ 410750.101583447656594, 5477596.532402164302766 ], [ 410750.09328619093867, 5477596.537651616148651 ], [ 410750.084899074514396, 5477596.542756270617247 ], [ 410750.076424625061918, 5477596.547714590094984 ], [ 410750.067865395511035, 5477596.552525078877807 ], [ 410750.059223964461125, 5477596.557186289690435 ], [ 410750.050502935016993, 5477596.561696818098426 ], [ 410750.041704934556037, 5477596.566055304370821 ], [ 410750.032832613389473, 5477596.570260437205434 ], [ 410750.023888644413091, 5477596.574310947209597 ], [ 410750.014875721943099, 5477596.578205617144704 ], [ 410750.005796561250463, 5477596.581943270750344 ], [ 410749.996653897396754, 5477596.585522784851491 ], [ 410749.98745048471028, 5477596.58894307911396 ], [ 410749.978189095621929, 5477596.592203123494983 ], [ 410749.968872520257719, 5477596.595301936380565 ], [ 410749.959503565274645, 5477596.598238584585488 ], [ 410749.950085053045768, 5477596.601012182421982 ], [ 410749.940619820903521, 5477596.603621894493699 ], [ 410749.931110720324796, 5477596.606066935695708 ], [ 410749.921560615999624, 5477596.608346568420529 ], [ 410749.911972384841647, 5477596.610460106283426 ], [ 410749.902348915406037, 5477596.612406912259758 ], [ 410749.892693106783554, 5477596.614186400547624 ], [ 410749.883007867727429, 5477596.615798034705222 ], [ 410749.873296116071288, 5477596.617241328582168 ], [ 410749.863560777448583, 5477596.618515848182142 ], [ 410749.853804784710519, 5477596.619621209800243 ], [ 410749.844031076761894, 5477596.620557079091668 ], [ 410749.834242598095443, 5477596.621323175728321 ], [ 410749.824442297453061, 5477596.621919267810881 ] ], [ [ 410752.98390000173822, 5477600.741507383994758 ], [ 410753.083467218559235, 5477600.176834599114954 ], [ 410753.618439937592484, 5477599.440507718361914 ], [ 410754.348200358450413, 5477599.115597396157682 ], [ 410755.03430345968809, 5477599.139556637965143 ], [ 410755.696129476418719, 5477599.476773834787309 ], [ 410756.092631935025565, 5477599.96641346719116 ], [ 410756.26981721224729, 5477600.511733676306903 ], [ 410756.186317538260482, 5477601.306180006824434 ], [ 410755.970573088154197, 5477601.71193630527705 ], [ 410755.46038841700647, 5477602.171308795921504 ], [ 410754.80746796389576, 5477602.383455359376967 ], [ 410754.016419685911387, 5477602.272280777804554 ], [ 410753.711669113137759, 5477602.110242021270096 ], [ 410753.234771421295591, 5477601.61640000436455 ], [ 410753.019978144206107, 5477601.084767987020314 ], [ 410752.98390000173822, 5477600.741507383994758 ] ], [ [ 410758.934525242249947, 5477606.095189561136067 ], [ 410758.924664519028738, 5477606.09562008921057 ], [ 410758.914797783887479, 5477606.095878459513187 ], [ 410758.904928042320535, 5477606.095964591018856 ], [ 410758.89505830075359, 5477606.095878459513187 ], [ 410758.885191565612331, 5477606.09562008921057 ], [ 410758.875330842391122, 5477606.095189561136067 ], [ 410758.865479134779889, 5477606.094587004743516 ], [ 410758.85563944367459, 5477606.093812604434788 ], [ 410758.845814766362309, 5477606.092866595834494 ], [ 410758.836008095531724, 5477606.091749266721308 ], [ 410758.826222418341786, 5477606.090460957959294 ], [ 410758.816460715723224, 5477606.089002061635256 ], [ 410758.806725961039774, 5477606.087373021990061 ], [ 410758.797021119680721, 5477606.085574336349964 ], [ 410758.78734914783854, 5477606.083606551401317 ], [ 410758.777712991635781, 5477606.081470266915858 ], [ 410758.768115586368367, 5477606.079166133888066 ], [ 410758.758559855516069, 5477606.07669485360384 ], [ 410758.749048709869385, 5477606.074057179503143 ], [ 410758.739585046540014, 5477606.071253914386034 ], [ 410758.730171748262364, 5477606.068285913206637 ], [ 410758.720811682462227, 5477606.065154079347849 ], [ 410758.711507700325456, 5477606.061859365552664 ], [ 410758.702262635866646, 5477606.058402777649462 ], [ 410758.693079305288848, 5477606.054785368032753 ], [ 410758.683960505819414, 5477606.051008237525821 ], [ 410758.674909015244339, 5477606.047072537243366 ], [ 410758.665927590685897, 5477606.042979466728866 ], [ 410758.657018968020566, 5477606.038730271160603 ], [ 410758.64818586083129, 5477606.0343262469396 ], [ 410758.639430959767196, 5477606.029768733307719 ], [ 410758.630756931728683, 5477606.025059120729566 ], [ 410758.622166418819688, 5477606.020198842510581 ], [ 410758.613662037882023, 5477606.015189379453659 ], [ 410758.605246379389428, 5477606.010032257065177 ], [ 410758.59692200680729, 5477606.004729046486318 ], [ 410758.588691455835942, 5477605.999281363561749 ], [ 410758.580557233653963, 5477605.993690867908299 ], [ 410758.572521817928646, 5477605.98795926105231 ], [ 410758.564587656350341, 5477605.982088291086257 ], [ 410758.556757165759336, 5477605.976079744286835 ], [ 410758.549032731389161, 5477605.969935451634228 ], [ 410758.541416706168093, 5477605.963657285086811 ], [ 410758.533911410020664, 5477605.957247156649828 ], [ 410758.526519129169174, 5477605.950707018375397 ], [ 410758.519242115318775, 5477605.944038864225149 ], [ 410758.512082585133612, 5477605.937244723550975 ], [ 410758.505042719480116, 5477605.930326666682959 ], [ 410758.498124662786722, 5477605.923286801204085 ], [ 410758.491330522287171, 5477605.916127271018922 ], [ 410758.484662367671262, 5477605.908850257284939 ], [ 410758.478122229978908, 5477605.901457976549864 ], [ 410758.471712101541925, 5477605.893952679820359 ], [ 410758.465433934819885, 5477605.886336654424667 ], [ 410758.459289642283693, 5477605.878612220287323 ], [ 410758.453281095542479, 5477605.870781729929149 ], [ 410758.447410124819726, 5477605.862847568467259 ], [ 410758.441678518487606, 5477605.854812152683735 ], [ 410758.436088022426702, 5477605.846677930094302 ], [ 410758.430640339618549, 5477605.838447378948331 ], [ 410758.425337129388936, 5477605.830123006366193 ], [ 410758.420180007233284, 5477605.82170734833926 ], [ 410758.415170544001739, 5477605.813202966935933 ], [ 410758.41031026566634, 5477605.804612454026937 ], [ 410758.40560065273894, 5477605.795938426628709 ], [ 410758.401043139689136, 5477605.787183525040746 ], [ 410758.396639114944264, 5477605.778350418433547 ], [ 410758.392389919841662, 5477605.769441795535386 ], [ 410758.388296848861501, 5477605.760460371151567 ], [ 410758.384361148753669, 5477605.751408880576491 ], [ 410758.380584018363152, 5477605.742290080524981 ], [ 410758.376966608222574, 5477605.733106750063598 ], [ 410758.373510020261165, 5477605.723861685954034 ], [ 410758.370215307397302, 5477605.714557703584433 ], [ 410758.367083473189268, 5477605.70519763790071 ], [ 410758.364115471660625, 5477605.695784339681268 ], [ 410758.361312206892762, 5477605.686320676468313 ], [ 410758.358674532733858, 5477605.676809530705214 ], [ 410758.356203252682462, 5477605.6672537997365 ], [ 410758.353899119538255, 5477605.65765639487654 ], [ 410758.351762835169211, 5477605.648020238615572 ], [ 410758.349795050220564, 5477605.638348266482353 ], [ 410758.347996364231221, 5477605.628643425181508 ], [ 410758.34636732499348, 5477605.618908670730889 ], [ 410758.344908428727649, 5477605.609146967530251 ], [ 410758.343620119907428, 5477605.599361290223897 ], [ 410758.342502790910657, 5477605.589554619975388 ], [ 410758.341556782077532, 5477605.579729942604899 ], [ 410758.340782381594181, 5477605.569890251383185 ], [ 410758.340179825318046, 5477605.560038543306291 ], [ 410758.339749296836089, 5477605.550177820026875 ], [ 410758.339490927290171, 5477605.540311085060239 ], [ 410758.33940479537705, 5477605.530441343784332 ], [ 410758.339490927290171, 5477605.520571602508426 ], [ 410758.339749296836089, 5477605.51070486754179 ], [ 410758.340179825318046, 5477605.500844144262373 ], [ 410758.340782381594181, 5477605.490992436185479 ], [ 410758.341556782077532, 5477605.481152744963765 ], [ 410758.342502790910657, 5477605.471328067593277 ], [ 410758.343620119907428, 5477605.461521397344768 ], [ 410758.344908428727649, 5477605.451735720038414 ], [ 410758.34636732499348, 5477605.441974016837776 ], [ 410758.347996364231221, 5477605.432239262387156 ], [ 410758.349795050220564, 5477605.422534421086311 ], [ 410758.351762835169211, 5477605.412862448953092 ], [ 410758.353899119538255, 5477605.403226292692125 ], [ 410758.356203252682462, 5477605.393628887832165 ], [ 410758.358674532733858, 5477605.384073156863451 ], [ 410758.361312206892762, 5477605.374562011100352 ], [ 410758.364115471660625, 5477605.365098347887397 ], [ 410758.367083473189268, 5477605.355685049667954 ], [ 410758.370215307397302, 5477605.346324983984232 ], [ 410758.373510020261165, 5477605.33702100161463 ], [ 410758.376966608222574, 5477605.327775937505066 ], [ 410758.380584018363152, 5477605.318592607043684 ], [ 410758.384361148753669, 5477605.309473806992173 ], [ 410758.388296848861501, 5477605.300422316417098 ], [ 410758.392389919841662, 5477605.291440892033279 ], [ 410758.396639114944264, 5477605.282532269135118 ], [ 410758.401043139689136, 5477605.273699162527919 ], [ 410758.40560065273894, 5477605.264944260939956 ], [ 410758.41031026566634, 5477605.256270233541727 ], [ 410758.415170544001739, 5477605.247679720632732 ], [ 410758.420180007233284, 5477605.239175339229405 ], [ 410758.425337129388936, 5477605.230759681202471 ], [ 410758.430640339618549, 5477605.222435308620334 ], [ 410758.436088022426702, 5477605.214204757474363 ], [ 410758.441678518487606, 5477605.20607053488493 ], [ 410758.447410124819726, 5477605.198035119101405 ], [ 410758.453281095542479, 5477605.190100957639515 ], [ 410758.459289642283693, 5477605.182270467281342 ], [ 410758.465433934819885, 5477605.174546033143997 ], [ 410758.471712101541925, 5477605.166930007748306 ], [ 410758.478122229978908, 5477605.159424711018801 ], [ 410758.484662367671262, 5477605.152032430283725 ], [ 410758.491330522287171, 5477605.144755416549742 ], [ 410758.498124662786722, 5477605.137595886364579 ], [ 410758.505042719480116, 5477605.130556020885706 ], [ 410758.512082585133612, 5477605.123637964017689 ], [ 410758.519242115318775, 5477605.116843823343515 ], [ 410758.526519129169174, 5477605.110175669193268 ], [ 410758.533911410020664, 5477605.103635530918837 ], [ 410758.541416706168093, 5477605.097225402481854 ], [ 410758.549032731389161, 5477605.090947235934436 ], [ 410758.556757165759336, 5477605.084802943281829 ], [ 410758.564587656350341, 5477605.078794396482408 ], [ 410758.572521817928646, 5477605.072923426516354 ], [ 410758.580557233653963, 5477605.067191819660366 ], [ 410758.588691455835942, 5477605.061601324006915 ], [ 410758.59692200680729, 5477605.056153641082346 ], [ 410758.605246379389428, 5477605.050850430503488 ], [ 410758.613662037882023, 5477605.045693308115005 ], [ 410758.622166418819688, 5477605.040683845058084 ], [ 410758.630756931728683, 5477605.035823566839099 ], [ 410758.639430959767196, 5477605.031113954260945 ], [ 410758.64818586083129, 5477605.026556440629065 ], [ 410758.657018968020566, 5477605.022152416408062 ], [ 410758.665927590685897, 5477605.017903220839798 ], [ 410758.674909015244339, 5477605.013810150325298 ], [ 410758.683960505819414, 5477605.009874450042844 ], [ 410758.693079305288848, 5477605.006097319535911 ], [ 410758.702262635866646, 5477605.002479909919202 ], [ 410758.711507700325456, 5477604.999023322016001 ], [ 410758.720811682462227, 5477604.995728608220816 ], [ 410758.730171748262364, 5477604.992596774362028 ], [ 410758.739585046540014, 5477604.989628773182631 ], [ 410758.749048709869385, 5477604.986825508065522 ], [ 410758.758559855516069, 5477604.984187833964825 ], [ 410758.768115586368367, 5477604.981716553680599 ], [ 410758.777712991635781, 5477604.979412420652807 ], [ 410758.78734914783854, 5477604.977276136167347 ], [ 410758.797021119680721, 5477604.9753083512187 ], [ 410758.806725961039774, 5477604.973509665578604 ], [ 410758.816460715723224, 5477604.971880625933409 ], [ 410758.826222418341786, 5477604.97042172960937 ], [ 410758.836008095531724, 5477604.969133420847356 ], [ 410758.845814766362309, 5477604.968016091734171 ], [ 410758.85563944367459, 5477604.967070083133876 ], [ 410758.865479134779889, 5477604.966295682825148 ], [ 410758.875330842391122, 5477604.965693126432598 ], [ 410758.885191565612331, 5477604.965262598358095 ], [ 410758.89505830075359, 5477604.965004228055477 ], [ 410758.904928042320535, 5477604.964918096549809 ], [ 410758.914797783887479, 5477604.965004228055477 ], [ 410758.924664519028738, 5477604.965262598358095 ], [ 410758.934525242249947, 5477604.965693126432598 ], [ 410758.94437694986118, 5477604.966295682825148 ], [ 410758.954216640966479, 5477604.967070083133876 ], [ 410758.96404131827876, 5477604.968016091734171 ], [ 410758.973847989109345, 5477604.969133420847356 ], [ 410758.983633666299284, 5477604.97042172960937 ], [ 410758.993395368917845, 5477604.971880625933409 ], [ 410759.003130123601295, 5477604.973509665578604 ], [ 410759.012834964960348, 5477604.9753083512187 ], [ 410759.022506936802529, 5477604.977276136167347 ], [ 410759.032143093005288, 5477604.979412420652807 ], [ 410759.041740498272702, 5477604.981716553680599 ], [ 410759.051296229125001, 5477604.984187833964825 ], [ 410759.060807374771684, 5477604.986825508065522 ], [ 410759.070271038101055, 5477604.989628773182631 ], [ 410759.079684336378705, 5477604.992596774362028 ], [ 410759.089044402178843, 5477604.995728608220816 ], [ 410759.098348384315614, 5477604.999023322016001 ], [ 410759.107593448774423, 5477605.002479909919202 ], [ 410759.116776779352222, 5477605.006097319535911 ], [ 410759.125895578821655, 5477605.009874450042844 ], [ 410759.134947069396731, 5477605.013810150325298 ], [ 410759.143928493955173, 5477605.017903220839798 ], [ 410759.152837116620503, 5477605.022152416408062 ], [ 410759.161670223809779, 5477605.026556440629065 ], [ 410759.170425124873873, 5477605.031113954260945 ], [ 410759.179099152912386, 5477605.035823566839099 ], [ 410759.187689665821381, 5477605.040683845058084 ], [ 410759.196194046759047, 5477605.045693308115005 ], [ 410759.204609705251642, 5477605.050850430503488 ], [ 410759.212934077833779, 5477605.056153641082346 ], [ 410759.221164628805127, 5477605.061601324006915 ], [ 410759.229298850987107, 5477605.067191819660366 ], [ 410759.237334266712423, 5477605.072923426516354 ], [ 410759.245268428290728, 5477605.078794396482408 ], [ 410759.253098918881733, 5477605.084802943281829 ], [ 410759.260823353251908, 5477605.090947235934436 ], [ 410759.268439378472976, 5477605.097225402481854 ], [ 410759.275944674620405, 5477605.103635530918837 ], [ 410759.283336955471896, 5477605.110175669193268 ], [ 410759.290613969322294, 5477605.116843823343515 ], [ 410759.297773499507457, 5477605.123637964017689 ], [ 410759.304813365160953, 5477605.130556020885706 ], [ 410759.311731421854347, 5477605.137595886364579 ], [ 410759.318525562353898, 5477605.144755416549742 ], [ 410759.325193716969807, 5477605.152032430283725 ], [ 410759.331733854662161, 5477605.159424711018801 ], [ 410759.338143983099144, 5477605.166930007748306 ], [ 410759.344422149821185, 5477605.174546033143997 ], [ 410759.350566442357376, 5477605.182270467281342 ], [ 410759.35657498909859, 5477605.190100957639515 ], [ 410759.362445959821343, 5477605.198035119101405 ], [ 410759.368177566153463, 5477605.20607053488493 ], [ 410759.373768062214367, 5477605.214204757474363 ], [ 410759.37921574502252, 5477605.222435308620334 ], [ 410759.384518955252133, 5477605.230759681202471 ], [ 410759.389676077407785, 5477605.239175339229405 ], [ 410759.39468554063933, 5477605.247679720632732 ], [ 410759.39954581897473, 5477605.256270233541727 ], [ 410759.404255431902129, 5477605.264944260939956 ], [ 410759.408812944951933, 5477605.273699162527919 ], [ 410759.413216969696805, 5477605.282532269135118 ], [ 410759.417466164799407, 5477605.291440892033279 ], [ 410759.421559235779569, 5477605.300422316417098 ], [ 410759.4254949358874, 5477605.309473806992173 ], [ 410759.429272066277917, 5477605.318592607043684 ], [ 410759.432889476418495, 5477605.327775937505066 ], [ 410759.436346064379904, 5477605.33702100161463 ], [ 410759.439640777243767, 5477605.346324983984232 ], [ 410759.442772611451801, 5477605.355685049667954 ], [ 410759.445740612980444, 5477605.365098347887397 ], [ 410759.448543877748307, 5477605.374562011100352 ], [ 410759.451181551907212, 5477605.384073156863451 ], [ 410759.453652831958607, 5477605.393628887832165 ], [ 410759.455956965102814, 5477605.403226292692125 ], [ 410759.458093249471858, 5477605.412862448953092 ], [ 410759.460061034420505, 5477605.422534421086311 ], [ 410759.461859720409848, 5477605.432239262387156 ], [ 410759.463488759647589, 5477605.441974016837776 ], [ 410759.46494765591342, 5477605.451735720038414 ], [ 410759.466235964733642, 5477605.461521397344768 ], [ 410759.467353293730412, 5477605.471328067593277 ], [ 410759.468299302563537, 5477605.481152744963765 ], [ 410759.469073703046888, 5477605.490992436185479 ], [ 410759.469676259323023, 5477605.500844144262373 ], [ 410759.47010678780498, 5477605.51070486754179 ], [ 410759.470365157350898, 5477605.520571602508426 ], [ 410759.47045128926402, 5477605.530441343784332 ], [ 410759.470365157350898, 5477605.540311085060239 ], [ 410759.47010678780498, 5477605.550177820026875 ], [ 410759.469676259323023, 5477605.560038543306291 ], [ 410759.469073703046888, 5477605.569890251383185 ], [ 410759.468299302563537, 5477605.579729942604899 ], [ 410759.467353293730412, 5477605.589554619975388 ], [ 410759.466235964733642, 5477605.599361290223897 ], [ 410759.46494765591342, 5477605.609146967530251 ], [ 410759.463488759647589, 5477605.618908670730889 ], [ 410759.461859720409848, 5477605.628643425181508 ], [ 410759.460061034420505, 5477605.638348266482353 ], [ 410759.458093249471858, 5477605.648020238615572 ], [ 410759.455956965102814, 5477605.65765639487654 ], [ 410759.453652831958607, 5477605.6672537997365 ], [ 410759.451181551907212, 5477605.676809530705214 ], [ 410759.448543877748307, 5477605.686320676468313 ], [ 410759.445740612980444, 5477605.695784339681268 ], [ 410759.442772611451801, 5477605.70519763790071 ], [ 410759.439640777243767, 5477605.714557703584433 ], [ 410759.436346064379904, 5477605.723861685954034 ], [ 410759.432889476418495, 5477605.733106750063598 ], [ 410759.429272066277917, 5477605.742290080524981 ], [ 410759.4254949358874, 5477605.751408880576491 ], [ 410759.421559235779569, 5477605.760460371151567 ], [ 410759.417466164799407, 5477605.769441795535386 ], [ 410759.413216969696805, 5477605.778350418433547 ], [ 410759.408812944951933, 5477605.787183525040746 ], [ 410759.404255431902129, 5477605.795938426628709 ], [ 410759.39954581897473, 5477605.804612454026937 ], [ 410759.39468554063933, 5477605.813202966935933 ], [ 410759.389676077407785, 5477605.82170734833926 ], [ 410759.384518955252133, 5477605.830123006366193 ], [ 410759.37921574502252, 5477605.838447378948331 ], [ 410759.373768062214367, 5477605.846677930094302 ], [ 410759.368177566153463, 5477605.854812152683735 ], [ 410759.362445959821343, 5477605.862847568467259 ], [ 410759.35657498909859, 5477605.870781729929149 ], [ 410759.350566442357376, 5477605.878612220287323 ], [ 410759.344422149821185, 5477605.886336654424667 ], [ 410759.338143983099144, 5477605.893952679820359 ], [ 410759.331733854662161, 5477605.901457976549864 ], [ 410759.325193716969807, 5477605.908850257284939 ], [ 410759.318525562353898, 5477605.916127271018922 ], [ 410759.311731421854347, 5477605.923286801204085 ], [ 410759.304813365160953, 5477605.930326666682959 ], [ 410759.297773499507457, 5477605.937244723550975 ], [ 410759.290613969322294, 5477605.944038864225149 ], [ 410759.283336955471896, 5477605.950707018375397 ], [ 410759.275944674620405, 5477605.957247156649828 ], [ 410759.268439378472976, 5477605.963657285086811 ], [ 410759.260823353251908, 5477605.969935451634228 ], [ 410759.253098918881733, 5477605.976079744286835 ], [ 410759.245268428290728, 5477605.982088291086257 ], [ 410759.237334266712423, 5477605.98795926105231 ], [ 410759.229298850987107, 5477605.993690867908299 ], [ 410759.221164628805127, 5477605.999281363561749 ], [ 410759.212934077833779, 5477606.004729046486318 ], [ 410759.204609705251642, 5477606.010032257065177 ], [ 410759.196194046759047, 5477606.015189379453659 ], [ 410759.187689665821381, 5477606.020198842510581 ], [ 410759.179099152912386, 5477606.025059120729566 ], [ 410759.170425124873873, 5477606.029768733307719 ], [ 410759.161670223809779, 5477606.0343262469396 ], [ 410759.152837116620503, 5477606.038730271160603 ], [ 410759.143928493955173, 5477606.042979466728866 ], [ 410759.134947069396731, 5477606.047072537243366 ], [ 410759.125895578821655, 5477606.051008237525821 ], [ 410759.116776779352222, 5477606.054785368032753 ], [ 410759.107593448774423, 5477606.058402777649462 ], [ 410759.098348384315614, 5477606.061859365552664 ], [ 410759.089044402178843, 5477606.065154079347849 ], [ 410759.079684336378705, 5477606.068285913206637 ], [ 410759.070271038101055, 5477606.071253914386034 ], [ 410759.060807374771684, 5477606.074057179503143 ], [ 410759.051296229125001, 5477606.07669485360384 ], [ 410759.041740498272702, 5477606.079166133888066 ], [ 410759.032143093005288, 5477606.081470266915858 ], [ 410759.022506936802529, 5477606.083606551401317 ], [ 410759.012834964960348, 5477606.085574336349964 ], [ 410759.003130123601295, 5477606.087373021990061 ], [ 410758.993395368917845, 5477606.089002061635256 ], [ 410758.983633666299284, 5477606.090460957959294 ], [ 410758.973847989109345, 5477606.091749266721308 ], [ 410758.96404131827876, 5477606.092866595834494 ], [ 410758.954216640966479, 5477606.093812604434788 ], [ 410758.94437694986118, 5477606.094587004743516 ], [ 410758.934525242249947, 5477606.095189561136067 ] ] ], [ [ [ 410744.310178051353432, 5477572.08978826366365 ], [ 410744.168545699096285, 5477572.004676394164562 ], [ 410734.14595151116373, 5477563.605520309880376 ], [ 410733.896913734322879, 5477563.549314518459141 ], [ 410733.488985130039509, 5477563.304525716230273 ], [ 410733.477686616010033, 5477563.295014354400337 ], [ 410732.744873614457902, 5477564.130382099188864 ], [ 410727.91806663578609, 5477560.06705938000232 ], [ 410728.633567757555284, 5477559.217118076980114 ], [ 410728.620985130022746, 5477559.206525716930628 ], [ 410728.313259526737966, 5477558.851202756166458 ], [ 410728.231992079818156, 5477558.658487944863737 ], [ 410718.625091265537776, 5477550.610078388825059 ], [ 410718.659665804414544, 5477550.640667357482016 ], [ 410718.730653024686035, 5477550.705715159885585 ], [ 410718.80049419257557, 5477550.771991953253746 ], [ 410718.869168033823371, 5477550.839477549307048 ], [ 410718.936653629585635, 5477550.908151390962303 ], [ 410719.002930423244834, 5477550.977992558851838 ], [ 410719.067978226114064, 5477551.048979778774083 ], [ 410719.131777224130929, 5477551.121091428212821 ], [ 410719.194307983387262, 5477551.194305540062487 ], [ 410719.255551456531975, 5477551.26859981380403 ], [ 410719.315488988067955, 5477551.343951618298888 ], [ 410719.37410232052207, 5477551.420338001102209 ], [ 410719.431373599742074, 5477551.497735692188144 ], [ 410719.487285380251706, 5477551.576121117919683 ], [ 410719.541820630838629, 5477551.655470400117338 ], [ 410719.59496273950208, 5477551.735759368166327 ], [ 410719.646695518691558, 5477551.816963565535843 ], [ 410719.697003210021649, 5477551.899058256298304 ], [ 410719.745870489394292, 5477551.98201843444258 ], [ 410719.793282471306156, 5477552.06581882853061 ], [ 410719.839224713563453, 5477552.150433912873268 ], [ 410719.883683221763931, 5477552.23583791218698 ], [ 410719.926644453371409, 5477552.322004812769592 ], [ 410719.968095322081354, 5477552.40890836622566 ], [ 410720.008023201429751, 5477552.496522100642323 ], [ 410720.046415929100476, 5477552.584819328971207 ], [ 410720.08326181024313, 5477552.673773155547678 ], [ 410720.118549621198326, 5477552.763356482610106 ], [ 410720.152268613106571, 5477552.853542022407055 ], [ 410720.184408514644019, 5477552.944302304647863 ], [ 410720.214959535864182, 5477553.035609683021903 ], [ 410720.243912370526232, 5477553.127436342649162 ], [ 410720.271258199354634, 5477553.219754314050078 ], [ 410720.296988692483865, 5477553.31253547500819 ], [ 410720.321096012252383, 5477553.405751563608646 ], [ 410720.343572815239895, 5477553.499374185688794 ], [ 410720.364412254886702, 5477553.593374823220074 ], [ 410720.383607983239926, 5477553.687724842689931 ], [ 410720.4011541531072, 5477553.782395503483713 ], [ 410720.417045419744682, 5477553.877357968129218 ], [ 410720.431276942545082, 5477553.972583310678601 ], [ 410720.443844386434648, 5477554.068042525090277 ], [ 410720.454743923270144, 5477554.163706531748176 ], [ 410720.46397223288659, 5477554.259546191431582 ], [ 410720.471526504319627, 5477554.355532310903072 ], [ 410720.477404436445795, 5477554.451635651290417 ], [ 410720.481604238739237, 5477554.547826938331127 ], [ 410720.484124631911982, 5477554.644076871685684 ], [ 410720.484964848321397, 5477554.740356133319438 ], [ 410720.484124631911982, 5477554.836635394953191 ], [ 410720.481604238739237, 5477554.932885328307748 ], [ 410720.477404436445795, 5477555.029076615348458 ], [ 410720.471526504319627, 5477555.125179955735803 ], [ 410720.46397223288659, 5477555.221166075207293 ], [ 410720.454743923270144, 5477555.317005734890699 ], [ 410720.443844386434648, 5477555.412669741548598 ], [ 410720.431276942545082, 5477555.508128955960274 ], [ 410720.417045419744682, 5477555.603354298509657 ], [ 410720.4011541531072, 5477555.698316763155162 ], [ 410720.383607983239926, 5477555.792987423948944 ], [ 410720.364412254886702, 5477555.887337443418801 ], [ 410720.343572815239895, 5477555.981338080950081 ], [ 410720.321096012252383, 5477556.074960703030229 ], [ 410720.296988692483865, 5477556.168176791630685 ], [ 410720.271258199354634, 5477556.260957952588797 ], [ 410720.243912370526232, 5477556.353275923989713 ], [ 410720.214959535864182, 5477556.445102583616972 ], [ 410720.184408514644019, 5477556.536409961991012 ], [ 410720.152268613106571, 5477556.62717024423182 ], [ 410720.118549621198326, 5477556.717355784028769 ], [ 410720.08326181024313, 5477556.806939111091197 ], [ 410720.046415929100476, 5477556.895892937667668 ], [ 410720.008023201429751, 5477556.984190165996552 ], [ 410719.968095322081354, 5477557.071803900413215 ], [ 410719.926644453371409, 5477557.158707453869283 ], [ 410719.883683221763931, 5477557.244874354451895 ], [ 410719.839224713563453, 5477557.330278353765607 ], [ 410719.793282471306156, 5477557.414893438108265 ], [ 410719.745870489394292, 5477557.498693832196295 ], [ 410719.697003210021649, 5477557.581654010340571 ], [ 410719.646695518691558, 5477557.663748701103032 ], [ 410719.59496273950208, 5477557.744952898472548 ], [ 410719.541820630838629, 5477557.825241866521537 ], [ 410719.487285380251706, 5477557.904591148719192 ], [ 410719.431373599742074, 5477557.982976574450731 ], [ 410719.37410232052207, 5477558.060374265536666 ], [ 410719.315488988067955, 5477558.136760648339987 ], [ 410719.255551456531975, 5477558.212112452834845 ], [ 410719.194307983387262, 5477558.286406726576388 ], [ 410719.131777224130929, 5477558.359620838426054 ], [ 410719.067978226114064, 5477558.431732487864792 ], [ 410719.002930423244834, 5477558.502719707787037 ], [ 410718.936653629585635, 5477558.572560875676572 ], [ 410718.869168033823371, 5477558.641234717331827 ], [ 410718.80049419257557, 5477558.708720313385129 ], [ 410718.730653024686035, 5477558.77499710675329 ], [ 410718.659665804414544, 5477558.840044909156859 ], [ 410718.587554155092221, 5477558.903843907639384 ], [ 410718.514340042718686, 5477558.966374666430056 ], [ 410718.440045769035351, 5477559.027618139982224 ], [ 410718.364693964656908, 5477559.087555671110749 ], [ 410718.288307582610287, 5477559.146169004030526 ], [ 410718.210909890884068, 5477559.203440283425152 ], [ 410718.132524465501774, 5477559.259352063760161 ], [ 410718.05317518353695, 5477559.313887313939631 ], [ 410717.972886215487961, 5477559.36702942289412 ], [ 410717.891682018118445, 5477559.418762202374637 ], [ 410717.809587327123154, 5477559.469069893471897 ], [ 410717.726627149211708, 5477559.517937173135579 ], [ 410717.642826754949056, 5477559.56534915510565 ], [ 410717.558211670664605, 5477559.611291397362947 ], [ 410717.472807671059854, 5477559.655749904923141 ], [ 410717.386640770884696, 5477559.698711137287319 ], [ 410717.299737217486836, 5477559.740162005648017 ], [ 410717.212123482488096, 5477559.780089884996414 ], [ 410717.123826253926381, 5477559.818482612259686 ], [ 410717.034872427990194, 5477559.855328493751585 ], [ 410716.945289100869559, 5477559.890616305172443 ], [ 410716.855103560490534, 5477559.924335296265781 ], [ 410716.764343278249726, 5477559.95647519826889 ], [ 410716.673035900574178, 5477559.987026219256222 ], [ 410716.58120924065588, 5477560.015979054383934 ], [ 410716.488891269778833, 5477560.04332488309592 ], [ 410716.396110108820722, 5477560.069055375643075 ], [ 410716.302894019812811, 5477560.093162695877254 ], [ 410716.209271397383418, 5477560.115639498457313 ], [ 410716.136903206643183, 5477560.131683140993118 ], [ 410723.988620727905072, 5477568.461485267616808 ], [ 410729.754107782791834, 5477561.612683172337711 ], [ 410730.901633501402102, 5477562.578698044642806 ], [ 410725.024537632649299, 5477569.560478297993541 ], [ 410740.2782648470602, 5477585.742992385290563 ], [ 410744.742253033211455, 5477578.753123286180198 ], [ 410744.310178051353432, 5477572.08978826366365 ] ], [ [ 410726.443764532450587, 5477558.600398242473602 ], [ 410726.440279364876915, 5477558.600550408475101 ], [ 410726.436792072490789, 5477558.600641726516187 ], [ 410726.433303717523813, 5477558.600672168657184 ], [ 410726.429815362556837, 5477558.600641726516187 ], [ 410726.426328070170712, 5477558.600550408475101 ], [ 410726.42284290259704, 5477558.600398242473602 ], [ 410726.419360921543557, 5477558.60018527507782 ], [ 410726.415883187553845, 5477558.599911571480334 ], [ 410726.412410760065541, 5477558.599577215500176 ], [ 410726.408944696711842, 5477558.599182306788862 ], [ 410726.405486053437926, 5477558.598726968280971 ], [ 410726.402035883627832, 5477558.598211336880922 ], [ 410726.398595238337293, 5477558.597635569982231 ], [ 410726.395165165595245, 5477558.596999843604863 ], [ 410726.391746710170992, 5477558.596304351463914 ], [ 410726.388340913457796, 5477558.595549304038286 ], [ 410726.38494881283259, 5477558.594734933227301 ], [ 410726.381571441597771, 5477558.593861484900117 ], [ 410726.378209828515537, 5477558.592929227277637 ], [ 410726.37486499757506, 5477558.591938443481922 ], [ 410726.371537967585027, 5477558.590889435261488 ], [ 410726.368229752057232, 5477558.589782521128654 ], [ 410726.364941358740907, 5477558.588618040084839 ], [ 410726.361673789215274, 5477558.587396346032619 ], [ 410726.358428038889542, 5477558.586117811501026 ], [ 410726.355205096362624, 5477558.584782824851573 ], [ 410726.352005943481345, 5477558.583391793072224 ], [ 410726.348831554700155, 5477558.581945140846074 ], [ 410726.34568289690651, 5477558.5804433086887 ], [ 410726.342560929304454, 5477558.578886752948165 ], [ 410726.339466602832545, 5477558.577275948598981 ], [ 410726.336400860047434, 5477558.575611385516822 ], [ 410726.333364634774625, 5477558.573893572203815 ], [ 410726.330358851992059, 5477558.572123031131923 ], [ 410726.327384427131619, 5477558.570300300605595 ], [ 410726.32444226637017, 5477558.56842593755573 ], [ 410726.321533265872858, 5477558.566500511951745 ], [ 410726.3186583116767, 5477558.564524611458182 ], [ 410726.315818279632367, 5477558.562498835846782 ], [ 410726.31301403476391, 5477558.560423803515732 ], [ 410726.310246431326959, 5477558.558300146833062 ], [ 410726.307516312284861, 5477558.556128512136638 ], [ 410726.304824509308673, 5477558.553909560665488 ], [ 410726.302171842369717, 5477558.551643969491124 ], [ 410726.299559119506739, 5477558.549332427792251 ], [ 410726.296987136476673, 5477558.546975639648736 ], [ 410726.294456676812842, 5477558.544574323110282 ], [ 410726.291968511301093, 5477558.542129209265113 ], [ 410726.289523397921585, 5477558.539641044102609 ], [ 410726.287122081324924, 5477558.537110583856702 ], [ 410726.284765293123201, 5477558.534538601525128 ], [ 410726.282453751191497, 5477558.531925878487527 ], [ 410726.280188159609679, 5477558.529273211024702 ], [ 410726.277969208487775, 5477558.526581408455968 ], [ 410726.275797573733144, 5477558.523851289413869 ], [ 410726.273673916934058, 5477558.521083685569465 ], [ 410726.271598884894047, 5477558.518279440701008 ], [ 410726.2695731096901, 5477558.515439408831298 ], [ 410726.267597208439838, 5477558.512564455159009 ], [ 410726.265671783010475, 5477558.509655454196036 ], [ 410726.263797419844195, 5477558.506713293492794 ], [ 410726.261974689958151, 5477558.5037388689816 ], [ 410726.260204148595221, 5477558.500733085907996 ], [ 410726.258486334991176, 5477558.497696860693395 ], [ 410726.256821772491094, 5477558.494631118141115 ], [ 410726.255210968083702, 5477558.491536791436374 ], [ 410726.253654412459582, 5477558.488414824008942 ], [ 410726.252152579720132, 5477558.485266165807843 ], [ 410726.250705927377567, 5477558.482091777026653 ], [ 410726.249314896122087, 5477558.478892624378204 ], [ 410726.247979909647256, 5477558.475669682025909 ], [ 410726.246701374591794, 5477558.472423931583762 ], [ 410726.245479680423159, 5477558.469156362116337 ], [ 410726.244315199262928, 5477558.465867968276143 ], [ 410726.243208285828587, 5477558.462559753097594 ], [ 410726.242159277317114, 5477558.459232723340392 ], [ 410726.241168493230361, 5477558.455887892283499 ], [ 410726.240236235433258, 5477558.452526278793812 ], [ 410726.239362787804566, 5477558.449148908257484 ], [ 410726.238548416527919, 5477558.445756806991994 ], [ 410726.237793369567953, 5477558.442351010628045 ], [ 410726.237097876961343, 5477558.438932554796338 ], [ 410726.236462150525767, 5477558.435502482578158 ], [ 410726.235886383976322, 5477558.432061837054789 ], [ 410726.235370752634481, 5477558.428611666895449 ], [ 410726.234915413602721, 5477558.425153023563325 ], [ 410726.234520505589899, 5477558.42168696038425 ], [ 410726.234186148853041, 5477558.418214533478022 ], [ 410726.233912445255555, 5477558.414736798964441 ], [ 410726.233699478150811, 5477558.41125481761992 ], [ 410726.233547312440351, 5477558.407769650220871 ], [ 410726.23345599451568, 5477558.404282358475029 ], [ 410726.233425552083645, 5477558.400794003158808 ], [ 410726.23345599451568, 5477558.397305647842586 ], [ 410726.233547312440351, 5477558.393818356096745 ], [ 410726.233699478150811, 5477558.390333188697696 ], [ 410726.233912445255555, 5477558.386851207353175 ], [ 410726.234186148853041, 5477558.383373472839594 ], [ 410726.234520505589899, 5477558.379901045933366 ], [ 410726.234915413602721, 5477558.37643498275429 ], [ 410726.235370752634481, 5477558.372976339422166 ], [ 410726.235886383976322, 5477558.369526169262826 ], [ 410726.236462150525767, 5477558.366085523739457 ], [ 410726.237097876961343, 5477558.362655451521277 ], [ 410726.237793369567953, 5477558.359236995689571 ], [ 410726.238548416527919, 5477558.355831199325621 ], [ 410726.239362787804566, 5477558.352439098060131 ], [ 410726.240236235433258, 5477558.349061727523804 ], [ 410726.241168493230361, 5477558.345700114034116 ], [ 410726.242159277317114, 5477558.342355282977223 ], [ 410726.243208285828587, 5477558.339028253220022 ], [ 410726.244315199262928, 5477558.335720038041472 ], [ 410726.245479680423159, 5477558.332431644201279 ], [ 410726.246701374591794, 5477558.329164074733853 ], [ 410726.247979909647256, 5477558.325918324291706 ], [ 410726.249314896122087, 5477558.322695381939411 ], [ 410726.250705927377567, 5477558.319496229290962 ], [ 410726.252152579720132, 5477558.316321840509772 ], [ 410726.253654412459582, 5477558.313173182308674 ], [ 410726.255210968083702, 5477558.310051214881241 ], [ 410726.256821772491094, 5477558.306956888176501 ], [ 410726.258486334991176, 5477558.30389114562422 ], [ 410726.260204148595221, 5477558.30085492040962 ], [ 410726.261974689958151, 5477558.297849137336016 ], [ 410726.263797419844195, 5477558.294874712824821 ], [ 410726.265671783010475, 5477558.29193255212158 ], [ 410726.267597208439838, 5477558.289023551158607 ], [ 410726.2695731096901, 5477558.286148597486317 ], [ 410726.271598884894047, 5477558.283308565616608 ], [ 410726.273673916934058, 5477558.28050432074815 ], [ 410726.275797573733144, 5477558.277736716903746 ], [ 410726.277969208487775, 5477558.275006597861648 ], [ 410726.280188159609679, 5477558.272314795292914 ], [ 410726.282453751191497, 5477558.269662127830088 ], [ 410726.284765293123201, 5477558.267049404792488 ], [ 410726.287122081324924, 5477558.264477422460914 ], [ 410726.289523397921585, 5477558.261946962215006 ], [ 410726.291968511301093, 5477558.259458797052503 ], [ 410726.294456676812842, 5477558.257013683207333 ], [ 410726.296987136476673, 5477558.25461236666888 ], [ 410726.299559119506739, 5477558.252255578525364 ], [ 410726.302171842369717, 5477558.249944036826491 ], [ 410726.304824509308673, 5477558.247678445652127 ], [ 410726.307516312284861, 5477558.245459494180977 ], [ 410726.310246431326959, 5477558.243287859484553 ], [ 410726.31301403476391, 5477558.241164202801883 ], [ 410726.315818279632367, 5477558.239089170470834 ], [ 410726.3186583116767, 5477558.237063394859433 ], [ 410726.321533265872858, 5477558.235087494365871 ], [ 410726.32444226637017, 5477558.233162068761885 ], [ 410726.327384427131619, 5477558.23128770571202 ], [ 410726.330358851992059, 5477558.229464975185692 ], [ 410726.333364634774625, 5477558.227694434113801 ], [ 410726.336400860047434, 5477558.225976620800793 ], [ 410726.339466602832545, 5477558.224312057718635 ], [ 410726.342560929304454, 5477558.222701253369451 ], [ 410726.34568289690651, 5477558.221144697628915 ], [ 410726.348831554700155, 5477558.219642865471542 ], [ 410726.352005943481345, 5477558.218196213245392 ], [ 410726.355205096362624, 5477558.216805181466043 ], [ 410726.358428038889542, 5477558.215470194816589 ], [ 410726.361673789215274, 5477558.214191660284996 ], [ 410726.364941358740907, 5477558.212969966232777 ], [ 410726.368229752057232, 5477558.211805485188961 ], [ 410726.371537967585027, 5477558.210698571056128 ], [ 410726.37486499757506, 5477558.209649562835693 ], [ 410726.378209828515537, 5477558.208658779039979 ], [ 410726.381571441597771, 5477558.207726521417499 ], [ 410726.38494881283259, 5477558.206853073090315 ], [ 410726.388340913457796, 5477558.206038702279329 ], [ 410726.391746710170992, 5477558.205283654853702 ], [ 410726.395165165595245, 5477558.204588162712753 ], [ 410726.398595238337293, 5477558.203952436335385 ], [ 410726.402035883627832, 5477558.203376669436693 ], [ 410726.405486053437926, 5477558.202861038036644 ], [ 410726.408944696711842, 5477558.202405699528754 ], [ 410726.412410760065541, 5477558.20201079081744 ], [ 410726.415883187553845, 5477558.201676434837282 ], [ 410726.419360921543557, 5477558.201402731239796 ], [ 410726.42284290259704, 5477558.201189763844013 ], [ 410726.426328070170712, 5477558.201037597842515 ], [ 410726.429815362556837, 5477558.200946279801428 ], [ 410726.433303717523813, 5477558.200915837660432 ], [ 410726.436792072490789, 5477558.200946279801428 ], [ 410726.440279364876915, 5477558.201037597842515 ], [ 410726.443764532450587, 5477558.201189763844013 ], [ 410726.447246513504069, 5477558.201402731239796 ], [ 410726.450724247493781, 5477558.201676434837282 ], [ 410726.454196674982086, 5477558.20201079081744 ], [ 410726.457662738335785, 5477558.202405699528754 ], [ 410726.461121381609701, 5477558.202861038036644 ], [ 410726.464571551419795, 5477558.203376669436693 ], [ 410726.468012196710333, 5477558.203952436335385 ], [ 410726.471442269452382, 5477558.204588162712753 ], [ 410726.474860724876635, 5477558.205283654853702 ], [ 410726.478266521589831, 5477558.206038702279329 ], [ 410726.481658622215036, 5477558.206853073090315 ], [ 410726.485035993449856, 5477558.207726521417499 ], [ 410726.488397606532089, 5477558.208658779039979 ], [ 410726.491742437472567, 5477558.209649562835693 ], [ 410726.495069467462599, 5477558.210698571056128 ], [ 410726.498377682990395, 5477558.211805485188961 ], [ 410726.501666076306719, 5477558.212969966232777 ], [ 410726.504933645832352, 5477558.214191660284996 ], [ 410726.508179396158084, 5477558.215470194816589 ], [ 410726.511402338685002, 5477558.216805181466043 ], [ 410726.514601491566282, 5477558.218196213245392 ], [ 410726.517775880347472, 5477558.219642865471542 ], [ 410726.520924538141116, 5477558.221144697628915 ], [ 410726.524046505743172, 5477558.222701253369451 ], [ 410726.527140832215082, 5477558.224312057718635 ], [ 410726.530206575000193, 5477558.225976620800793 ], [ 410726.533242800273001, 5477558.227694434113801 ], [ 410726.536248583055567, 5477558.229464975185692 ], [ 410726.539223007916007, 5477558.23128770571202 ], [ 410726.542165168677457, 5477558.233162068761885 ], [ 410726.545074169174768, 5477558.235087494365871 ], [ 410726.547949123370927, 5477558.237063394859433 ], [ 410726.550789155415259, 5477558.239089170470834 ], [ 410726.553593400283717, 5477558.241164202801883 ], [ 410726.556361003720667, 5477558.243287859484553 ], [ 410726.559091122762766, 5477558.245459494180977 ], [ 410726.561782925738953, 5477558.247678445652127 ], [ 410726.56443559267791, 5477558.249944036826491 ], [ 410726.567048315540887, 5477558.252255578525364 ], [ 410726.569620298570953, 5477558.25461236666888 ], [ 410726.572150758234784, 5477558.257013683207333 ], [ 410726.574638923746534, 5477558.259458797052503 ], [ 410726.577084037126042, 5477558.261946962215006 ], [ 410726.579485353722703, 5477558.264477422460914 ], [ 410726.581842141924426, 5477558.267049404792488 ], [ 410726.58415368385613, 5477558.269662127830088 ], [ 410726.586419275437947, 5477558.272314795292914 ], [ 410726.588638226559851, 5477558.275006597861648 ], [ 410726.590809861314483, 5477558.277736716903746 ], [ 410726.592933518113568, 5477558.28050432074815 ], [ 410726.59500855015358, 5477558.283308565616608 ], [ 410726.597034325357527, 5477558.286148597486317 ], [ 410726.599010226607788, 5477558.289023551158607 ], [ 410726.600935652037151, 5477558.29193255212158 ], [ 410726.602810015203431, 5477558.294874712824821 ], [ 410726.604632745089475, 5477558.297849137336016 ], [ 410726.606403286452405, 5477558.30085492040962 ], [ 410726.608121100056451, 5477558.30389114562422 ], [ 410726.609785662556533, 5477558.306956888176501 ], [ 410726.611396466963924, 5477558.310051214881241 ], [ 410726.612953022588044, 5477558.313173182308674 ], [ 410726.614454855327494, 5477558.316321840509772 ], [ 410726.61590150767006, 5477558.319496229290962 ], [ 410726.61729253892554, 5477558.322695381939411 ], [ 410726.61862752540037, 5477558.325918324291706 ], [ 410726.619906060455833, 5477558.329164074733853 ], [ 410726.621127754624467, 5477558.332431644201279 ], [ 410726.622292235784698, 5477558.335720038041472 ], [ 410726.62339914921904, 5477558.339028253220022 ], [ 410726.624448157730512, 5477558.342355282977223 ], [ 410726.625438941817265, 5477558.345700114034116 ], [ 410726.626371199614368, 5477558.349061727523804 ], [ 410726.62724464724306, 5477558.352439098060131 ], [ 410726.628059018519707, 5477558.355831199325621 ], [ 410726.628814065479673, 5477558.359236995689571 ], [ 410726.629509558086284, 5477558.362655451521277 ], [ 410726.630145284521859, 5477558.366085523739457 ], [ 410726.630721051071305, 5477558.369526169262826 ], [ 410726.631236682413146, 5477558.372976339422166 ], [ 410726.631692021444906, 5477558.37643498275429 ], [ 410726.632086929457728, 5477558.379901045933366 ], [ 410726.632421286194585, 5477558.383373472839594 ], [ 410726.632694989792071, 5477558.386851207353175 ], [ 410726.632907956896815, 5477558.390333188697696 ], [ 410726.633060122607276, 5477558.393818356096745 ], [ 410726.633151440531947, 5477558.397305647842586 ], [ 410726.633181882963981, 5477558.400794003158808 ], [ 410726.633151440531947, 5477558.404282358475029 ], [ 410726.633060122607276, 5477558.407769650220871 ], [ 410726.632907956896815, 5477558.41125481761992 ], [ 410726.632694989792071, 5477558.414736798964441 ], [ 410726.632421286194585, 5477558.418214533478022 ], [ 410726.632086929457728, 5477558.42168696038425 ], [ 410726.631692021444906, 5477558.425153023563325 ], [ 410726.631236682413146, 5477558.428611666895449 ], [ 410726.630721051071305, 5477558.432061837054789 ], [ 410726.630145284521859, 5477558.435502482578158 ], [ 410726.629509558086284, 5477558.438932554796338 ], [ 410726.628814065479673, 5477558.442351010628045 ], [ 410726.628059018519707, 5477558.445756806991994 ], [ 410726.62724464724306, 5477558.449148908257484 ], [ 410726.626371199614368, 5477558.452526278793812 ], [ 410726.625438941817265, 5477558.455887892283499 ], [ 410726.624448157730512, 5477558.459232723340392 ], [ 410726.62339914921904, 5477558.462559753097594 ], [ 410726.622292235784698, 5477558.465867968276143 ], [ 410726.621127754624467, 5477558.469156362116337 ], [ 410726.619906060455833, 5477558.472423931583762 ], [ 410726.61862752540037, 5477558.475669682025909 ], [ 410726.61729253892554, 5477558.478892624378204 ], [ 410726.61590150767006, 5477558.482091777026653 ], [ 410726.614454855327494, 5477558.485266165807843 ], [ 410726.612953022588044, 5477558.488414824008942 ], [ 410726.611396466963924, 5477558.491536791436374 ], [ 410726.609785662556533, 5477558.494631118141115 ], [ 410726.608121100056451, 5477558.497696860693395 ], [ 410726.606403286452405, 5477558.500733085907996 ], [ 410726.604632745089475, 5477558.5037388689816 ], [ 410726.602810015203431, 5477558.506713293492794 ], [ 410726.600935652037151, 5477558.509655454196036 ], [ 410726.599010226607788, 5477558.512564455159009 ], [ 410726.597034325357527, 5477558.515439408831298 ], [ 410726.59500855015358, 5477558.518279440701008 ], [ 410726.592933518113568, 5477558.521083685569465 ], [ 410726.590809861314483, 5477558.523851289413869 ], [ 410726.588638226559851, 5477558.526581408455968 ], [ 410726.586419275437947, 5477558.529273211024702 ], [ 410726.58415368385613, 5477558.531925878487527 ], [ 410726.581842141924426, 5477558.534538601525128 ], [ 410726.579485353722703, 5477558.537110583856702 ], [ 410726.577084037126042, 5477558.539641044102609 ], [ 410726.574638923746534, 5477558.542129209265113 ], [ 410726.572150758234784, 5477558.544574323110282 ], [ 410726.569620298570953, 5477558.546975639648736 ], [ 410726.567048315540887, 5477558.549332427792251 ], [ 410726.56443559267791, 5477558.551643969491124 ], [ 410726.561782925738953, 5477558.553909560665488 ], [ 410726.559091122762766, 5477558.556128512136638 ], [ 410726.556361003720667, 5477558.558300146833062 ], [ 410726.553593400283717, 5477558.560423803515732 ], [ 410726.550789155415259, 5477558.562498835846782 ], [ 410726.547949123370927, 5477558.564524611458182 ], [ 410726.545074169174768, 5477558.566500511951745 ], [ 410726.542165168677457, 5477558.56842593755573 ], [ 410726.539223007916007, 5477558.570300300605595 ], [ 410726.536248583055567, 5477558.572123031131923 ], [ 410726.533242800273001, 5477558.573893572203815 ], [ 410726.530206575000193, 5477558.575611385516822 ], [ 410726.527140832215082, 5477558.577275948598981 ], [ 410726.524046505743172, 5477558.578886752948165 ], [ 410726.520924538141116, 5477558.5804433086887 ], [ 410726.517775880347472, 5477558.581945140846074 ], [ 410726.514601491566282, 5477558.583391793072224 ], [ 410726.511402338685002, 5477558.584782824851573 ], [ 410726.508179396158084, 5477558.586117811501026 ], [ 410726.504933645832352, 5477558.587396346032619 ], [ 410726.501666076306719, 5477558.588618040084839 ], [ 410726.498377682990395, 5477558.589782521128654 ], [ 410726.495069467462599, 5477558.590889435261488 ], [ 410726.491742437472567, 5477558.591938443481922 ], [ 410726.488397606532089, 5477558.592929227277637 ], [ 410726.485035993449856, 5477558.593861484900117 ], [ 410726.481658622215036, 5477558.594734933227301 ], [ 410726.478266521589831, 5477558.595549304038286 ], [ 410726.474860724876635, 5477558.596304351463914 ], [ 410726.471442269452382, 5477558.596999843604863 ], [ 410726.468012196710333, 5477558.597635569982231 ], [ 410726.464571551419795, 5477558.598211336880922 ], [ 410726.461121381609701, 5477558.598726968280971 ], [ 410726.457662738335785, 5477558.599182306788862 ], [ 410726.454196674982086, 5477558.599577215500176 ], [ 410726.450724247493781, 5477558.599911571480334 ], [ 410726.447246513504069, 5477558.60018527507782 ], [ 410726.443764532450587, 5477558.600398242473602 ] ], [ [ 410734.597157097538002, 5477565.4248102363199 ], [ 410734.59367192996433, 5477565.424962402321398 ], [ 410734.590184637578204, 5477565.425053720362484 ], [ 410734.586696282611229, 5477565.425084162503481 ], [ 410734.583207927644253, 5477565.425053720362484 ], [ 410734.579720635258127, 5477565.424962402321398 ], [ 410734.576235467684455, 5477565.4248102363199 ], [ 410734.572753486630972, 5477565.424597268924117 ], [ 410734.569275752641261, 5477565.424323565326631 ], [ 410734.565803325152956, 5477565.423989209346473 ], [ 410734.562337261857465, 5477565.423594300635159 ], [ 410734.558878618525341, 5477565.423138962127268 ], [ 410734.555428448715247, 5477565.42262333072722 ], [ 410734.551987803424709, 5477565.422047563828528 ], [ 410734.54855773068266, 5477565.42141183745116 ], [ 410734.545139275258407, 5477565.420716345310211 ], [ 410734.541733478545211, 5477565.419961297884583 ], [ 410734.538341377920005, 5477565.419146927073598 ], [ 410734.534964006685186, 5477565.418273478746414 ], [ 410734.531602393602952, 5477565.417341221123934 ], [ 410734.528257562662475, 5477565.416350437328219 ], [ 410734.524930532672442, 5477565.415301429107785 ], [ 410734.521622317202855, 5477565.414194514974952 ], [ 410734.518333923828322, 5477565.413030033931136 ], [ 410734.515066354302689, 5477565.411808339878917 ], [ 410734.511820603976957, 5477565.410529805347323 ], [ 410734.508597661508247, 5477565.40919481869787 ], [ 410734.50539850856876, 5477565.407803786918521 ], [ 410734.50222411978757, 5477565.406357134692371 ], [ 410734.499075462052133, 5477565.404855302534997 ], [ 410734.49595349439187, 5477565.403298746794462 ], [ 410734.49285916791996, 5477565.401687942445278 ], [ 410734.489793425134849, 5477565.40002337936312 ], [ 410734.486757199920248, 5477565.398305566050112 ], [ 410734.483751417079475, 5477565.39653502497822 ], [ 410734.480776992277242, 5477565.394712294451892 ], [ 410734.477834831515793, 5477565.392837931402028 ], [ 410734.474925830960274, 5477565.390912505798042 ], [ 410734.472050876822323, 5477565.38893660530448 ], [ 410734.469210844719782, 5477565.386910829693079 ], [ 410734.466406599851325, 5477565.38483579736203 ], [ 410734.463638996414375, 5477565.382712140679359 ], [ 410734.460908877430484, 5477565.380540505982935 ], [ 410734.458217074454296, 5477565.378321554511786 ], [ 410734.45556440751534, 5477565.376055963337421 ], [ 410734.452951684594154, 5477565.373744421638548 ], [ 410734.450379701622296, 5477565.371387633495033 ], [ 410734.447849241958465, 5477565.36898631695658 ], [ 410734.445361076446716, 5477565.36654120311141 ], [ 410734.442915963009, 5477565.364053037948906 ], [ 410734.440514646470547, 5477565.361522577702999 ], [ 410734.438157858268823, 5477565.358950595371425 ], [ 410734.43584631633712, 5477565.356337872333825 ], [ 410734.433580724697094, 5477565.353685204870999 ], [ 410734.43136177357519, 5477565.350993402302265 ], [ 410734.429190138878766, 5477565.348263283260167 ], [ 410734.427066482021473, 5477565.345495679415762 ], [ 410734.424991449981462, 5477565.342691434547305 ], [ 410734.422965674835723, 5477565.339851402677596 ], [ 410734.420989773585461, 5477565.336976449005306 ], [ 410734.419064348097891, 5477565.334067448042333 ], [ 410734.417189984989818, 5477565.331125287339091 ], [ 410734.415367255103774, 5477565.328150862827897 ], [ 410734.413596713740844, 5477565.325145079754293 ], [ 410734.411878900136799, 5477565.322108854539692 ], [ 410734.410214337636717, 5477565.319043111987412 ], [ 410734.408603533229325, 5477565.315948785282671 ], [ 410734.407046977605205, 5477565.312826817855239 ], [ 410734.405545144865755, 5477565.30967815965414 ], [ 410734.40409849252319, 5477565.306503770872951 ], [ 410734.40270746126771, 5477565.303304618224502 ], [ 410734.401372474792879, 5477565.300081675872207 ], [ 410734.400093939737417, 5477565.296835925430059 ], [ 410734.398872245568782, 5477565.293568355962634 ], [ 410734.397707764408551, 5477565.29027996212244 ], [ 410734.39660085097421, 5477565.286971746943891 ], [ 410734.395551842462737, 5477565.283644717186689 ], [ 410734.394561058375984, 5477565.280299886129797 ], [ 410734.393628800578881, 5477565.276938272640109 ], [ 410734.392755352950189, 5477565.273560902103782 ], [ 410734.391940981673542, 5477565.270168800838292 ], [ 410734.391185934713576, 5477565.266763004474342 ], [ 410734.390490442106966, 5477565.263344548642635 ], [ 410734.38985471567139, 5477565.259914476424456 ], [ 410734.389278949121945, 5477565.256473830901086 ], [ 410734.388763317780104, 5477565.253023660741746 ], [ 410734.388307978748344, 5477565.249565017409623 ], [ 410734.387913070735522, 5477565.246098954230547 ], [ 410734.387578713998664, 5477565.242626527324319 ], [ 410734.387305010401178, 5477565.239148792810738 ], [ 410734.387092043296434, 5477565.235666811466217 ], [ 410734.386939877585974, 5477565.232181644067168 ], [ 410734.386848559661303, 5477565.228694352321327 ], [ 410734.386818117229268, 5477565.225205997005105 ], [ 410734.386848559661303, 5477565.221717641688883 ], [ 410734.386939877585974, 5477565.218230349943042 ], [ 410734.387092043296434, 5477565.214745182543993 ], [ 410734.387305010401178, 5477565.211263201199472 ], [ 410734.387578713998664, 5477565.207785466685891 ], [ 410734.387913070735522, 5477565.204313039779663 ], [ 410734.388307978748344, 5477565.200846976600587 ], [ 410734.388763317780104, 5477565.197388333268464 ], [ 410734.389278949121945, 5477565.193938163109124 ], [ 410734.38985471567139, 5477565.190497517585754 ], [ 410734.390490442106966, 5477565.187067445367575 ], [ 410734.391185934713576, 5477565.183648989535868 ], [ 410734.391940981673542, 5477565.180243193171918 ], [ 410734.392755352950189, 5477565.176851091906428 ], [ 410734.393628800578881, 5477565.173473721370101 ], [ 410734.394561058375984, 5477565.170112107880414 ], [ 410734.395551842462737, 5477565.166767276823521 ], [ 410734.39660085097421, 5477565.163440247066319 ], [ 410734.397707764408551, 5477565.16013203188777 ], [ 410734.398872245568782, 5477565.156843638047576 ], [ 410734.400093939737417, 5477565.153576068580151 ], [ 410734.401372474792879, 5477565.150330318138003 ], [ 410734.40270746126771, 5477565.147107375785708 ], [ 410734.40409849252319, 5477565.143908223137259 ], [ 410734.405545144865755, 5477565.14073383435607 ], [ 410734.407046977605205, 5477565.137585176154971 ], [ 410734.408603533229325, 5477565.134463208727539 ], [ 410734.410214337636717, 5477565.131368882022798 ], [ 410734.411878900136799, 5477565.128303139470518 ], [ 410734.413596713740844, 5477565.125266914255917 ], [ 410734.415367255103774, 5477565.122261131182313 ], [ 410734.417189984989818, 5477565.119286706671119 ], [ 410734.419064348097891, 5477565.116344545967877 ], [ 410734.420989773585461, 5477565.113435545004904 ], [ 410734.422965674835723, 5477565.110560591332614 ], [ 410734.424991449981462, 5477565.107720559462905 ], [ 410734.427066482021473, 5477565.104916314594448 ], [ 410734.429190138878766, 5477565.102148710750043 ], [ 410734.43136177357519, 5477565.099418591707945 ], [ 410734.433580724697094, 5477565.096726789139211 ], [ 410734.43584631633712, 5477565.094074121676385 ], [ 410734.438157858268823, 5477565.091461398638785 ], [ 410734.440514646470547, 5477565.088889416307211 ], [ 410734.442915963009, 5477565.086358956061304 ], [ 410734.445361076446716, 5477565.0838707908988 ], [ 410734.447849241958465, 5477565.08142567705363 ], [ 410734.450379701622296, 5477565.079024360515177 ], [ 410734.452951684594154, 5477565.076667572371662 ], [ 410734.45556440751534, 5477565.074356030672789 ], [ 410734.458217074454296, 5477565.072090439498425 ], [ 410734.460908877430484, 5477565.069871488027275 ], [ 410734.463638996414375, 5477565.067699853330851 ], [ 410734.466406599851325, 5477565.06557619664818 ], [ 410734.469210844719782, 5477565.063501164317131 ], [ 410734.472050876822323, 5477565.06147538870573 ], [ 410734.474925830960274, 5477565.059499488212168 ], [ 410734.477834831515793, 5477565.057574062608182 ], [ 410734.480776992277242, 5477565.055699699558318 ], [ 410734.483751417079475, 5477565.05387696903199 ], [ 410734.486757199920248, 5477565.052106427960098 ], [ 410734.489793425134849, 5477565.05038861464709 ], [ 410734.49285916791996, 5477565.048724051564932 ], [ 410734.49595349439187, 5477565.047113247215748 ], [ 410734.499075462052133, 5477565.045556691475213 ], [ 410734.50222411978757, 5477565.044054859317839 ], [ 410734.50539850856876, 5477565.042608207091689 ], [ 410734.508597661508247, 5477565.04121717531234 ], [ 410734.511820603976957, 5477565.039882188662887 ], [ 410734.515066354302689, 5477565.038603654131293 ], [ 410734.518333923828322, 5477565.037381960079074 ], [ 410734.521622317202855, 5477565.036217479035258 ], [ 410734.524930532672442, 5477565.035110564902425 ], [ 410734.528257562662475, 5477565.034061556681991 ], [ 410734.531602393602952, 5477565.033070772886276 ], [ 410734.534964006685186, 5477565.032138515263796 ], [ 410734.538341377920005, 5477565.031265066936612 ], [ 410734.541733478545211, 5477565.030450696125627 ], [ 410734.545139275258407, 5477565.029695648699999 ], [ 410734.54855773068266, 5477565.02900015655905 ], [ 410734.551987803424709, 5477565.028364430181682 ], [ 410734.555428448715247, 5477565.02778866328299 ], [ 410734.558878618525341, 5477565.027273031882942 ], [ 410734.562337261857465, 5477565.026817693375051 ], [ 410734.565803325152956, 5477565.026422784663737 ], [ 410734.569275752641261, 5477565.026088428683579 ], [ 410734.572753486630972, 5477565.025814725086093 ], [ 410734.576235467684455, 5477565.02560175769031 ], [ 410734.579720635258127, 5477565.025449591688812 ], [ 410734.583207927644253, 5477565.025358273647726 ], [ 410734.586696282611229, 5477565.025327831506729 ], [ 410734.590184637578204, 5477565.025358273647726 ], [ 410734.59367192996433, 5477565.025449591688812 ], [ 410734.597157097538002, 5477565.02560175769031 ], [ 410734.600639078591485, 5477565.025814725086093 ], [ 410734.604116812581196, 5477565.026088428683579 ], [ 410734.607589240069501, 5477565.026422784663737 ], [ 410734.611055303364992, 5477565.026817693375051 ], [ 410734.614513946697116, 5477565.027273031882942 ], [ 410734.61796411650721, 5477565.02778866328299 ], [ 410734.621404761797749, 5477565.028364430181682 ], [ 410734.624834834539797, 5477565.02900015655905 ], [ 410734.62825328996405, 5477565.029695648699999 ], [ 410734.631659086677246, 5477565.030450696125627 ], [ 410734.635051187302452, 5477565.031265066936612 ], [ 410734.638428558537271, 5477565.032138515263796 ], [ 410734.641790171619505, 5477565.033070772886276 ], [ 410734.645135002559982, 5477565.034061556681991 ], [ 410734.648462032550015, 5477565.035110564902425 ], [ 410734.651770248019602, 5477565.036217479035258 ], [ 410734.655058641394135, 5477565.037381960079074 ], [ 410734.658326210919768, 5477565.038603654131293 ], [ 410734.6615719612455, 5477565.039882188662887 ], [ 410734.66479490371421, 5477565.04121717531234 ], [ 410734.667994056653697, 5477565.042608207091689 ], [ 410734.671168445434887, 5477565.044054859317839 ], [ 410734.674317103170324, 5477565.045556691475213 ], [ 410734.677439070830587, 5477565.047113247215748 ], [ 410734.680533397302497, 5477565.048724051564932 ], [ 410734.683599140087608, 5477565.05038861464709 ], [ 410734.686635365302209, 5477565.052106427960098 ], [ 410734.689641148142982, 5477565.05387696903199 ], [ 410734.692615572945215, 5477565.055699699558318 ], [ 410734.695557733706664, 5477565.057574062608182 ], [ 410734.698466734262183, 5477565.059499488212168 ], [ 410734.701341688400134, 5477565.06147538870573 ], [ 410734.704181720502675, 5477565.063501164317131 ], [ 410734.706985965371132, 5477565.06557619664818 ], [ 410734.709753568808082, 5477565.067699853330851 ], [ 410734.712483687791973, 5477565.069871488027275 ], [ 410734.715175490768161, 5477565.072090439498425 ], [ 410734.717828157707117, 5477565.074356030672789 ], [ 410734.720440880628303, 5477565.076667572371662 ], [ 410734.723012863600161, 5477565.079024360515177 ], [ 410734.725543323263992, 5477565.08142567705363 ], [ 410734.728031488775741, 5477565.0838707908988 ], [ 410734.730476602213457, 5477565.086358956061304 ], [ 410734.73287791875191, 5477565.088889416307211 ], [ 410734.735234706953634, 5477565.091461398638785 ], [ 410734.737546248885337, 5477565.094074121676385 ], [ 410734.739811840525363, 5477565.096726789139211 ], [ 410734.742030791647267, 5477565.099418591707945 ], [ 410734.744202426343691, 5477565.102148710750043 ], [ 410734.746326083200984, 5477565.104916314594448 ], [ 410734.748401115240995, 5477565.107720559462905 ], [ 410734.750426890386734, 5477565.110560591332614 ], [ 410734.752402791636996, 5477565.113435545004904 ], [ 410734.754328217124566, 5477565.116344545967877 ], [ 410734.756202580232639, 5477565.119286706671119 ], [ 410734.758025310118683, 5477565.122261131182313 ], [ 410734.759795851481613, 5477565.125266914255917 ], [ 410734.761513665085658, 5477565.128303139470518 ], [ 410734.76317822758574, 5477565.131368882022798 ], [ 410734.764789031993132, 5477565.134463208727539 ], [ 410734.766345587617252, 5477565.137585176154971 ], [ 410734.767847420356702, 5477565.14073383435607 ], [ 410734.769294072699267, 5477565.143908223137259 ], [ 410734.770685103954747, 5477565.147107375785708 ], [ 410734.772020090429578, 5477565.150330318138003 ], [ 410734.77329862548504, 5477565.153576068580151 ], [ 410734.774520319653675, 5477565.156843638047576 ], [ 410734.775684800813906, 5477565.16013203188777 ], [ 410734.776791714248247, 5477565.163440247066319 ], [ 410734.77784072275972, 5477565.166767276823521 ], [ 410734.778831506846473, 5477565.170112107880414 ], [ 410734.779763764643576, 5477565.173473721370101 ], [ 410734.780637212272268, 5477565.176851091906428 ], [ 410734.781451583548915, 5477565.180243193171918 ], [ 410734.782206630508881, 5477565.183648989535868 ], [ 410734.782902123115491, 5477565.187067445367575 ], [ 410734.783537849551067, 5477565.190497517585754 ], [ 410734.784113616100512, 5477565.193938163109124 ], [ 410734.784629247442354, 5477565.197388333268464 ], [ 410734.785084586474113, 5477565.200846976600587 ], [ 410734.785479494486935, 5477565.204313039779663 ], [ 410734.785813851223793, 5477565.207785466685891 ], [ 410734.786087554821279, 5477565.211263201199472 ], [ 410734.786300521926023, 5477565.214745182543993 ], [ 410734.786452687636483, 5477565.218230349943042 ], [ 410734.786544005561154, 5477565.221717641688883 ], [ 410734.786574447993189, 5477565.225205997005105 ], [ 410734.786544005561154, 5477565.228694352321327 ], [ 410734.786452687636483, 5477565.232181644067168 ], [ 410734.786300521926023, 5477565.235666811466217 ], [ 410734.786087554821279, 5477565.239148792810738 ], [ 410734.785813851223793, 5477565.242626527324319 ], [ 410734.785479494486935, 5477565.246098954230547 ], [ 410734.785084586474113, 5477565.249565017409623 ], [ 410734.784629247442354, 5477565.253023660741746 ], [ 410734.784113616100512, 5477565.256473830901086 ], [ 410734.783537849551067, 5477565.259914476424456 ], [ 410734.782902123115491, 5477565.263344548642635 ], [ 410734.782206630508881, 5477565.266763004474342 ], [ 410734.781451583548915, 5477565.270168800838292 ], [ 410734.780637212272268, 5477565.273560902103782 ], [ 410734.779763764643576, 5477565.276938272640109 ], [ 410734.778831506846473, 5477565.280299886129797 ], [ 410734.77784072275972, 5477565.283644717186689 ], [ 410734.776791714248247, 5477565.286971746943891 ], [ 410734.775684800813906, 5477565.29027996212244 ], [ 410734.774520319653675, 5477565.293568355962634 ], [ 410734.77329862548504, 5477565.296835925430059 ], [ 410734.772020090429578, 5477565.300081675872207 ], [ 410734.770685103954747, 5477565.303304618224502 ], [ 410734.769294072699267, 5477565.306503770872951 ], [ 410734.767847420356702, 5477565.30967815965414 ], [ 410734.766345587617252, 5477565.312826817855239 ], [ 410734.764789031993132, 5477565.315948785282671 ], [ 410734.76317822758574, 5477565.319043111987412 ], [ 410734.761513665085658, 5477565.322108854539692 ], [ 410734.759795851481613, 5477565.325145079754293 ], [ 410734.758025310118683, 5477565.328150862827897 ], [ 410734.756202580232639, 5477565.331125287339091 ], [ 410734.754328217124566, 5477565.334067448042333 ], [ 410734.752402791636996, 5477565.336976449005306 ], [ 410734.750426890386734, 5477565.339851402677596 ], [ 410734.748401115240995, 5477565.342691434547305 ], [ 410734.746326083200984, 5477565.345495679415762 ], [ 410734.744202426343691, 5477565.348263283260167 ], [ 410734.742030791647267, 5477565.350993402302265 ], [ 410734.739811840525363, 5477565.353685204870999 ], [ 410734.737546248885337, 5477565.356337872333825 ], [ 410734.735234706953634, 5477565.358950595371425 ], [ 410734.73287791875191, 5477565.361522577702999 ], [ 410734.730476602213457, 5477565.364053037948906 ], [ 410734.728031488775741, 5477565.36654120311141 ], [ 410734.725543323263992, 5477565.36898631695658 ], [ 410734.723012863600161, 5477565.371387633495033 ], [ 410734.720440880628303, 5477565.373744421638548 ], [ 410734.717828157707117, 5477565.376055963337421 ], [ 410734.715175490768161, 5477565.378321554511786 ], [ 410734.712483687791973, 5477565.380540505982935 ], [ 410734.709753568808082, 5477565.382712140679359 ], [ 410734.706985965371132, 5477565.38483579736203 ], [ 410734.704181720502675, 5477565.386910829693079 ], [ 410734.701341688400134, 5477565.38893660530448 ], [ 410734.698466734262183, 5477565.390912505798042 ], [ 410734.695557733706664, 5477565.392837931402028 ], [ 410734.692615572945215, 5477565.394712294451892 ], [ 410734.689641148142982, 5477565.39653502497822 ], [ 410734.686635365302209, 5477565.398305566050112 ], [ 410734.683599140087608, 5477565.40002337936312 ], [ 410734.680533397302497, 5477565.401687942445278 ], [ 410734.677439070830587, 5477565.403298746794462 ], [ 410734.674317103170324, 5477565.404855302534997 ], [ 410734.671168445434887, 5477565.406357134692371 ], [ 410734.667994056653697, 5477565.407803786918521 ], [ 410734.66479490371421, 5477565.40919481869787 ], [ 410734.6615719612455, 5477565.410529805347323 ], [ 410734.658326210919768, 5477565.411808339878917 ], [ 410734.655058641394135, 5477565.413030033931136 ], [ 410734.651770248019602, 5477565.414194514974952 ], [ 410734.648462032550015, 5477565.415301429107785 ], [ 410734.645135002559982, 5477565.416350437328219 ], [ 410734.641790171619505, 5477565.417341221123934 ], [ 410734.638428558537271, 5477565.418273478746414 ], [ 410734.635051187302452, 5477565.419146927073598 ], [ 410734.631659086677246, 5477565.419961297884583 ], [ 410734.62825328996405, 5477565.420716345310211 ], [ 410734.624834834539797, 5477565.42141183745116 ], [ 410734.621404761797749, 5477565.422047563828528 ], [ 410734.61796411650721, 5477565.42262333072722 ], [ 410734.614513946697116, 5477565.423138962127268 ], [ 410734.611055303364992, 5477565.423594300635159 ], [ 410734.607589240069501, 5477565.423989209346473 ], [ 410734.604116812581196, 5477565.424323565326631 ], [ 410734.600639078591485, 5477565.424597268924117 ], [ 410734.597157097538002, 5477565.4248102363199 ] ], [ [ 410738.829827048408333, 5477578.728140857070684 ], [ 410738.774010678986087, 5477578.730577852576971 ], [ 410738.718160279153381, 5477578.732040346600115 ], [ 410738.662292861612514, 5477578.732527893967927 ], [ 410738.606425444071647, 5477578.732040346600115 ], [ 410738.55057504423894, 5477578.730577852576971 ], [ 410738.494758674816694, 5477578.728140857070684 ], [ 410738.438993337855209, 5477578.724730102345347 ], [ 410738.383296020096168, 5477578.720346628688276 ], [ 410738.327683687501121, 5477578.714991769753397 ], [ 410738.272173280129209, 5477578.708667158149183 ], [ 410738.216781706956681, 5477578.701374718919396 ], [ 410738.161525840754621, 5477578.6931166741997 ], [ 410738.106422513083089, 5477578.683895540423691 ], [ 410738.05148850887781, 5477578.673714124597609 ], [ 410737.996740561560728, 5477578.662575528025627 ], [ 410737.94219534797594, 5477578.65048314537853 ], [ 410737.887869483034592, 5477578.637440659105778 ], [ 410737.83377951500006, 5477578.623452042229474 ], [ 410737.779941920132842, 5477578.608521556481719 ], [ 410737.726373097917531, 5477578.592653747648001 ], [ 410737.673089365940541, 5477578.575853452086449 ], [ 410737.62010695488425, 5477578.558125784620643 ], [ 410737.567442003753968, 5477578.539476147852838 ], [ 410737.515110554872081, 5477578.519910220988095 ], [ 410737.463128548755776, 5477578.499433963559568 ], [ 410737.411511819751468, 5477578.478053614497185 ], [ 410737.360276090737898, 5477578.455775685608387 ], [ 410737.30943696864415, 5477578.432606963440776 ], [ 410737.259009939618409, 5477578.408554503694177 ], [ 410737.209010364138521, 5477578.383625634945929 ], [ 410737.159453472530004, 5477578.357827950268984 ], [ 410737.110354360425845, 5477578.331169307231903 ], [ 410737.061727983818855, 5477578.303657826967537 ], [ 410737.0135891547543, 5477578.275301890447736 ], [ 410736.9659525367897, 5477578.24611013289541 ], [ 410736.918832640571054, 5477578.216091448441148 ], [ 410736.872243819176219, 5477578.185254979878664 ], [ 410736.826200264098588, 5477578.153610121458769 ], [ 410736.780716000590473, 5477578.121166511438787 ], [ 410736.735804883588571, 5477578.08793403301388 ], [ 410736.691480593581218, 5477578.053922809660435 ], [ 410736.647756632009987, 5477578.019143199548125 ], [ 410736.604646317719016, 5477577.983605799265206 ], [ 410736.562162782473024, 5477577.947321432642639 ], [ 410736.520318967173807, 5477577.910301151685417 ], [ 410736.47912761796033, 5477577.872556234709918 ], [ 410736.438601281959563, 5477577.834098177030683 ], [ 410736.398752303968649, 5477577.79493869561702 ], [ 410736.359592822322156, 5477577.755089717917144 ], [ 410736.321134765457828, 5477577.71456338185817 ], [ 410736.283389848074876, 5477577.673372032120824 ], [ 410736.246369567525107, 5477577.631528217345476 ], [ 410736.210085200611502, 5477577.589044681750238 ], [ 410736.174547799921129, 5477577.545934367924929 ], [ 410736.139768190507311, 5477577.502210406586528 ], [ 410736.105756966513582, 5477577.457886115647852 ], [ 410736.072524488146883, 5477577.412974999286234 ], [ 410736.040080878301524, 5477577.367490735836327 ], [ 410736.00843601959059, 5477577.321447180584073 ], [ 410735.97759955143556, 5477577.274858359247446 ], [ 410735.947580866806675, 5477577.227738463319838 ], [ 410735.918389109778218, 5477577.180101845413446 ], [ 410735.890033172443509, 5477577.131963015533984 ], [ 410735.862521692237351, 5477577.083336639218032 ], [ 410735.835863049491309, 5477577.034237527288496 ], [ 410735.810065364581533, 5477576.984680635854602 ], [ 410735.785136495833285, 5477576.934681059792638 ], [ 410735.761084036785178, 5477576.884254030883312 ], [ 410735.73791531403549, 5477576.833414908498526 ], [ 410735.715637385030277, 5477576.782179179601371 ], [ 410735.694257035851479, 5477576.730562451295555 ], [ 410735.673780779121444, 5477576.678580445237458 ], [ 410735.654214852082077, 5477576.626248995773494 ], [ 410735.635565214790404, 5477576.573584044352174 ], [ 410735.61783754802309, 5477576.520601633936167 ], [ 410735.601037251879461, 5477576.467317901551723 ], [ 410735.58516944386065, 5477576.413749079219997 ], [ 410735.570238957356196, 5477576.359911484643817 ], [ 410735.556250340479892, 5477576.305821516551077 ], [ 410735.543207854265347, 5477576.251495651900768 ], [ 410735.531115471560042, 5477576.196950438432395 ], [ 410735.519976875802968, 5477576.14220249094069 ], [ 410735.509795459918678, 5477576.087268486618996 ], [ 410735.500574325269554, 5477576.03216515854001 ], [ 410735.492316280782688, 5477575.976909292861819 ], [ 410735.485023841785733, 5477575.921517719514668 ], [ 410735.478699229774065, 5477575.866007312200963 ], [ 410735.473344371188432, 5477575.810394979082048 ], [ 410735.468960897240322, 5477575.754697661846876 ], [ 410735.465550143097062, 5477575.698932324536145 ], [ 410735.463113147765398, 5477575.643115955404937 ], [ 410735.461650653567631, 5477575.587265555746853 ], [ 410735.461163106025197, 5477575.531398138031363 ], [ 410735.461650653567631, 5477575.475530720315874 ], [ 410735.463113147765398, 5477575.41968032065779 ], [ 410735.465550143097062, 5477575.363863951526582 ], [ 410735.468960897240322, 5477575.308098614215851 ], [ 410735.473344371188432, 5477575.252401296980679 ], [ 410735.478699229774065, 5477575.196788963861763 ], [ 410735.485023841785733, 5477575.141278556548059 ], [ 410735.492316280782688, 5477575.085886983200908 ], [ 410735.500574325269554, 5477575.030631117522717 ], [ 410735.509795459918678, 5477574.975527789443731 ], [ 410735.519976875802968, 5477574.920593785122037 ], [ 410735.531115471560042, 5477574.865845837630332 ], [ 410735.543207854265347, 5477574.811300624161959 ], [ 410735.556250340479892, 5477574.75697475951165 ], [ 410735.570238957356196, 5477574.70288479141891 ], [ 410735.58516944386065, 5477574.64904719684273 ], [ 410735.601037251879461, 5477574.595478374511003 ], [ 410735.61783754802309, 5477574.54219464212656 ], [ 410735.635565214790404, 5477574.489212231710553 ], [ 410735.654214852082077, 5477574.436547280289233 ], [ 410735.673780779121444, 5477574.384215830825269 ], [ 410735.694257035851479, 5477574.332233824767172 ], [ 410735.715637385030277, 5477574.280617096461356 ], [ 410735.73791531403549, 5477574.229381367564201 ], [ 410735.761084036785178, 5477574.178542245179415 ], [ 410735.785136495833285, 5477574.128115216270089 ], [ 410735.810065364581533, 5477574.078115640208125 ], [ 410735.835863049491309, 5477574.02855874877423 ], [ 410735.862521692237351, 5477573.979459636844695 ], [ 410735.890033172443509, 5477573.930833260528743 ], [ 410735.918389109778218, 5477573.882694430649281 ], [ 410735.947580866806675, 5477573.835057812742889 ], [ 410735.97759955143556, 5477573.787937916815281 ], [ 410736.00843601959059, 5477573.741349095478654 ], [ 410736.040080878301524, 5477573.6953055402264 ], [ 410736.072524488146883, 5477573.649821276776493 ], [ 410736.105756966513582, 5477573.604910160414875 ], [ 410736.139768190507311, 5477573.560585869476199 ], [ 410736.174547799921129, 5477573.516861908137798 ], [ 410736.210085200611502, 5477573.473751594312489 ], [ 410736.246369567525107, 5477573.431268058717251 ], [ 410736.283389848074876, 5477573.389424243941903 ], [ 410736.321134765457828, 5477573.348232894204557 ], [ 410736.359592822322156, 5477573.307706558145583 ], [ 410736.398752303968649, 5477573.267857580445707 ], [ 410736.438601281959563, 5477573.228698099032044 ], [ 410736.47912761796033, 5477573.190240041352808 ], [ 410736.520318967173807, 5477573.15249512437731 ], [ 410736.562162782473024, 5477573.115474843420088 ], [ 410736.604646317719016, 5477573.079190476797521 ], [ 410736.647756632009987, 5477573.043653076514602 ], [ 410736.691480593581218, 5477573.008873466402292 ], [ 410736.735804883588571, 5477572.974862243048847 ], [ 410736.780716000590473, 5477572.94162976462394 ], [ 410736.826200264098588, 5477572.909186154603958 ], [ 410736.872243819176219, 5477572.877541296184063 ], [ 410736.918832640571054, 5477572.846704827621579 ], [ 410736.9659525367897, 5477572.816686143167317 ], [ 410737.0135891547543, 5477572.787494385614991 ], [ 410737.061727983818855, 5477572.75913844909519 ], [ 410737.110354360425845, 5477572.731626968830824 ], [ 410737.159453472530004, 5477572.704968325793743 ], [ 410737.209010364138521, 5477572.679170641116798 ], [ 410737.259009939618409, 5477572.65424177236855 ], [ 410737.30943696864415, 5477572.630189312621951 ], [ 410737.360276090737898, 5477572.60702059045434 ], [ 410737.411511819751468, 5477572.584742661565542 ], [ 410737.463128548755776, 5477572.563362312503159 ], [ 410737.515110554872081, 5477572.542886055074632 ], [ 410737.567442003753968, 5477572.523320128209889 ], [ 410737.62010695488425, 5477572.504670491442084 ], [ 410737.673089365940541, 5477572.486942823976278 ], [ 410737.726373097917531, 5477572.470142528414726 ], [ 410737.779941920132842, 5477572.454274719581008 ], [ 410737.83377951500006, 5477572.439344233833253 ], [ 410737.887869483034592, 5477572.425355616956949 ], [ 410737.94219534797594, 5477572.412313130684197 ], [ 410737.996740561560728, 5477572.4002207480371 ], [ 410738.05148850887781, 5477572.389082151465118 ], [ 410738.106422513083089, 5477572.378900735639036 ], [ 410738.161525840754621, 5477572.369679601863027 ], [ 410738.216781706956681, 5477572.361421557143331 ], [ 410738.272173280129209, 5477572.354129117913544 ], [ 410738.327683687501121, 5477572.34780450630933 ], [ 410738.383296020096168, 5477572.342449647374451 ], [ 410738.438993337855209, 5477572.33806617371738 ], [ 410738.494758674816694, 5477572.334655418992043 ], [ 410738.55057504423894, 5477572.332218423485756 ], [ 410738.606425444071647, 5477572.330755929462612 ], [ 410738.662292861612514, 5477572.3302683820948 ], [ 410738.718160279153381, 5477572.330755929462612 ], [ 410738.774010678986087, 5477572.332218423485756 ], [ 410738.829827048408333, 5477572.334655418992043 ], [ 410738.885592385369819, 5477572.33806617371738 ], [ 410738.941289703128859, 5477572.342449647374451 ], [ 410738.996902035723906, 5477572.34780450630933 ], [ 410739.052412443095818, 5477572.354129117913544 ], [ 410739.107804016268346, 5477572.361421557143331 ], [ 410739.163059882470407, 5477572.369679601863027 ], [ 410739.218163210141938, 5477572.378900735639036 ], [ 410739.273097214347217, 5477572.389082151465118 ], [ 410739.3278451616643, 5477572.4002207480371 ], [ 410739.382390375249088, 5477572.412313130684197 ], [ 410739.436716240190435, 5477572.425355616956949 ], [ 410739.490806208224967, 5477572.439344233833253 ], [ 410739.544643803092185, 5477572.454274719581008 ], [ 410739.598212625307497, 5477572.470142528414726 ], [ 410739.651496357284486, 5477572.486942823976278 ], [ 410739.704478768340778, 5477572.504670491442084 ], [ 410739.75714371947106, 5477572.523320128209889 ], [ 410739.809475168352947, 5477572.542886055074632 ], [ 410739.861457174469251, 5477572.563362312503159 ], [ 410739.91307390347356, 5477572.584742661565542 ], [ 410739.964309632487129, 5477572.60702059045434 ], [ 410740.015148754580878, 5477572.630189312621951 ], [ 410740.065575783606619, 5477572.65424177236855 ], [ 410740.115575359086506, 5477572.679170641116798 ], [ 410740.165132250695024, 5477572.704968325793743 ], [ 410740.214231362799183, 5477572.731626968830824 ], [ 410740.262857739406172, 5477572.75913844909519 ], [ 410740.310996568470728, 5477572.787494385614991 ], [ 410740.358633186435327, 5477572.816686143167317 ], [ 410740.405753082653973, 5477572.846704827621579 ], [ 410740.452341904048808, 5477572.877541296184063 ], [ 410740.498385459126439, 5477572.909186154603958 ], [ 410740.543869722634554, 5477572.94162976462394 ], [ 410740.588780839636456, 5477572.974862243048847 ], [ 410740.633105129643809, 5477573.008873466402292 ], [ 410740.676829091215041, 5477573.043653076514602 ], [ 410740.719939405506011, 5477573.079190476797521 ], [ 410740.762422940752003, 5477573.115474843420088 ], [ 410740.80426675605122, 5477573.15249512437731 ], [ 410740.845458105264697, 5477573.190240041352808 ], [ 410740.885984441265464, 5477573.228698099032044 ], [ 410740.925833419256378, 5477573.267857580445707 ], [ 410740.964992900902871, 5477573.307706558145583 ], [ 410741.0034509577672, 5477573.348232894204557 ], [ 410741.041195875150152, 5477573.389424243941903 ], [ 410741.07821615569992, 5477573.431268058717251 ], [ 410741.114500522613525, 5477573.473751594312489 ], [ 410741.150037923303898, 5477573.516861908137798 ], [ 410741.184817532717716, 5477573.560585869476199 ], [ 410741.218828756711446, 5477573.604910160414875 ], [ 410741.252061235078145, 5477573.649821276776493 ], [ 410741.284504844923504, 5477573.6953055402264 ], [ 410741.316149703634437, 5477573.741349095478654 ], [ 410741.346986171789467, 5477573.787937916815281 ], [ 410741.377004856418353, 5477573.835057812742889 ], [ 410741.406196613446809, 5477573.882694430649281 ], [ 410741.434552550781518, 5477573.930833260528743 ], [ 410741.462064030987676, 5477573.979459636844695 ], [ 410741.488722673733719, 5477574.02855874877423 ], [ 410741.514520358643495, 5477574.078115640208125 ], [ 410741.539449227391742, 5477574.128115216270089 ], [ 410741.563501686439849, 5477574.178542245179415 ], [ 410741.586670409189537, 5477574.229381367564201 ], [ 410741.60894833819475, 5477574.280617096461356 ], [ 410741.630328687373549, 5477574.332233824767172 ], [ 410741.650804944103584, 5477574.384215830825269 ], [ 410741.67037087114295, 5477574.436547280289233 ], [ 410741.689020508434623, 5477574.489212231710553 ], [ 410741.706748175201938, 5477574.54219464212656 ], [ 410741.723548471345566, 5477574.595478374511003 ], [ 410741.739416279364377, 5477574.64904719684273 ], [ 410741.754346765868831, 5477574.70288479141891 ], [ 410741.768335382745136, 5477574.75697475951165 ], [ 410741.78137786895968, 5477574.811300624161959 ], [ 410741.793470251664985, 5477574.865845837630332 ], [ 410741.80460884742206, 5477574.920593785122037 ], [ 410741.81479026330635, 5477574.975527789443731 ], [ 410741.824011397955474, 5477575.030631117522717 ], [ 410741.832269442442339, 5477575.085886983200908 ], [ 410741.839561881439295, 5477575.141278556548059 ], [ 410741.845886493450962, 5477575.196788963861763 ], [ 410741.851241352036595, 5477575.252401296980679 ], [ 410741.855624825984705, 5477575.308098614215851 ], [ 410741.859035580127966, 5477575.363863951526582 ], [ 410741.861472575459629, 5477575.41968032065779 ], [ 410741.862935069657397, 5477575.475530720315874 ], [ 410741.863422617199831, 5477575.531398138031363 ], [ 410741.862935069657397, 5477575.587265555746853 ], [ 410741.861472575459629, 5477575.643115955404937 ], [ 410741.859035580127966, 5477575.698932324536145 ], [ 410741.855624825984705, 5477575.754697661846876 ], [ 410741.851241352036595, 5477575.810394979082048 ], [ 410741.845886493450962, 5477575.866007312200963 ], [ 410741.839561881439295, 5477575.921517719514668 ], [ 410741.832269442442339, 5477575.976909292861819 ], [ 410741.824011397955474, 5477576.03216515854001 ], [ 410741.81479026330635, 5477576.087268486618996 ], [ 410741.80460884742206, 5477576.14220249094069 ], [ 410741.793470251664985, 5477576.196950438432395 ], [ 410741.78137786895968, 5477576.251495651900768 ], [ 410741.768335382745136, 5477576.305821516551077 ], [ 410741.754346765868831, 5477576.359911484643817 ], [ 410741.739416279364377, 5477576.413749079219997 ], [ 410741.723548471345566, 5477576.467317901551723 ], [ 410741.706748175201938, 5477576.520601633936167 ], [ 410741.689020508434623, 5477576.573584044352174 ], [ 410741.67037087114295, 5477576.626248995773494 ], [ 410741.650804944103584, 5477576.678580445237458 ], [ 410741.630328687373549, 5477576.730562451295555 ], [ 410741.60894833819475, 5477576.782179179601371 ], [ 410741.586670409189537, 5477576.833414908498526 ], [ 410741.563501686439849, 5477576.884254030883312 ], [ 410741.539449227391742, 5477576.934681059792638 ], [ 410741.514520358643495, 5477576.984680635854602 ], [ 410741.488722673733719, 5477577.034237527288496 ], [ 410741.462064030987676, 5477577.083336639218032 ], [ 410741.434552550781518, 5477577.131963015533984 ], [ 410741.406196613446809, 5477577.180101845413446 ], [ 410741.377004856418353, 5477577.227738463319838 ], [ 410741.346986171789467, 5477577.274858359247446 ], [ 410741.316149703634437, 5477577.321447180584073 ], [ 410741.284504844923504, 5477577.367490735836327 ], [ 410741.252061235078145, 5477577.412974999286234 ], [ 410741.218828756711446, 5477577.457886115647852 ], [ 410741.184817532717716, 5477577.502210406586528 ], [ 410741.150037923303898, 5477577.545934367924929 ], [ 410741.114500522613525, 5477577.589044681750238 ], [ 410741.07821615569992, 5477577.631528217345476 ], [ 410741.041195875150152, 5477577.673372032120824 ], [ 410741.0034509577672, 5477577.71456338185817 ], [ 410740.964992900902871, 5477577.755089717917144 ], [ 410740.925833419256378, 5477577.79493869561702 ], [ 410740.885984441265464, 5477577.834098177030683 ], [ 410740.845458105264697, 5477577.872556234709918 ], [ 410740.80426675605122, 5477577.910301151685417 ], [ 410740.762422940752003, 5477577.947321432642639 ], [ 410740.719939405506011, 5477577.983605799265206 ], [ 410740.676829091215041, 5477578.019143199548125 ], [ 410740.633105129643809, 5477578.053922809660435 ], [ 410740.588780839636456, 5477578.08793403301388 ], [ 410740.543869722634554, 5477578.121166511438787 ], [ 410740.498385459126439, 5477578.153610121458769 ], [ 410740.452341904048808, 5477578.185254979878664 ], [ 410740.405753082653973, 5477578.216091448441148 ], [ 410740.358633186435327, 5477578.24611013289541 ], [ 410740.310996568470728, 5477578.275301890447736 ], [ 410740.262857739406172, 5477578.303657826967537 ], [ 410740.214231362799183, 5477578.331169307231903 ], [ 410740.165132250695024, 5477578.357827950268984 ], [ 410740.115575359086506, 5477578.383625634945929 ], [ 410740.065575783606619, 5477578.408554503694177 ], [ 410740.015148754580878, 5477578.432606963440776 ], [ 410739.964309632487129, 5477578.455775685608387 ], [ 410739.91307390347356, 5477578.478053614497185 ], [ 410739.861457174469251, 5477578.499433963559568 ], [ 410739.809475168352947, 5477578.519910220988095 ], [ 410739.75714371947106, 5477578.539476147852838 ], [ 410739.704478768340778, 5477578.558125784620643 ], [ 410739.651496357284486, 5477578.575853452086449 ], [ 410739.598212625307497, 5477578.592653747648001 ], [ 410739.544643803092185, 5477578.608521556481719 ], [ 410739.490806208224967, 5477578.623452042229474 ], [ 410739.436716240190435, 5477578.637440659105778 ], [ 410739.382390375249088, 5477578.65048314537853 ], [ 410739.3278451616643, 5477578.662575528025627 ], [ 410739.273097214347217, 5477578.673714124597609 ], [ 410739.218163210141938, 5477578.683895540423691 ], [ 410739.163059882470407, 5477578.6931166741997 ], [ 410739.107804016268346, 5477578.701374718919396 ], [ 410739.052412443095818, 5477578.708667158149183 ], [ 410738.996902035723906, 5477578.714991769753397 ], [ 410738.941289703128859, 5477578.720346628688276 ], [ 410738.885592385369819, 5477578.724730102345347 ], [ 410738.829827048408333, 5477578.728140857070684 ] ] ], [ [ [ 410715.492419315734878, 5477561.638078836724162 ], [ 410715.477736592583824, 5477561.636145818978548 ], [ 410715.463089841476176, 5477561.633956847712398 ], [ 410715.448483524029143, 5477561.631512587890029 ], [ 410715.433922089345288, 5477561.628813785500824 ], [ 410715.419409973022994, 5477561.625861262902617 ], [ 410715.40495159564307, 5477561.622655916959047 ], [ 410715.390551361313555, 5477561.61919872649014 ], [ 410715.37621365650557, 5477561.615490744821727 ], [ 410715.361942848598119, 5477561.611533098854125 ], [ 410715.347743284655735, 5477561.607326996512711 ], [ 410715.333619289973285, 5477561.602873718366027 ], [ 410715.319575166911818, 5477561.598174620419741 ], [ 410715.305615193326958, 5477561.59323113411665 ], [ 410715.291743621695787, 5477561.588044766336679 ], [ 410715.277964677370619, 5477561.582617095671594 ], [ 410715.26428255753126, 5477561.576949776150286 ], [ 410715.250701429962646, 5477561.571044533513486 ], [ 410715.237225431483239, 5477561.564903168007731 ], [ 410715.223858667130116, 5477561.558527547866106 ], [ 410715.210605208529159, 5477561.551919617690146 ], [ 410715.197469092730898, 5477561.54508138820529 ], [ 410715.184454321220983, 5477561.53801494371146 ], [ 410715.171564858348574, 5477561.530722436495125 ], [ 410715.158804630395025, 5477561.523206087760627 ], [ 410715.146177524293307, 5477561.515468187630177 ], [ 410715.133687386347447, 5477561.507511092349887 ], [ 410715.121338021184783, 5477561.499337225221097 ], [ 410715.109133190475404, 5477561.490949077531695 ], [ 410715.097076612000819, 5477561.482349203899503 ], [ 410715.085171958315186, 5477561.473540223203599 ], [ 410715.073422855697572, 5477561.464524820446968 ], [ 410715.061832882987801, 5477561.455305739305913 ], [ 410715.050405570596922, 5477561.445885790511966 ], [ 410715.039144399459474, 5477561.436267841607332 ], [ 410715.028052799811121, 5477561.426454822532833 ], [ 410715.017134150199126, 5477561.416449723765254 ], [ 410715.006391776667442, 5477561.406255591660738 ], [ 410714.995828951359726, 5477561.395875532180071 ], [ 410714.985448891820852, 5477561.385312707163393 ], [ 410714.975254759949166, 5477561.374570333398879 ], [ 410714.965249661006965, 5477561.363651684485376 ], [ 410714.955436642572749, 5477561.352560084313154 ], [ 410714.945818693784531, 5477561.341298913583159 ], [ 410714.936398744408507, 5477561.329871600493789 ], [ 410714.927179663849529, 5477561.318281628191471 ], [ 410714.91816426027799, 5477561.306532525457442 ], [ 410714.909355279931333, 5477561.294627871364355 ], [ 410714.900755406124517, 5477561.282571293413639 ], [ 410714.892367258376908, 5477561.270366462878883 ], [ 410714.884193391888402, 5477561.258017097599804 ], [ 410714.87623629643349, 5477561.245526959188282 ], [ 410714.868498395837378, 5477561.232899853028357 ], [ 410714.860982047161087, 5477561.220139625482261 ], [ 410714.853689539944753, 5477561.207250162959099 ], [ 410714.846623095567338, 5477561.194235390983522 ], [ 410714.839784866548143, 5477561.181099275127053 ], [ 410714.833176935848314, 5477561.167845816351473 ], [ 410714.826801316288766, 5477561.154479051940143 ], [ 410714.820659949968103, 5477561.141003053635359 ], [ 410714.814754707622342, 5477561.127421926707029 ], [ 410714.809087388042826, 5477561.113739806227386 ], [ 410714.803659717494156, 5477561.099960861727595 ], [ 410714.79847334936494, 5477561.086089290678501 ], [ 410714.793529863469303, 5477561.072129316627979 ], [ 410714.788830765639432, 5477561.058085193857551 ], [ 410714.784377487201709, 5477561.043961199000478 ], [ 410714.78017138474388, 5477561.029761635698378 ], [ 410714.77621373947477, 5477561.015490827150643 ], [ 410714.772505756875034, 5477561.001153122633696 ], [ 410714.769048566464335, 5477560.986752888187766 ], [ 410714.76584322139388, 5477560.972294510342181 ], [ 410714.762890697980765, 5477560.957782394252717 ], [ 410714.760191895591561, 5477560.943220959976315 ], [ 410714.757747636293061, 5477560.928614642471075 ], [ 410714.755558664677665, 5477560.913967891596258 ], [ 410714.753625647514127, 5477560.899285168386996 ], [ 410714.751949173572939, 5477560.884570945054293 ], [ 410714.750529753626324, 5477560.869829704985023 ], [ 410714.749367819924373, 5477560.855065938085318 ], [ 410714.74880877888063, 5477560.845925697125494 ], [ 410714.133693814219441, 5477560.193356890231371 ], [ 410714.105291285319254, 5477560.189112103544176 ], [ 410714.010328820324503, 5477560.173220836557448 ], [ 410713.915658159472514, 5477560.155674667097628 ], [ 410713.821308140293695, 5477560.136478938162327 ], [ 410713.727307502704207, 5477560.115639498457313 ], [ 410713.633684880274814, 5477560.093162695877254 ], [ 410713.540468791266903, 5477560.069055375643075 ], [ 410713.447687630308792, 5477560.04332488309592 ], [ 410713.355369659431744, 5477560.015979054383934 ], [ 410713.263542999513447, 5477559.987026219256222 ], [ 410713.172235621837899, 5477559.95647519826889 ], [ 410713.081475339597091, 5477559.924335296265781 ], [ 410712.991289799218066, 5477559.890616305172443 ], [ 410712.90170647209743, 5477559.855328493751585 ], [ 410712.812752646161243, 5477559.818482612259686 ], [ 410712.724455417599529, 5477559.780089884996414 ], [ 410712.636841682600789, 5477559.740162005648017 ], [ 410712.549938129202928, 5477559.698711137287319 ], [ 410712.46377122902777, 5477559.655749904923141 ], [ 410712.37836722942302, 5477559.611291397362947 ], [ 410712.293752145138569, 5477559.56534915510565 ], [ 410712.209951750875916, 5477559.517937173135579 ], [ 410712.126991572964471, 5477559.469069893471897 ], [ 410712.04489688196918, 5477559.418762202374637 ], [ 410711.963692684599664, 5477559.36702942289412 ], [ 410711.883403716550674, 5477559.313887313939631 ], [ 410711.804054434585851, 5477559.259352063760161 ], [ 410711.725669009203557, 5477559.203440283425152 ], [ 410711.648271317477338, 5477559.146169004030526 ], [ 410711.571884935430717, 5477559.087555671110749 ], [ 410711.496533131052274, 5477559.027618139982224 ], [ 410711.422238857368939, 5477558.966374666430056 ], [ 410711.349024744995404, 5477558.903843907639384 ], [ 410711.276913095673081, 5477558.840044909156859 ], [ 410711.20592587540159, 5477558.77499710675329 ], [ 410711.136084707512055, 5477558.708720313385129 ], [ 410711.067410866264254, 5477558.641234717331827 ], [ 410710.99992527050199, 5477558.572560875676572 ], [ 410710.933648476842791, 5477558.502719707787037 ], [ 410710.86860067397356, 5477558.431732487864792 ], [ 410710.804801675956696, 5477558.359620838426054 ], [ 410710.742270916700363, 5477558.286406726576388 ], [ 410710.681027443555649, 5477558.212112452834845 ], [ 410710.62108991201967, 5477558.136760648339987 ], [ 410710.562476579565555, 5477558.060374265536666 ], [ 410710.505205300345551, 5477557.982976574450731 ], [ 410710.449293519835919, 5477557.904591148719192 ], [ 410710.394758269248996, 5477557.825241866521537 ], [ 410710.341616160585545, 5477557.744952898472548 ], [ 410710.289883381396066, 5477557.663748701103032 ], [ 410710.239575690065976, 5477557.581654010340571 ], [ 410710.190708410693333, 5477557.498693832196295 ], [ 410710.143296428781468, 5477557.414893438108265 ], [ 410710.097354186524171, 5477557.330278353765607 ], [ 410710.052895678323694, 5477557.244874354451895 ], [ 410710.009934446716215, 5477557.158707453869283 ], [ 410709.968483578006271, 5477557.071803900413215 ], [ 410709.928555698657874, 5477556.984190165996552 ], [ 410709.890162970987149, 5477556.895892937667668 ], [ 410709.853317089844495, 5477556.806939111091197 ], [ 410709.818029278889298, 5477556.717355784028769 ], [ 410709.784310286981054, 5477556.62717024423182 ], [ 410709.752170385443605, 5477556.536409961991012 ], [ 410709.721619364223443, 5477556.445102583616972 ], [ 410709.692666529561393, 5477556.353275923989713 ], [ 410709.665320700732991, 5477556.260957952588797 ], [ 410709.63959020760376, 5477556.168176791630685 ], [ 410709.615482887835242, 5477556.074960703030229 ], [ 410709.59300608484773, 5477555.981338080950081 ], [ 410709.572166645200923, 5477555.887337443418801 ], [ 410709.552970916847698, 5477555.792987423948944 ], [ 410709.535424746980425, 5477555.698316763155162 ], [ 410709.519533480342943, 5477555.603354298509657 ], [ 410709.505301957542542, 5477555.508128955960274 ], [ 410709.492734513652977, 5477555.412669741548598 ], [ 410709.481834976817481, 5477555.317005734890699 ], [ 410709.475533783028368, 5477555.251565335318446 ], [ 410704.804300946067087, 5477550.295904982835054 ], [ 410704.79930902866181, 5477550.292845931835473 ], [ 410704.786818890715949, 5477550.284888836555183 ], [ 410704.774469525553286, 5477550.276714969426394 ], [ 410704.762264694843907, 5477550.268326821736991 ], [ 410704.750208116369322, 5477550.259726948104799 ], [ 410704.738303462683689, 5477550.250917967408895 ], [ 410704.726554360066075, 5477550.241902564652264 ], [ 410704.714964387356304, 5477550.232683483511209 ], [ 410704.703537074965425, 5477550.223263534717262 ], [ 410704.692275903827976, 5477550.213645585812628 ], [ 410704.681184304179624, 5477550.203832566738129 ], [ 410704.670265654567629, 5477550.19382746797055 ], [ 410704.659523281035945, 5477550.183633335866034 ], [ 410704.648960455728229, 5477550.173253276385367 ], [ 410704.638580396189354, 5477550.16269045136869 ], [ 410704.628386264317669, 5477550.151948077604175 ], [ 410704.618381165375467, 5477550.141029428690672 ], [ 410704.608568146941252, 5477550.12993782851845 ], [ 410704.598950198153034, 5477550.118676657788455 ], [ 410704.58953024877701, 5477550.107249344699085 ], [ 410704.580311168218032, 5477550.095659372396767 ], [ 410704.571295764646493, 5477550.083910269662738 ], [ 410704.562486784299836, 5477550.072005615569651 ], [ 410704.55388691049302, 5477550.059949037618935 ], [ 410704.54549876274541, 5477550.047744207084179 ], [ 410704.537324896256905, 5477550.0353948418051 ], [ 410704.529367800801992, 5477550.022904703393579 ], [ 410704.52162990020588, 5477550.010277597233653 ], [ 410704.51411355152959, 5477549.997517369687557 ], [ 410704.506821044313256, 5477549.984627907164395 ], [ 410704.501293789886404, 5477549.974447970278561 ], [ 410702.708960629126523, 5477548.072981121018529 ], [ 410699.906352585356217, 5477550.702394286170602 ], [ 410702.536110904824454, 5477554.054074381478131 ], [ 410702.545756122155581, 5477554.066501029767096 ], [ 410705.359756122110412, 5477557.731501028873026 ], [ 410705.572382962855045, 5477558.112719974480569 ], [ 410705.666250991984271, 5477558.539014298468828 ], [ 410705.633411128772423, 5477558.974283871240914 ], [ 410705.476644370355643, 5477559.381668507121503 ], [ 410705.209226287377533, 5477559.726669414900243 ], [ 410702.635401895327959, 5477562.199500697664917 ], [ 410700.634731082885992, 5477564.122923026792705 ], [ 410703.416246622917242, 5477567.016333818435669 ], [ 410726.757128890021704, 5477591.285211404785514 ], [ 410727.025767576415092, 5477591.670685481280088 ], [ 410727.161974862392526, 5477592.120357120409608 ], [ 410727.152386875473894, 5477592.590107136406004 ], [ 410726.997944333706982, 5477593.033846371807158 ], [ 410726.713800247351173, 5477593.408037694171071 ], [ 410725.779384069261141, 5477594.303424203768373 ], [ 410726.4281194981304, 5477594.959015801548958 ], [ 410726.858225037227385, 5477594.558830647729337 ], [ 410727.247762920334935, 5477594.296751392073929 ], [ 410727.699239046662115, 5477594.167931338772178 ], [ 410728.168423745024484, 5477594.184990576468408 ], [ 410728.474108093010727, 5477594.29679296258837 ], [ 410729.996892655384727, 5477592.924653356894851 ], [ 410730.376937273249496, 5477592.674981776624918 ], [ 410730.814331815985497, 5477592.550660324282944 ], [ 410731.268880734278355, 5477592.563113855198026 ], [ 410731.698812031012494, 5477592.711197917349637 ], [ 410732.064616011979524, 5477592.981303928419948 ], [ 410733.166647379403003, 5477594.089503382332623 ], [ 410737.329403794952668, 5477590.360422334633768 ], [ 410739.466164956160355, 5477587.014606846496463 ], [ 410739.439364553312771, 5477587.039869054220617 ], [ 410738.928110189852305, 5477586.497484833933413 ], [ 410738.927625792683102, 5477586.498216678388417 ], [ 410738.919237644935492, 5477586.510421508923173 ], [ 410738.910637771128677, 5477586.522478086873889 ], [ 410738.901828790782019, 5477586.534382740966976 ], [ 410738.892813387210481, 5477586.546131843701005 ], [ 410738.883594306651503, 5477586.557721816003323 ], [ 410738.874174357275479, 5477586.569149129092693 ], [ 410738.86455640848726, 5477586.580410299822688 ], [ 410738.854743390053045, 5477586.59150189999491 ], [ 410738.844738291110843, 5477586.602420548908412 ], [ 410738.834544159239158, 5477586.613162922672927 ], [ 410738.824164099700283, 5477586.623725747689605 ], [ 410738.813601274392568, 5477586.634105807170272 ], [ 410738.802858900860883, 5477586.644299939274788 ], [ 410738.791940251248889, 5477586.654305038042367 ], [ 410738.780848651600536, 5477586.664118057116866 ], [ 410738.769587480463088, 5477586.6737360060215 ], [ 410738.758160168072209, 5477586.683155954815447 ], [ 410738.746570195362438, 5477586.692375035956502 ], [ 410738.734821092744824, 5477586.701390438713133 ], [ 410738.72291643905919, 5477586.710199419409037 ], [ 410738.710859860584605, 5477586.718799293041229 ], [ 410738.698655029875226, 5477586.727187440730631 ], [ 410738.686305664712563, 5477586.735361307859421 ], [ 410738.673815526766703, 5477586.74331840313971 ], [ 410738.661188420664985, 5477586.751056303270161 ], [ 410738.648428192711435, 5477586.758572652004659 ], [ 410738.635538729839027, 5477586.765865159220994 ], [ 410738.622523958329111, 5477586.772931603714824 ], [ 410738.60938784253085, 5477586.77976983319968 ], [ 410738.596134383929893, 5477586.78637776337564 ], [ 410738.582767619576771, 5477586.792753383517265 ], [ 410738.569291621097364, 5477586.79889474902302 ], [ 410738.55571049352875, 5477586.80479999165982 ], [ 410738.542028373689391, 5477586.810467311181128 ], [ 410738.528249429364223, 5477586.815894981846213 ], [ 410738.514377857733052, 5477586.821081349626184 ], [ 410738.500417884148192, 5477586.826024835929275 ], [ 410738.486373761086725, 5477586.830723933875561 ], [ 410738.472249766404275, 5477586.835177212022245 ], [ 410738.458050202461891, 5477586.839383314363658 ], [ 410738.44377939455444, 5477586.843340960331261 ], [ 410738.429441689746454, 5477586.847048941999674 ], [ 410738.41504145541694, 5477586.850506132468581 ], [ 410738.400583078037016, 5477586.853711478412151 ], [ 410738.386070961714722, 5477586.856664001010358 ], [ 410738.371509527030867, 5477586.859362803399563 ], [ 410738.356903209583834, 5477586.861807063221931 ], [ 410738.342256458476186, 5477586.863996034488082 ], [ 410738.327573735325132, 5477586.865929052233696 ], [ 410738.312859512632713, 5477586.867605526000261 ], [ 410738.298118272505235, 5477586.869024945423007 ], [ 410738.283354505198076, 5477586.870186879299581 ], [ 410738.268572708009742, 5477586.871090972796082 ], [ 410738.253777383535635, 5477586.871736950241029 ], [ 410738.238973038562108, 5477586.872124616056681 ], [ 410738.224164182669483, 5477586.872253851033747 ], [ 410738.209355326776858, 5477586.872124616056681 ], [ 410738.194550981803332, 5477586.871736950241029 ], [ 410738.179755657329224, 5477586.871090972796082 ], [ 410738.16497386014089, 5477586.870186879299581 ], [ 410738.150210092833731, 5477586.869024945423007 ], [ 410738.135468852706254, 5477586.867605526000261 ], [ 410738.120754630013835, 5477586.865929052233696 ], [ 410738.10607190686278, 5477586.863996034488082 ], [ 410738.091425155755132, 5477586.861807063221931 ], [ 410738.0768188383081, 5477586.859362803399563 ], [ 410738.062257403624244, 5477586.856664001010358 ], [ 410738.04774528730195, 5477586.853711478412151 ], [ 410738.033286909922026, 5477586.850506132468581 ], [ 410738.018886675592512, 5477586.847048941999674 ], [ 410738.004548970784526, 5477586.843340960331261 ], [ 410737.990278162877075, 5477586.839383314363658 ], [ 410737.976078598934691, 5477586.835177212022245 ], [ 410737.961954604252242, 5477586.830723933875561 ], [ 410737.947910481190775, 5477586.826024835929275 ], [ 410737.933950507605914, 5477586.821081349626184 ], [ 410737.920078935974743, 5477586.815894981846213 ], [ 410737.906299991649576, 5477586.810467311181128 ], [ 410737.892617871810216, 5477586.80479999165982 ], [ 410737.879036744241603, 5477586.79889474902302 ], [ 410737.865560745762195, 5477586.792753383517265 ], [ 410737.852193981409073, 5477586.78637776337564 ], [ 410737.838940522808116, 5477586.77976983319968 ], [ 410737.825804407009855, 5477586.772931603714824 ], [ 410737.812789635499939, 5477586.765865159220994 ], [ 410737.799900172627531, 5477586.758572652004659 ], [ 410737.787139944673982, 5477586.751056303270161 ], [ 410737.774512838572264, 5477586.74331840313971 ], [ 410737.762022700626403, 5477586.735361307859421 ], [ 410737.74967333546374, 5477586.727187440730631 ], [ 410737.737468504754361, 5477586.718799293041229 ], [ 410737.725411926279776, 5477586.710199419409037 ], [ 410737.713507272594143, 5477586.701390438713133 ], [ 410737.701758169976529, 5477586.692375035956502 ], [ 410737.690168197266757, 5477586.683155954815447 ], [ 410737.678740884875879, 5477586.6737360060215 ], [ 410737.66747971373843, 5477586.664118057116866 ], [ 410737.656388114090078, 5477586.654305038042367 ], [ 410737.645469464478083, 5477586.644299939274788 ], [ 410737.634727090946399, 5477586.634105807170272 ], [ 410737.624164265638683, 5477586.623725747689605 ], [ 410737.613784206099808, 5477586.613162922672927 ], [ 410737.603590074228123, 5477586.602420548908412 ], [ 410737.593584975285921, 5477586.59150189999491 ], [ 410737.583771956851706, 5477586.580410299822688 ], [ 410737.574154008063488, 5477586.569149129092693 ], [ 410737.564734058687463, 5477586.557721816003323 ], [ 410737.555514978128485, 5477586.546131843701005 ], [ 410737.546499574556947, 5477586.534382740966976 ], [ 410737.537690594210289, 5477586.522478086873889 ], [ 410737.529090720403474, 5477586.510421508923173 ], [ 410737.520702572655864, 5477586.498216678388417 ], [ 410737.512528706167359, 5477586.485867313109338 ], [ 410737.504571610712446, 5477586.473377174697816 ], [ 410737.496833710116334, 5477586.460750068537891 ], [ 410737.489317361440044, 5477586.447989840991795 ], [ 410737.48202485422371, 5477586.435100378468633 ], [ 410737.474958409846295, 5477586.422085606493056 ], [ 410737.4681201808271, 5477586.408949490636587 ], [ 410737.461512250127271, 5477586.395696031861007 ], [ 410737.455136630567722, 5477586.382329267449677 ], [ 410737.44899526424706, 5477586.368853269144893 ], [ 410737.443090021901298, 5477586.355272142216563 ], [ 410737.437422702321783, 5477586.34159002173692 ], [ 410737.431995031773113, 5477586.327811077237129 ], [ 410737.426808663643897, 5477586.313939506188035 ], [ 410737.421865177748259, 5477586.299979532137513 ], [ 410737.417166079918388, 5477586.285935409367085 ], [ 410737.412712801480666, 5477586.271811414510012 ], [ 410737.408506699022837, 5477586.257611851207912 ], [ 410737.404549053753726, 5477586.243341042660177 ], [ 410737.400841071153991, 5477586.229003338143229 ], [ 410737.397383880743291, 5477586.2146031036973 ], [ 410737.394178535672836, 5477586.200144725851715 ], [ 410737.391226012259722, 5477586.185632609762251 ], [ 410737.388527209870517, 5477586.171071175485849 ], [ 410737.386082950572018, 5477586.156464857980609 ], [ 410737.383893978956621, 5477586.141818107105792 ], [ 410737.381960961793084, 5477586.12713538389653 ], [ 410737.380284487851895, 5477586.112421160563827 ], [ 410737.378865067905281, 5477586.097679920494556 ], [ 410737.37770313420333, 5477586.082916153594851 ], [ 410737.376799040765036, 5477586.068134356290102 ], [ 410737.376153062912636, 5477586.053339031524956 ], [ 410737.375765397504438, 5477586.038534686900675 ], [ 410737.375636162585579, 5477586.023725830949843 ], [ 410737.375765397504438, 5477586.008916974999011 ], [ 410737.376153062912636, 5477585.99411263037473 ], [ 410737.376799040765036, 5477585.979317305609584 ], [ 410737.37770313420333, 5477585.964535508304834 ], [ 410737.378865067905281, 5477585.949771741405129 ], [ 410737.380284487851895, 5477585.935030501335859 ], [ 410737.381960961793084, 5477585.920316278003156 ], [ 410737.383893978956621, 5477585.905633554793894 ], [ 410737.386082950572018, 5477585.890986803919077 ], [ 410737.388527209870517, 5477585.876380486413836 ], [ 410737.391226012259722, 5477585.861819052137434 ], [ 410737.394178535672836, 5477585.847306936047971 ], [ 410737.397383880743291, 5477585.832848558202386 ], [ 410737.400841071153991, 5477585.818448323756456 ], [ 410737.404549053753726, 5477585.804110619239509 ], [ 410737.408506699022837, 5477585.789839810691774 ], [ 410737.412712801480666, 5477585.775640247389674 ], [ 410737.417166079918388, 5477585.761516252532601 ], [ 410737.421865177748259, 5477585.747472129762173 ], [ 410737.426808663643897, 5477585.733512155711651 ], [ 410737.431995031773113, 5477585.719640584662557 ], [ 410737.437422702321783, 5477585.705861640162766 ], [ 410737.443090021901298, 5477585.692179519683123 ], [ 410737.44899526424706, 5477585.678598392754793 ], [ 410737.455136630567722, 5477585.665122394450009 ], [ 410737.461512250127271, 5477585.651755630038679 ], [ 410737.4681201808271, 5477585.638502171263099 ], [ 410737.474958409846295, 5477585.62536605540663 ], [ 410737.48202485422371, 5477585.612351283431053 ], [ 410737.489317361440044, 5477585.599461820907891 ], [ 410737.496833710116334, 5477585.586701593361795 ], [ 410737.504571610712446, 5477585.574074487201869 ], [ 410737.512528706167359, 5477585.561584348790348 ], [ 410737.520702572655864, 5477585.549234983511269 ], [ 410737.529090720403474, 5477585.537030152976513 ], [ 410737.537690594210289, 5477585.524973575025797 ], [ 410737.546499574556947, 5477585.51306892093271 ], [ 410737.555514978128485, 5477585.501319818198681 ], [ 410737.564734058687463, 5477585.489729845896363 ], [ 410737.574154008063488, 5477585.478302532806993 ], [ 410737.583771956851706, 5477585.467041362076998 ], [ 410737.593584975285921, 5477585.455949761904776 ], [ 410737.603590074228123, 5477585.445031112991273 ], [ 410737.613784206099808, 5477585.434288739226758 ], [ 410737.624164265638683, 5477585.423725914210081 ], [ 410737.634727090946399, 5477585.413345854729414 ], [ 410737.645469464478083, 5477585.403151722624898 ], [ 410737.656388114090078, 5477585.393146623857319 ], [ 410737.66747971373843, 5477585.38333360478282 ], [ 410737.678740884875879, 5477585.373715655878186 ], [ 410737.690168197266757, 5477585.364295707084239 ], [ 410737.701758169976529, 5477585.355076625943184 ], [ 410737.713507272594143, 5477585.346061223186553 ], [ 410737.725411926279776, 5477585.337252242490649 ], [ 410737.737468504754361, 5477585.328652368858457 ], [ 410737.74967333546374, 5477585.320264221169055 ], [ 410737.762022700626403, 5477585.312090354040265 ], [ 410737.774512838572264, 5477585.304133258759975 ], [ 410737.787139944673982, 5477585.296395358629525 ], [ 410737.792808962927666, 5477585.293056051246822 ], [ 410727.165487994847354, 5477574.018646272830665 ], [ 410727.155980850802734, 5477574.019561706110835 ], [ 410727.141217083495576, 5477574.020723639987409 ], [ 410727.126435286307242, 5477574.021627733483911 ], [ 410727.111639961833134, 5477574.022273710928857 ], [ 410727.096835616859607, 5477574.022661376744509 ], [ 410727.082026760966983, 5477574.022790611721575 ], [ 410727.067217905074358, 5477574.022661376744509 ], [ 410727.052413560100831, 5477574.022273710928857 ], [ 410727.037618235626724, 5477574.021627733483911 ], [ 410727.022836438438389, 5477574.020723639987409 ], [ 410727.008072671131231, 5477574.019561706110835 ], [ 410726.993331431003753, 5477574.018142286688089 ], [ 410726.978617208311334, 5477574.016465812921524 ], [ 410726.96393448516028, 5477574.01453279517591 ], [ 410726.949287734052632, 5477574.01234382390976 ], [ 410726.934681416605599, 5477574.009899564087391 ], [ 410726.920119981921744, 5477574.007200761698186 ], [ 410726.90560786559945, 5477574.004248239099979 ], [ 410726.891149488219526, 5477574.001042893156409 ], [ 410726.876749253890011, 5477573.997585702687502 ], [ 410726.862411549082026, 5477573.993877721019089 ], [ 410726.848140741174575, 5477573.989920075051486 ], [ 410726.833941177232191, 5477573.985713972710073 ], [ 410726.819817182549741, 5477573.981260694563389 ], [ 410726.805773059488274, 5477573.976561596617103 ], [ 410726.791813085903414, 5477573.971618110314012 ], [ 410726.777941514272243, 5477573.966431742534041 ], [ 410726.764162569947075, 5477573.961004071868956 ], [ 410726.750480450107716, 5477573.955336752347648 ], [ 410726.736899322539102, 5477573.949431509710848 ], [ 410726.723423324059695, 5477573.943290144205093 ], [ 410726.710056559706572, 5477573.936914524063468 ], [ 410726.696803101105615, 5477573.930306593887508 ], [ 410726.683666985307354, 5477573.923468364402652 ], [ 410726.670652213797439, 5477573.916401919908822 ], [ 410726.657762750925031, 5477573.909109412692487 ], [ 410726.645002522971481, 5477573.901593063957989 ], [ 410726.632375416869763, 5477573.893855163827538 ], [ 410726.619885278923903, 5477573.885898068547249 ], [ 410726.607535913761239, 5477573.877724201418459 ], [ 410726.59533108305186, 5477573.869336053729057 ], [ 410726.583274504577275, 5477573.860736180096865 ], [ 410726.571369850891642, 5477573.851927199400961 ], [ 410726.559620748274028, 5477573.84291179664433 ], [ 410726.548030775564257, 5477573.833692715503275 ], [ 410726.536603463173378, 5477573.824272766709328 ], [ 410726.52534229203593, 5477573.814654817804694 ], [ 410726.514250692387577, 5477573.804841798730195 ], [ 410726.503332042775583, 5477573.794836699962616 ], [ 410726.492589669243898, 5477573.7846425678581 ], [ 410726.482026843936183, 5477573.774262508377433 ], [ 410726.471646784397308, 5477573.763699683360755 ], [ 410726.461452652525622, 5477573.752957309596241 ], [ 410726.451447553583421, 5477573.742038660682738 ], [ 410726.441634535149205, 5477573.730947060510516 ], [ 410726.432016586360987, 5477573.719685889780521 ], [ 410726.422596636984963, 5477573.708258576691151 ], [ 410726.413377556425985, 5477573.696668604388833 ], [ 410726.404362152854446, 5477573.684919501654804 ], [ 410726.395553172507789, 5477573.673014847561717 ], [ 410726.386953298700973, 5477573.660958269611001 ], [ 410726.378565150953364, 5477573.648753439076245 ], [ 410726.370391284464858, 5477573.636404073797166 ], [ 410726.362434189009946, 5477573.623913935385644 ], [ 410726.354696288413834, 5477573.611286829225719 ], [ 410726.347179939737543, 5477573.598526601679623 ], [ 410726.339887432521209, 5477573.585637139156461 ], [ 410726.332820988143794, 5477573.572622367180884 ], [ 410726.325982759124599, 5477573.559486251324415 ], [ 410726.31937482842477, 5477573.546232792548835 ], [ 410726.312999208865222, 5477573.532866028137505 ], [ 410726.306857842544559, 5477573.519390029832721 ], [ 410726.300952600198798, 5477573.505808902904391 ], [ 410726.295285280619282, 5477573.492126782424748 ], [ 410726.289857610070612, 5477573.478347837924957 ], [ 410726.284671241941396, 5477573.464476266875863 ], [ 410726.279727756045759, 5477573.450516292825341 ], [ 410726.275028658215888, 5477573.436472170054913 ], [ 410726.270575379778165, 5477573.42234817519784 ], [ 410726.266369277320337, 5477573.40814861189574 ], [ 410726.262411632051226, 5477573.393877803348005 ], [ 410726.25870364945149, 5477573.379540098831058 ], [ 410726.255246459040791, 5477573.365139864385128 ], [ 410726.252041113970336, 5477573.350681486539543 ], [ 410726.249088590557221, 5477573.336169370450079 ], [ 410726.246389788168017, 5477573.321607936173677 ], [ 410726.243945528869517, 5477573.307001618668437 ], [ 410726.241756557254121, 5477573.29235486779362 ], [ 410726.239823540090583, 5477573.277672144584358 ], [ 410726.238147066149395, 5477573.262957921251655 ], [ 410726.23672764620278, 5477573.248216681182384 ], [ 410726.235565712500829, 5477573.23345291428268 ], [ 410726.234661619062535, 5477573.21867111697793 ], [ 410726.234015641210135, 5477573.203875792212784 ], [ 410726.233627975801937, 5477573.189071447588503 ], [ 410726.233498740883078, 5477573.174262591637671 ], [ 410726.233627975801937, 5477573.159453735686839 ], [ 410726.234015641210135, 5477573.144649391062558 ], [ 410726.234661619062535, 5477573.129854066297412 ], [ 410726.235565712500829, 5477573.115072268992662 ], [ 410726.23672764620278, 5477573.100308502092957 ], [ 410726.238147066149395, 5477573.085567262023687 ], [ 410726.239823540090583, 5477573.070853038690984 ], [ 410726.241756557254121, 5477573.056170315481722 ], [ 410726.243945528869517, 5477573.041523564606905 ], [ 410726.244021093007177, 5477573.041072010993958 ], [ 410720.057314380363096, 5477566.477661827579141 ], [ 410720.045401308103465, 5477566.484401919879019 ], [ 410720.032386536593549, 5477566.491468364372849 ], [ 410720.019250420795288, 5477566.498306593857706 ], [ 410720.005996962194331, 5477566.504914524033666 ], [ 410719.992630197841208, 5477566.511290144175291 ], [ 410719.979154199361801, 5477566.517431509681046 ], [ 410719.965573071793187, 5477566.523336752317846 ], [ 410719.951890951953828, 5477566.529004071839154 ], [ 410719.938112007628661, 5477566.534431742504239 ], [ 410719.92424043599749, 5477566.539618110284209 ], [ 410719.910280462412629, 5477566.5445615965873 ], [ 410719.896236339351162, 5477566.549260694533587 ], [ 410719.882112344668712, 5477566.553713972680271 ], [ 410719.867912780726328, 5477566.557920075021684 ], [ 410719.853641972818878, 5477566.561877720989287 ], [ 410719.839304268010892, 5477566.5655857026577 ], [ 410719.824904033681378, 5477566.569042893126607 ], [ 410719.810445656301454, 5477566.572248239070177 ], [ 410719.79593353997916, 5477566.575200761668384 ], [ 410719.781372105295304, 5477566.577899564057589 ], [ 410719.766765787848271, 5477566.580343823879957 ], [ 410719.752119036740623, 5477566.582532795146108 ], [ 410719.737436313589569, 5477566.584465812891722 ], [ 410719.72272209089715, 5477566.586142286658287 ], [ 410719.707980850769673, 5477566.587561706081033 ], [ 410719.693217083462514, 5477566.588723639957607 ], [ 410719.67843528627418, 5477566.589627733454108 ], [ 410719.663639961800072, 5477566.590273710899055 ], [ 410719.648835616826545, 5477566.590661376714706 ], [ 410719.634026760933921, 5477566.590790611691773 ], [ 410719.619217905041296, 5477566.590661376714706 ], [ 410719.604413560067769, 5477566.590273710899055 ], [ 410719.589618235593662, 5477566.589627733454108 ], [ 410719.574836438405327, 5477566.588723639957607 ], [ 410719.560072671098169, 5477566.587561706081033 ], [ 410719.545331430970691, 5477566.586142286658287 ], [ 410719.530617208278272, 5477566.584465812891722 ], [ 410719.515934485127218, 5477566.582532795146108 ], [ 410719.50128773401957, 5477566.580343823879957 ], [ 410719.486681416572537, 5477566.577899564057589 ], [ 410719.472119981888682, 5477566.575200761668384 ], [ 410719.457607865566388, 5477566.572248239070177 ], [ 410719.443149488186464, 5477566.569042893126607 ], [ 410719.42874925385695, 5477566.5655857026577 ], [ 410719.414411549048964, 5477566.561877720989287 ], [ 410719.400140741141513, 5477566.557920075021684 ], [ 410719.385941177199129, 5477566.553713972680271 ], [ 410719.371817182516679, 5477566.549260694533587 ], [ 410719.357773059455212, 5477566.5445615965873 ], [ 410719.343813085870352, 5477566.539618110284209 ], [ 410719.329941514239181, 5477566.534431742504239 ], [ 410719.316162569914013, 5477566.529004071839154 ], [ 410719.302480450074654, 5477566.523336752317846 ], [ 410719.28889932250604, 5477566.517431509681046 ], [ 410719.275423324026633, 5477566.511290144175291 ], [ 410719.26205655967351, 5477566.504914524033666 ], [ 410719.248803101072554, 5477566.498306593857706 ], [ 410719.235666985274293, 5477566.491468364372849 ], [ 410719.222652213764377, 5477566.484401919879019 ], [ 410719.209762750891969, 5477566.477109412662685 ], [ 410719.197002522938419, 5477566.469593063928187 ], [ 410719.184375416836701, 5477566.461855163797736 ], [ 410719.171885278890841, 5477566.453898068517447 ], [ 410719.159535913728178, 5477566.445724201388657 ], [ 410719.147331083018798, 5477566.437336053699255 ], [ 410719.135274504544213, 5477566.428736180067062 ], [ 410719.12336985085858, 5477566.419927199371159 ], [ 410719.111620748240966, 5477566.410911796614528 ], [ 410719.100030775531195, 5477566.401692715473473 ], [ 410719.088603463140316, 5477566.392272766679525 ], [ 410719.077342292002868, 5477566.382654817774892 ], [ 410719.066250692354515, 5477566.372841798700392 ], [ 410719.055332042742521, 5477566.362836699932814 ], [ 410719.044589669210836, 5477566.352642567828298 ], [ 410719.034026843903121, 5477566.342262508347631 ], [ 410719.023646784364246, 5477566.331699683330953 ], [ 410719.01345265249256, 5477566.320957309566438 ], [ 410719.003447553550359, 5477566.310038660652936 ], [ 410718.993634535116144, 5477566.298947060480714 ], [ 410718.984016586327925, 5477566.287685889750719 ], [ 410718.974596636951901, 5477566.276258576661348 ], [ 410718.965377556392923, 5477566.264668604359031 ], [ 410718.956362152821384, 5477566.252919501625001 ], [ 410718.947553172474727, 5477566.241014847531915 ], [ 410718.938953298667911, 5477566.228958269581199 ], [ 410718.930565150920302, 5477566.216753439046443 ], [ 410718.922391284431797, 5477566.204404073767364 ], [ 410718.914434188976884, 5477566.191913935355842 ], [ 410718.906696288380772, 5477566.179286829195917 ], [ 410718.899179939704482, 5477566.166526601649821 ], [ 410718.891887432488147, 5477566.153637139126658 ], [ 410718.884820988110732, 5477566.140622367151082 ], [ 410718.877982759091537, 5477566.127486251294613 ], [ 410718.871374828391708, 5477566.114232792519033 ], [ 410718.86499920883216, 5477566.100866028107703 ], [ 410718.858857842511497, 5477566.087390029802918 ], [ 410718.852952600165736, 5477566.073808902874589 ], [ 410718.84728528058622, 5477566.060126782394946 ], [ 410718.84185761003755, 5477566.046347837895155 ], [ 410718.836671241908334, 5477566.032476266846061 ], [ 410718.831727756012697, 5477566.018516292795539 ], [ 410718.827028658182826, 5477566.00447217002511 ], [ 410718.822575379745103, 5477565.990348175168037 ], [ 410718.818369277287275, 5477565.976148611865938 ], [ 410718.814411632018164, 5477565.961877803318202 ], [ 410718.810703649418429, 5477565.947540098801255 ], [ 410718.807246459007729, 5477565.933139864355326 ], [ 410718.804041113937274, 5477565.91868148650974 ], [ 410718.801088590524159, 5477565.904169370420277 ], [ 410718.798389788134955, 5477565.889607936143875 ], [ 410718.795945528836455, 5477565.875001618638635 ], [ 410718.793756557221059, 5477565.860354867763817 ], [ 410718.791823540057521, 5477565.845672144554555 ], [ 410718.790147066116333, 5477565.830957921221852 ], [ 410718.788727646169718, 5477565.816216681152582 ], [ 410718.787565712467767, 5477565.801452914252877 ], [ 410718.786661619029474, 5477565.786671116948128 ], [ 410718.786015641177073, 5477565.771875792182982 ], [ 410718.785627975768875, 5477565.757071447558701 ], [ 410718.785498740850016, 5477565.742262591607869 ], [ 410718.785627975768875, 5477565.727453735657036 ], [ 410718.786015641177073, 5477565.712649391032755 ], [ 410718.786661619029474, 5477565.69785406626761 ], [ 410718.787565712467767, 5477565.68307226896286 ], [ 410718.788727646169718, 5477565.668308502063155 ], [ 410718.790147066116333, 5477565.653567261993885 ], [ 410718.791823540057521, 5477565.638853038661182 ], [ 410718.793756557221059, 5477565.62417031545192 ], [ 410718.795945528836455, 5477565.609523564577103 ], [ 410718.798389788134955, 5477565.594917247071862 ], [ 410718.801088590524159, 5477565.58035581279546 ], [ 410718.804041113937274, 5477565.565843696705997 ], [ 410718.807246459007729, 5477565.551385318860412 ], [ 410718.810703649418429, 5477565.536985084414482 ], [ 410718.814411632018164, 5477565.522647379897535 ], [ 410718.818369277287275, 5477565.5083765713498 ], [ 410718.822575379745103, 5477565.4941770080477 ], [ 410718.827028658182826, 5477565.480053013190627 ], [ 410718.831727756012697, 5477565.466008890420198 ], [ 410718.836671241908334, 5477565.452048916369677 ], [ 410718.84185761003755, 5477565.438177345320582 ], [ 410718.84728528058622, 5477565.424398400820792 ], [ 410718.852952600165736, 5477565.410716280341148 ], [ 410718.858857842511497, 5477565.397135153412819 ], [ 410718.86499920883216, 5477565.383659155108035 ], [ 410718.871374828391708, 5477565.370292390696704 ], [ 410718.877982759091537, 5477565.357038931921124 ], [ 410718.884820988110732, 5477565.343902816064656 ], [ 410718.891887432488147, 5477565.330888044089079 ], [ 410718.899179939704482, 5477565.317998581565917 ], [ 410718.906696288380772, 5477565.305238354019821 ], [ 410718.914434188976884, 5477565.292611247859895 ], [ 410718.922391284431797, 5477565.280121109448373 ], [ 410718.92491368111223, 5477565.276310184039176 ], [ 410715.495866971439682, 5477561.638471647165716 ], [ 410715.492419315734878, 5477561.638078836724162 ] ], [ [ 410709.562295263167471, 5477561.691429832018912 ], [ 410709.552472192444839, 5477561.691856344230473 ], [ 410709.542643198859878, 5477561.692112303338945 ], [ 410709.532811243319884, 5477561.692197631113231 ], [ 410709.52297928777989, 5477561.692112303338945 ], [ 410709.513150294194929, 5477561.691856344230473 ], [ 410709.503327223472297, 5477561.691429832018912 ], [ 410709.493513034947682, 5477561.690832895226777 ], [ 410709.483710685104597, 5477561.690065713599324 ], [ 410709.473923126992304, 5477561.689128517173231 ], [ 410709.464153309061658, 5477561.688021590001881 ], [ 410709.454404174583033, 5477561.686745264567435 ], [ 410709.444678660540376, 5477561.685299924574792 ], [ 410709.434979696641676, 5477561.683686006814241 ], [ 410709.425310204853304, 5477561.681903997436166 ], [ 410709.415673098061234, 5477561.679954431951046 ], [ 410709.406071279547177, 5477561.677837898954749 ], [ 410709.396507641882636, 5477561.675555036403239 ], [ 410709.386985066055786, 5477561.673106530681252 ], [ 410709.377506420889404, 5477561.670493119396269 ], [ 410709.368074561760295, 5477561.66771559137851 ], [ 410709.358692330075428, 5477561.664774782024324 ], [ 410709.3493625522824, 5477561.661671577952802 ], [ 410709.340088038996328, 5477561.658406913280487 ], [ 410709.330871584243141, 5477561.65498177241534 ], [ 410709.321715964411851, 5477561.651397186331451 ], [ 410709.312623937730677, 5477561.647654235363007 ], [ 410709.303598243161105, 5477561.643754047341645 ], [ 410709.294641599757597, 5477561.639697796665132 ], [ 410709.285756705736276, 5477561.635486705228686 ], [ 410709.276946237718221, 5477561.631122042424977 ], [ 410709.268212849798147, 5477561.626605122350156 ], [ 410709.259559173020534, 5477561.621937305666506 ], [ 410709.250987814331893, 5477561.617119999602437 ], [ 410709.242501355824061, 5477561.612154654227197 ], [ 410709.23410235409392, 5477561.607042766176164 ], [ 410709.225793339428492, 5477561.601785874925554 ], [ 410709.217576814815402, 5477561.596385564655066 ], [ 410709.209455255651847, 5477561.590843461453915 ], [ 410709.201431108522229, 5477561.585161235183477 ], [ 410709.193506790674292, 5477561.579340598545969 ], [ 410709.185684689437039, 5477561.573383303359151 ], [ 410709.177967161173001, 5477561.567291145212948 ], [ 410709.170356530812569, 5477561.561065959744155 ], [ 410709.162855091097299, 5477561.554709621705115 ], [ 410709.155465101881418, 5477561.54822404589504 ], [ 410709.148188789375126, 5477561.541611187160015 ], [ 410709.141028345678933, 5477561.534873036667705 ], [ 410709.133985927794129, 5477561.528011623769999 ], [ 410709.127063657331746, 5477561.521029016934335 ], [ 410709.120263619639445, 5477561.513927318155766 ], [ 410709.113587863219436, 5477561.506708668544888 ], [ 410709.107038399204612, 5477561.499375241808593 ], [ 410709.100617200660054, 5477561.491929247044027 ], [ 410709.094326201942749, 5477561.484372926875949 ], [ 410709.088167298235931, 5477561.476708559319377 ], [ 410709.082142344966996, 5477561.468938452191651 ], [ 410709.076253157109022, 5477561.461064945906401 ], [ 410709.07050150888972, 5477561.453090413473547 ], [ 410709.064889132976532, 5477561.445017255842686 ], [ 410709.059417720069177, 5477561.436847906559706 ], [ 410709.054088918492198, 5477561.428584825247526 ], [ 410709.048904333554674, 5477561.420230502262712 ], [ 410709.043865527142771, 5477561.411787454970181 ], [ 410709.038974017195869, 5477561.403258224949241 ], [ 410709.034231277299114, 5477561.394645382650197 ], [ 410709.029638736217748, 5477561.385951522737741 ], [ 410709.025197777489666, 5477561.377179265022278 ], [ 410709.020909738901537, 5477561.368331250734627 ], [ 410709.016775912372395, 5477561.359410146251321 ], [ 410709.012797543080524, 5477561.350418638437986 ], [ 410709.008975829579867, 5477561.341359436511993 ], [ 410709.00531192321796, 5477561.332235270179808 ], [ 410709.001806927728467, 5477561.323048886843026 ], [ 410708.998461898998357, 5477561.313803054392338 ], [ 410708.995277844718657, 5477561.304500558413565 ], [ 410708.992255724093411, 5477561.295144201256335 ], [ 410708.989396447548643, 5477561.28573680203408 ], [ 410708.986700876441319, 5477561.276281193830073 ], [ 410708.984169822884724, 5477561.266780225560069 ], [ 410708.9818040492828, 5477561.25723675917834 ], [ 410708.979604268388357, 5477561.247653669677675 ], [ 410708.977571142895613, 5477561.238033845089376 ], [ 410708.975705285265576, 5477561.228380182757974 ], [ 410708.97400725755142, 5477561.218695590272546 ], [ 410708.972477571398485, 5477561.208982985466719 ], [ 410708.971116687520407, 5477561.199245294556022 ], [ 410708.969925015990157, 5477561.189485450275242 ], [ 410708.968902915657964, 5477561.179706394672394 ], [ 410708.968050694616977, 5477561.169911071658134 ], [ 410708.967368609446567, 5477561.160102432593703 ], [ 410708.966856865677983, 5477561.150283433496952 ], [ 410708.966515617503319, 5477561.140457031317055 ], [ 410708.966344967717305, 5477561.130626186728477 ], [ 410708.966344967717305, 5477561.120793860405684 ], [ 410708.966515617503319, 5477561.110963015817106 ], [ 410708.966856865677983, 5477561.101136613637209 ], [ 410708.967368609446567, 5477561.091317614540458 ], [ 410708.968050694616977, 5477561.081508975476027 ], [ 410708.968902915657964, 5477561.071713652461767 ], [ 410708.969925015990157, 5477561.061934596858919 ], [ 410708.971116687520407, 5477561.052174752578139 ], [ 410708.972477571398485, 5477561.042437061667442 ], [ 410708.97400725755142, 5477561.032724456861615 ], [ 410708.975705285265576, 5477561.023039864376187 ], [ 410708.977571142895613, 5477561.013386202044785 ], [ 410708.979604268388357, 5477561.003766377456486 ], [ 410708.9818040492828, 5477560.994183287955821 ], [ 410708.984169822884724, 5477560.984639821574092 ], [ 410708.986700876441319, 5477560.975138853304088 ], [ 410708.989396447548643, 5477560.965683245100081 ], [ 410708.992255724093411, 5477560.956275845877826 ], [ 410708.995277844718657, 5477560.946919488720596 ], [ 410708.998461898998357, 5477560.937616992741823 ], [ 410709.001806927728467, 5477560.928371160291135 ], [ 410709.00531192321796, 5477560.919184776954353 ], [ 410709.008975829579867, 5477560.910060610622168 ], [ 410709.012797543080524, 5477560.901001408696175 ], [ 410709.016775912372395, 5477560.89200990088284 ], [ 410709.020909738901537, 5477560.883088796399534 ], [ 410709.025197777489666, 5477560.874240782111883 ], [ 410709.029638736217748, 5477560.86546852439642 ], [ 410709.034231277299114, 5477560.856774664483964 ], [ 410709.038974017195869, 5477560.84816182218492 ], [ 410709.043865527142771, 5477560.83963259216398 ], [ 410709.048904333554674, 5477560.831189544871449 ], [ 410709.054088918492198, 5477560.822835221886635 ], [ 410709.059417720069177, 5477560.814572140574455 ], [ 410709.064889132976532, 5477560.806402791291475 ], [ 410709.07050150888972, 5477560.798329633660614 ], [ 410709.076253157109022, 5477560.79035510122776 ], [ 410709.082142344966996, 5477560.78248159494251 ], [ 410709.088167298235931, 5477560.774711487814784 ], [ 410709.094326201942749, 5477560.767047120258212 ], [ 410709.100617200660054, 5477560.759490800090134 ], [ 410709.107038399204612, 5477560.752044805325568 ], [ 410709.113587863219436, 5477560.744711378589272 ], [ 410709.120263619639445, 5477560.737492728978395 ], [ 410709.127063657331746, 5477560.730391030199826 ], [ 410709.133985927794129, 5477560.723408423364162 ], [ 410709.141028345678933, 5477560.716547010466456 ], [ 410709.148188789375126, 5477560.709808859974146 ], [ 410709.155465101881418, 5477560.703196001239121 ], [ 410709.162855091097299, 5477560.696710425429046 ], [ 410709.170356530812569, 5477560.690354087390006 ], [ 410709.177967161173001, 5477560.684128901921213 ], [ 410709.185684689437039, 5477560.67803674377501 ], [ 410709.193506790674292, 5477560.672079448588192 ], [ 410709.201431108522229, 5477560.666258811950684 ], [ 410709.209455255651847, 5477560.660576585680246 ], [ 410709.217576814815402, 5477560.655034482479095 ], [ 410709.225793339428492, 5477560.649634172208607 ], [ 410709.23410235409392, 5477560.644377280957997 ], [ 410709.242501355824061, 5477560.639265392906964 ], [ 410709.250987814331893, 5477560.634300047531724 ], [ 410709.259559173020534, 5477560.629482741467655 ], [ 410709.268212849798147, 5477560.624814924784005 ], [ 410709.276946237718221, 5477560.620298004709184 ], [ 410709.285756705736276, 5477560.615933341905475 ], [ 410709.294641599757597, 5477560.611722250469029 ], [ 410709.303598243161105, 5477560.607665999792516 ], [ 410709.312623937730677, 5477560.603765811771154 ], [ 410709.321715964411851, 5477560.60002286080271 ], [ 410709.330871584243141, 5477560.596438274718821 ], [ 410709.340088038996328, 5477560.593013133853674 ], [ 410709.3493625522824, 5477560.589748469181359 ], [ 410709.358692330075428, 5477560.586645265109837 ], [ 410709.368074561760295, 5477560.583704455755651 ], [ 410709.377506420889404, 5477560.580926927737892 ], [ 410709.386985066055786, 5477560.578313516452909 ], [ 410709.396507641882636, 5477560.575865010730922 ], [ 410709.406071279547177, 5477560.573582148179412 ], [ 410709.415673098061234, 5477560.571465615183115 ], [ 410709.425310204853304, 5477560.569516049697995 ], [ 410709.434979696641676, 5477560.56773404031992 ], [ 410709.444678660540376, 5477560.566120122559369 ], [ 410709.454404174583033, 5477560.564674782566726 ], [ 410709.464153309061658, 5477560.56339845713228 ], [ 410709.473923126992304, 5477560.56229152996093 ], [ 410709.483710685104597, 5477560.561354333534837 ], [ 410709.493513034947682, 5477560.560587151907384 ], [ 410709.503327223472297, 5477560.559990215115249 ], [ 410709.513150294194929, 5477560.559563702903688 ], [ 410709.52297928777989, 5477560.559307743795216 ], [ 410709.532811243319884, 5477560.55922241602093 ], [ 410709.542643198859878, 5477560.559307743795216 ], [ 410709.552472192444839, 5477560.559563702903688 ], [ 410709.562295263167471, 5477560.559990215115249 ], [ 410709.572109451692086, 5477560.560587151907384 ], [ 410709.581911801535171, 5477560.561354333534837 ], [ 410709.591699359647464, 5477560.56229152996093 ], [ 410709.60146917757811, 5477560.56339845713228 ], [ 410709.611218312056735, 5477560.564674782566726 ], [ 410709.620943826099392, 5477560.566120122559369 ], [ 410709.630642789998092, 5477560.56773404031992 ], [ 410709.640312281786464, 5477560.569516049697995 ], [ 410709.649949388578534, 5477560.571465615183115 ], [ 410709.659551207092591, 5477560.573582148179412 ], [ 410709.669114844757132, 5477560.575865010730922 ], [ 410709.678637420583982, 5477560.578313516452909 ], [ 410709.688116065750364, 5477560.580926927737892 ], [ 410709.697547924879473, 5477560.583704455755651 ], [ 410709.70693015656434, 5477560.586645265109837 ], [ 410709.716259934357367, 5477560.589748469181359 ], [ 410709.72553444764344, 5477560.593013133853674 ], [ 410709.734750902396627, 5477560.596438274718821 ], [ 410709.743906522227917, 5477560.60002286080271 ], [ 410709.75299854890909, 5477560.603765811771154 ], [ 410709.762024243478663, 5477560.607665999792516 ], [ 410709.770980886882171, 5477560.611722250469029 ], [ 410709.779865780903492, 5477560.615933341905475 ], [ 410709.788676248921547, 5477560.620298004709184 ], [ 410709.797409636841621, 5477560.624814924784005 ], [ 410709.806063313619234, 5477560.629482741467655 ], [ 410709.814634672307875, 5477560.634300047531724 ], [ 410709.823121130815707, 5477560.639265392906964 ], [ 410709.831520132545847, 5477560.644377280957997 ], [ 410709.839829147211276, 5477560.649634172208607 ], [ 410709.848045671824366, 5477560.655034482479095 ], [ 410709.856167230987921, 5477560.660576585680246 ], [ 410709.864191378117539, 5477560.666258811950684 ], [ 410709.872115695965476, 5477560.672079448588192 ], [ 410709.879937797202729, 5477560.67803674377501 ], [ 410709.887655325466767, 5477560.684128901921213 ], [ 410709.895265955827199, 5477560.690354087390006 ], [ 410709.902767395542469, 5477560.696710425429046 ], [ 410709.91015738475835, 5477560.703196001239121 ], [ 410709.917433697264642, 5477560.709808859974146 ], [ 410709.924594140960835, 5477560.716547010466456 ], [ 410709.931636558845639, 5477560.723408423364162 ], [ 410709.938558829308022, 5477560.730391030199826 ], [ 410709.945358867000323, 5477560.737492728978395 ], [ 410709.952034623420332, 5477560.744711378589272 ], [ 410709.958584087435156, 5477560.752044805325568 ], [ 410709.965005285979714, 5477560.759490800090134 ], [ 410709.971296284697019, 5477560.767047120258212 ], [ 410709.977455188403837, 5477560.774711487814784 ], [ 410709.983480141672771, 5477560.78248159494251 ], [ 410709.989369329530746, 5477560.79035510122776 ], [ 410709.995120977750048, 5477560.798329633660614 ], [ 410710.000733353663236, 5477560.806402791291475 ], [ 410710.00620476657059, 5477560.814572140574455 ], [ 410710.01153356814757, 5477560.822835221886635 ], [ 410710.016718153085094, 5477560.831189544871449 ], [ 410710.021756959496997, 5477560.83963259216398 ], [ 410710.026648469443899, 5477560.84816182218492 ], [ 410710.031391209340654, 5477560.856774664483964 ], [ 410710.03598375042202, 5477560.86546852439642 ], [ 410710.040424709150102, 5477560.874240782111883 ], [ 410710.044712747738231, 5477560.883088796399534 ], [ 410710.048846574267372, 5477560.89200990088284 ], [ 410710.052824943559244, 5477560.901001408696175 ], [ 410710.0566466570599, 5477560.910060610622168 ], [ 410710.060310563421808, 5477560.919184776954353 ], [ 410710.063815558911301, 5477560.928371160291135 ], [ 410710.067160587641411, 5477560.937616992741823 ], [ 410710.07034464192111, 5477560.946919488720596 ], [ 410710.073366762546357, 5477560.956275845877826 ], [ 410710.076226039091125, 5477560.965683245100081 ], [ 410710.078921610198449, 5477560.975138853304088 ], [ 410710.081452663755044, 5477560.984639821574092 ], [ 410710.083818437356967, 5477560.994183287955821 ], [ 410710.086018218251411, 5477561.003766377456486 ], [ 410710.088051343744155, 5477561.013386202044785 ], [ 410710.089917201374192, 5477561.023039864376187 ], [ 410710.091615229088347, 5477561.032724456861615 ], [ 410710.093144915241282, 5477561.042437061667442 ], [ 410710.094505799119361, 5477561.052174752578139 ], [ 410710.095697470649611, 5477561.061934596858919 ], [ 410710.096719570981804, 5477561.071713652461767 ], [ 410710.097571792022791, 5477561.081508975476027 ], [ 410710.098253877193201, 5477561.091317614540458 ], [ 410710.098765620961785, 5477561.101136613637209 ], [ 410710.099106869136449, 5477561.110963015817106 ], [ 410710.099277518922463, 5477561.120793860405684 ], [ 410710.099277518922463, 5477561.130626186728477 ], [ 410710.099106869136449, 5477561.140457031317055 ], [ 410710.098765620961785, 5477561.150283433496952 ], [ 410710.098253877193201, 5477561.160102432593703 ], [ 410710.097571792022791, 5477561.169911071658134 ], [ 410710.096719570981804, 5477561.179706394672394 ], [ 410710.095697470649611, 5477561.189485450275242 ], [ 410710.094505799119361, 5477561.199245294556022 ], [ 410710.093144915241282, 5477561.208982985466719 ], [ 410710.091615229088347, 5477561.218695590272546 ], [ 410710.089917201374192, 5477561.228380182757974 ], [ 410710.088051343744155, 5477561.238033845089376 ], [ 410710.086018218251411, 5477561.247653669677675 ], [ 410710.083818437356967, 5477561.25723675917834 ], [ 410710.081452663755044, 5477561.266780225560069 ], [ 410710.078921610198449, 5477561.276281193830073 ], [ 410710.076226039091125, 5477561.28573680203408 ], [ 410710.073366762546357, 5477561.295144201256335 ], [ 410710.07034464192111, 5477561.304500558413565 ], [ 410710.067160587641411, 5477561.313803054392338 ], [ 410710.063815558911301, 5477561.323048886843026 ], [ 410710.060310563421808, 5477561.332235270179808 ], [ 410710.0566466570599, 5477561.341359436511993 ], [ 410710.052824943559244, 5477561.350418638437986 ], [ 410710.048846574267372, 5477561.359410146251321 ], [ 410710.044712747738231, 5477561.368331250734627 ], [ 410710.040424709150102, 5477561.377179265022278 ], [ 410710.03598375042202, 5477561.385951522737741 ], [ 410710.031391209340654, 5477561.394645382650197 ], [ 410710.026648469443899, 5477561.403258224949241 ], [ 410710.021756959496997, 5477561.411787454970181 ], [ 410710.016718153085094, 5477561.420230502262712 ], [ 410710.01153356814757, 5477561.428584825247526 ], [ 410710.00620476657059, 5477561.436847906559706 ], [ 410710.000733353663236, 5477561.445017255842686 ], [ 410709.995120977750048, 5477561.453090413473547 ], [ 410709.989369329530746, 5477561.461064945906401 ], [ 410709.983480141672771, 5477561.468938452191651 ], [ 410709.977455188403837, 5477561.476708559319377 ], [ 410709.971296284697019, 5477561.484372926875949 ], [ 410709.965005285979714, 5477561.491929247044027 ], [ 410709.958584087435156, 5477561.499375241808593 ], [ 410709.952034623420332, 5477561.506708668544888 ], [ 410709.945358867000323, 5477561.513927318155766 ], [ 410709.938558829308022, 5477561.521029016934335 ], [ 410709.931636558845639, 5477561.528011623769999 ], [ 410709.924594140960835, 5477561.534873036667705 ], [ 410709.917433697264642, 5477561.541611187160015 ], [ 410709.91015738475835, 5477561.54822404589504 ], [ 410709.902767395542469, 5477561.554709621705115 ], [ 410709.895265955827199, 5477561.561065959744155 ], [ 410709.887655325466767, 5477561.567291145212948 ], [ 410709.879937797202729, 5477561.573383303359151 ], [ 410709.872115695965476, 5477561.579340598545969 ], [ 410709.864191378117539, 5477561.585161235183477 ], [ 410709.856167230987921, 5477561.590843461453915 ], [ 410709.848045671824366, 5477561.596385564655066 ], [ 410709.839829147211276, 5477561.601785874925554 ], [ 410709.831520132545847, 5477561.607042766176164 ], [ 410709.823121130815707, 5477561.612154654227197 ], [ 410709.814634672307875, 5477561.617119999602437 ], [ 410709.806063313619234, 5477561.621937305666506 ], [ 410709.797409636841621, 5477561.626605122350156 ], [ 410709.788676248921547, 5477561.631122042424977 ], [ 410709.779865780903492, 5477561.635486705228686 ], [ 410709.770980886882171, 5477561.639697796665132 ], [ 410709.762024243478663, 5477561.643754047341645 ], [ 410709.75299854890909, 5477561.647654235363007 ], [ 410709.743906522227917, 5477561.651397186331451 ], [ 410709.734750902396627, 5477561.65498177241534 ], [ 410709.72553444764344, 5477561.658406913280487 ], [ 410709.716259934357367, 5477561.661671577952802 ], [ 410709.70693015656434, 5477561.664774782024324 ], [ 410709.697547924879473, 5477561.66771559137851 ], [ 410709.688116065750364, 5477561.670493119396269 ], [ 410709.678637420583982, 5477561.673106530681252 ], [ 410709.669114844757132, 5477561.675555036403239 ], [ 410709.659551207092591, 5477561.677837898954749 ], [ 410709.649949388578534, 5477561.679954431951046 ], [ 410709.640312281786464, 5477561.681903997436166 ], [ 410709.630642789998092, 5477561.683686006814241 ], [ 410709.620943826099392, 5477561.685299924574792 ], [ 410709.611218312056735, 5477561.686745264567435 ], [ 410709.60146917757811, 5477561.688021590001881 ], [ 410709.591699359647464, 5477561.689128517173231 ], [ 410709.581911801535171, 5477561.690065713599324 ], [ 410709.572109451692086, 5477561.690832895226777 ], [ 410709.562295263167471, 5477561.691429832018912 ] ], [ [ 410707.406330019410234, 5477562.036851901561022 ], [ 410707.391534694936126, 5477562.037497879005969 ], [ 410707.3767303499626, 5477562.03788554482162 ], [ 410707.361921494069975, 5477562.038014779798687 ], [ 410707.34711263817735, 5477562.03788554482162 ], [ 410707.332308293203823, 5477562.037497879005969 ], [ 410707.317512968729716, 5477562.036851901561022 ], [ 410707.302731171541382, 5477562.03594780806452 ], [ 410707.287967404234223, 5477562.034785874187946 ], [ 410707.273226164106745, 5477562.033366454765201 ], [ 410707.258511941414326, 5477562.031689980998635 ], [ 410707.243829218263272, 5477562.029756963253021 ], [ 410707.229182467155624, 5477562.027567991986871 ], [ 410707.214576149708591, 5477562.025123732164502 ], [ 410707.200014715024736, 5477562.022424929775298 ], [ 410707.185502598702442, 5477562.019472407177091 ], [ 410707.171044221322518, 5477562.016267061233521 ], [ 410707.156643986993004, 5477562.012809870764613 ], [ 410707.142306282185018, 5477562.0091018890962 ], [ 410707.128035474277567, 5477562.005144243128598 ], [ 410707.113835910335183, 5477562.000938140787184 ], [ 410707.099711915652733, 5477561.9964848626405 ], [ 410707.085667792591266, 5477561.991785764694214 ], [ 410707.071707819006406, 5477561.986842278391123 ], [ 410707.057836247375235, 5477561.981655910611153 ], [ 410707.044057303050067, 5477561.976228239946067 ], [ 410707.030375183210708, 5477561.970560920424759 ], [ 410707.016794055642094, 5477561.96465567778796 ], [ 410707.003318057162687, 5477561.958514312282205 ], [ 410706.989951292809565, 5477561.952138692140579 ], [ 410706.976697834208608, 5477561.945530761964619 ], [ 410706.963561718410347, 5477561.938692532479763 ], [ 410706.950546946900431, 5477561.931626087985933 ], [ 410706.937657484028023, 5477561.924333580769598 ], [ 410706.924897256074473, 5477561.9168172320351 ], [ 410706.912270149972755, 5477561.90907933190465 ], [ 410706.899780012026895, 5477561.90112223662436 ], [ 410706.887430646864232, 5477561.892948369495571 ], [ 410706.875225816154853, 5477561.884560221806169 ], [ 410706.863169237680268, 5477561.875960348173976 ], [ 410706.851264583994634, 5477561.867151367478073 ], [ 410706.83951548137702, 5477561.858135964721441 ], [ 410706.827925508667249, 5477561.848916883580387 ], [ 410706.81649819627637, 5477561.839496934786439 ], [ 410706.805237025138922, 5477561.829878985881805 ], [ 410706.794145425490569, 5477561.820065966807306 ], [ 410706.783226775878575, 5477561.810060868039727 ], [ 410706.77248440234689, 5477561.799866735935211 ], [ 410706.761921577039175, 5477561.789486676454544 ], [ 410706.7515415175003, 5477561.778923851437867 ], [ 410706.741347385628615, 5477561.768181477673352 ], [ 410706.731342286686413, 5477561.757262828759849 ], [ 410706.721529268252198, 5477561.746171228587627 ], [ 410706.711911319463979, 5477561.734910057857633 ], [ 410706.702491370087955, 5477561.723482744768262 ], [ 410706.693272289528977, 5477561.711892772465944 ], [ 410706.684256885957438, 5477561.700143669731915 ], [ 410706.675447905610781, 5477561.688239015638828 ], [ 410706.666848031803966, 5477561.676182437688112 ], [ 410706.658459884056356, 5477561.663977607153356 ], [ 410706.650286017567851, 5477561.651628241874278 ], [ 410706.642328922112938, 5477561.639138103462756 ], [ 410706.634591021516826, 5477561.62651099730283 ], [ 410706.627074672840536, 5477561.613750769756734 ], [ 410706.619782165624201, 5477561.600861307233572 ], [ 410706.612715721246786, 5477561.587846535257995 ], [ 410706.605877492227592, 5477561.574710419401526 ], [ 410706.599269561527763, 5477561.561456960625947 ], [ 410706.592893941968214, 5477561.548090196214616 ], [ 410706.586752575647552, 5477561.534614197909832 ], [ 410706.58084733330179, 5477561.521033070981503 ], [ 410706.575180013722274, 5477561.507350950501859 ], [ 410706.569752343173604, 5477561.493572006002069 ], [ 410706.564565975044388, 5477561.479700434952974 ], [ 410706.559622489148751, 5477561.465740460902452 ], [ 410706.55492339131888, 5477561.451696338132024 ], [ 410706.550470112881158, 5477561.437572343274951 ], [ 410706.546264010423329, 5477561.423372779972851 ], [ 410706.542306365154218, 5477561.409101971425116 ], [ 410706.538598382554483, 5477561.394764266908169 ], [ 410706.535141192143783, 5477561.380364032462239 ], [ 410706.531935847073328, 5477561.365905654616654 ], [ 410706.528983323660214, 5477561.351393538527191 ], [ 410706.526284521271009, 5477561.336832104250789 ], [ 410706.523840261972509, 5477561.322225786745548 ], [ 410706.521651290357113, 5477561.307579035870731 ], [ 410706.519718273193575, 5477561.292896312661469 ], [ 410706.518041799252387, 5477561.278182089328766 ], [ 410706.516622379305772, 5477561.263440849259496 ], [ 410706.515460445603821, 5477561.248677082359791 ], [ 410706.514556352165528, 5477561.233895285055041 ], [ 410706.513910374313127, 5477561.219099960289896 ], [ 410706.513522708904929, 5477561.204295615665615 ], [ 410706.513393473986071, 5477561.189486759714782 ], [ 410706.513522708904929, 5477561.17467790376395 ], [ 410706.513910374313127, 5477561.159873559139669 ], [ 410706.514556352165528, 5477561.145078234374523 ], [ 410706.515460445603821, 5477561.130296437069774 ], [ 410706.516622379305772, 5477561.115532670170069 ], [ 410706.518041799252387, 5477561.100791430100799 ], [ 410706.519718273193575, 5477561.086077206768095 ], [ 410706.521651290357113, 5477561.071394483558834 ], [ 410706.523840261972509, 5477561.056747732684016 ], [ 410706.526284521271009, 5477561.042141415178776 ], [ 410706.528983323660214, 5477561.027579980902374 ], [ 410706.531935847073328, 5477561.013067864812911 ], [ 410706.535141192143783, 5477560.998609486967325 ], [ 410706.538598382554483, 5477560.984209252521396 ], [ 410706.542306365154218, 5477560.969871548004448 ], [ 410706.546264010423329, 5477560.955600739456713 ], [ 410706.550470112881158, 5477560.941401176154613 ], [ 410706.55492339131888, 5477560.927277181297541 ], [ 410706.559622489148751, 5477560.913233058527112 ], [ 410706.564565975044388, 5477560.89927308447659 ], [ 410706.569752343173604, 5477560.885401513427496 ], [ 410706.575180013722274, 5477560.871622568927705 ], [ 410706.58084733330179, 5477560.857940448448062 ], [ 410706.586752575647552, 5477560.844359321519732 ], [ 410706.592893941968214, 5477560.830883323214948 ], [ 410706.599269561527763, 5477560.817516558803618 ], [ 410706.605877492227592, 5477560.804263100028038 ], [ 410706.612715721246786, 5477560.791126984171569 ], [ 410706.619782165624201, 5477560.778112212195992 ], [ 410706.627074672840536, 5477560.76522274967283 ], [ 410706.634591021516826, 5477560.752462522126734 ], [ 410706.642328922112938, 5477560.739835415966809 ], [ 410706.650286017567851, 5477560.727345277555287 ], [ 410706.658459884056356, 5477560.714995912276208 ], [ 410706.666848031803966, 5477560.702791081741452 ], [ 410706.675447905610781, 5477560.690734503790736 ], [ 410706.684256885957438, 5477560.678829849697649 ], [ 410706.693272289528977, 5477560.66708074696362 ], [ 410706.702491370087955, 5477560.655490774661303 ], [ 410706.711911319463979, 5477560.644063461571932 ], [ 410706.721529268252198, 5477560.632802290841937 ], [ 410706.731342286686413, 5477560.621710690669715 ], [ 410706.741347385628615, 5477560.610792041756213 ], [ 410706.7515415175003, 5477560.600049667991698 ], [ 410706.761921577039175, 5477560.58948684297502 ], [ 410706.77248440234689, 5477560.579106783494353 ], [ 410706.783226775878575, 5477560.568912651389837 ], [ 410706.794145425490569, 5477560.558907552622259 ], [ 410706.805237025138922, 5477560.549094533547759 ], [ 410706.81649819627637, 5477560.539476584643126 ], [ 410706.827925508667249, 5477560.530056635849178 ], [ 410706.83951548137702, 5477560.520837554708123 ], [ 410706.851264583994634, 5477560.511822151951492 ], [ 410706.863169237680268, 5477560.503013171255589 ], [ 410706.875225816154853, 5477560.494413297623396 ], [ 410706.887430646864232, 5477560.486025149933994 ], [ 410706.899780012026895, 5477560.477851282805204 ], [ 410706.912270149972755, 5477560.469894187524915 ], [ 410706.924897256074473, 5477560.462156287394464 ], [ 410706.937657484028023, 5477560.454639938659966 ], [ 410706.950546946900431, 5477560.447347431443632 ], [ 410706.963561718410347, 5477560.440280986949801 ], [ 410706.976697834208608, 5477560.433442757464945 ], [ 410706.989951292809565, 5477560.426834827288985 ], [ 410707.003318057162687, 5477560.42045920714736 ], [ 410707.016794055642094, 5477560.414317841641605 ], [ 410707.030375183210708, 5477560.408412599004805 ], [ 410707.044057303050067, 5477560.402745279483497 ], [ 410707.057836247375235, 5477560.397317608818412 ], [ 410707.071707819006406, 5477560.392131241038442 ], [ 410707.085667792591266, 5477560.387187754735351 ], [ 410707.099711915652733, 5477560.382488656789064 ], [ 410707.113835910335183, 5477560.37803537864238 ], [ 410707.128035474277567, 5477560.373829276300967 ], [ 410707.142306282185018, 5477560.369871630333364 ], [ 410707.156643986993004, 5477560.366163648664951 ], [ 410707.171044221322518, 5477560.362706458196044 ], [ 410707.185502598702442, 5477560.359501112252474 ], [ 410707.200014715024736, 5477560.356548589654267 ], [ 410707.214576149708591, 5477560.353849787265062 ], [ 410707.229182467155624, 5477560.351405527442694 ], [ 410707.243829218263272, 5477560.349216556176543 ], [ 410707.258511941414326, 5477560.347283538430929 ], [ 410707.273226164106745, 5477560.345607064664364 ], [ 410707.287967404234223, 5477560.344187645241618 ], [ 410707.302731171541382, 5477560.343025711365044 ], [ 410707.317512968729716, 5477560.342121617868543 ], [ 410707.332308293203823, 5477560.341475640423596 ], [ 410707.34711263817735, 5477560.341087974607944 ], [ 410707.361921494069975, 5477560.340958739630878 ], [ 410707.3767303499626, 5477560.341087974607944 ], [ 410707.391534694936126, 5477560.341475640423596 ], [ 410707.406330019410234, 5477560.342121617868543 ], [ 410707.421111816598568, 5477560.343025711365044 ], [ 410707.435875583905727, 5477560.344187645241618 ], [ 410707.450616824033204, 5477560.345607064664364 ], [ 410707.465331046725623, 5477560.347283538430929 ], [ 410707.480013769876678, 5477560.349216556176543 ], [ 410707.494660520984326, 5477560.351405527442694 ], [ 410707.509266838431358, 5477560.353849787265062 ], [ 410707.523828273115214, 5477560.356548589654267 ], [ 410707.538340389437508, 5477560.359501112252474 ], [ 410707.552798766817432, 5477560.362706458196044 ], [ 410707.567199001146946, 5477560.366163648664951 ], [ 410707.581536705954932, 5477560.369871630333364 ], [ 410707.595807513862383, 5477560.373829276300967 ], [ 410707.610007077804767, 5477560.37803537864238 ], [ 410707.624131072487216, 5477560.382488656789064 ], [ 410707.638175195548683, 5477560.387187754735351 ], [ 410707.652135169133544, 5477560.392131241038442 ], [ 410707.666006740764715, 5477560.397317608818412 ], [ 410707.679785685089882, 5477560.402745279483497 ], [ 410707.693467804929242, 5477560.408412599004805 ], [ 410707.707048932497855, 5477560.414317841641605 ], [ 410707.720524930977263, 5477560.42045920714736 ], [ 410707.733891695330385, 5477560.426834827288985 ], [ 410707.747145153931342, 5477560.433442757464945 ], [ 410707.760281269729603, 5477560.440280986949801 ], [ 410707.773296041239519, 5477560.447347431443632 ], [ 410707.786185504111927, 5477560.454639938659966 ], [ 410707.798945732065476, 5477560.462156287394464 ], [ 410707.811572838167194, 5477560.469894187524915 ], [ 410707.824062976113055, 5477560.477851282805204 ], [ 410707.836412341275718, 5477560.486025149933994 ], [ 410707.848617171985097, 5477560.494413297623396 ], [ 410707.860673750459682, 5477560.503013171255589 ], [ 410707.872578404145315, 5477560.511822151951492 ], [ 410707.884327506762929, 5477560.520837554708123 ], [ 410707.895917479472701, 5477560.530056635849178 ], [ 410707.907344791863579, 5477560.539476584643126 ], [ 410707.918605963001028, 5477560.549094533547759 ], [ 410707.92969756264938, 5477560.558907552622259 ], [ 410707.940616212261375, 5477560.568912651389837 ], [ 410707.951358585793059, 5477560.579106783494353 ], [ 410707.961921411100775, 5477560.58948684297502 ], [ 410707.97230147063965, 5477560.600049667991698 ], [ 410707.982495602511335, 5477560.610792041756213 ], [ 410707.992500701453537, 5477560.621710690669715 ], [ 410708.002313719887752, 5477560.632802290841937 ], [ 410708.01193166867597, 5477560.644063461571932 ], [ 410708.021351618051995, 5477560.655490774661303 ], [ 410708.030570698610973, 5477560.66708074696362 ], [ 410708.039586102182511, 5477560.678829849697649 ], [ 410708.048395082529169, 5477560.690734503790736 ], [ 410708.056994956335984, 5477560.702791081741452 ], [ 410708.065383104083594, 5477560.714995912276208 ], [ 410708.073556970572099, 5477560.727345277555287 ], [ 410708.081514066027012, 5477560.739835415966809 ], [ 410708.089251966623124, 5477560.752462522126734 ], [ 410708.096768315299414, 5477560.76522274967283 ], [ 410708.104060822515748, 5477560.778112212195992 ], [ 410708.111127266893163, 5477560.791126984171569 ], [ 410708.117965495912358, 5477560.804263100028038 ], [ 410708.124573426612187, 5477560.817516558803618 ], [ 410708.130949046171736, 5477560.830883323214948 ], [ 410708.137090412492398, 5477560.844359321519732 ], [ 410708.14299565483816, 5477560.857940448448062 ], [ 410708.148662974417675, 5477560.871622568927705 ], [ 410708.154090644966345, 5477560.885401513427496 ], [ 410708.159277013095561, 5477560.89927308447659 ], [ 410708.164220498991199, 5477560.913233058527112 ], [ 410708.16891959682107, 5477560.927277181297541 ], [ 410708.173372875258792, 5477560.941401176154613 ], [ 410708.177578977716621, 5477560.955600739456713 ], [ 410708.181536622985732, 5477560.969871548004448 ], [ 410708.185244605585467, 5477560.984209252521396 ], [ 410708.188701795996167, 5477560.998609486967325 ], [ 410708.191907141066622, 5477561.013067864812911 ], [ 410708.194859664479736, 5477561.027579980902374 ], [ 410708.197558466868941, 5477561.042141415178776 ], [ 410708.20000272616744, 5477561.056747732684016 ], [ 410708.202191697782837, 5477561.071394483558834 ], [ 410708.204124714946374, 5477561.086077206768095 ], [ 410708.205801188887563, 5477561.100791430100799 ], [ 410708.207220608834177, 5477561.115532670170069 ], [ 410708.208382542536128, 5477561.130296437069774 ], [ 410708.209286635974422, 5477561.145078234374523 ], [ 410708.209932613826822, 5477561.159873559139669 ], [ 410708.21032027923502, 5477561.17467790376395 ], [ 410708.210449514153879, 5477561.189486759714782 ], [ 410708.21032027923502, 5477561.204295615665615 ], [ 410708.209932613826822, 5477561.219099960289896 ], [ 410708.209286635974422, 5477561.233895285055041 ], [ 410708.208382542536128, 5477561.248677082359791 ], [ 410708.207220608834177, 5477561.263440849259496 ], [ 410708.205801188887563, 5477561.278182089328766 ], [ 410708.204124714946374, 5477561.292896312661469 ], [ 410708.202191697782837, 5477561.307579035870731 ], [ 410708.20000272616744, 5477561.322225786745548 ], [ 410708.197558466868941, 5477561.336832104250789 ], [ 410708.194859664479736, 5477561.351393538527191 ], [ 410708.191907141066622, 5477561.365905654616654 ], [ 410708.188701795996167, 5477561.380364032462239 ], [ 410708.185244605585467, 5477561.394764266908169 ], [ 410708.181536622985732, 5477561.409101971425116 ], [ 410708.177578977716621, 5477561.423372779972851 ], [ 410708.173372875258792, 5477561.437572343274951 ], [ 410708.16891959682107, 5477561.451696338132024 ], [ 410708.164220498991199, 5477561.465740460902452 ], [ 410708.159277013095561, 5477561.479700434952974 ], [ 410708.154090644966345, 5477561.493572006002069 ], [ 410708.148662974417675, 5477561.507350950501859 ], [ 410708.14299565483816, 5477561.521033070981503 ], [ 410708.137090412492398, 5477561.534614197909832 ], [ 410708.130949046171736, 5477561.548090196214616 ], [ 410708.124573426612187, 5477561.561456960625947 ], [ 410708.117965495912358, 5477561.574710419401526 ], [ 410708.111127266893163, 5477561.587846535257995 ], [ 410708.104060822515748, 5477561.600861307233572 ], [ 410708.096768315299414, 5477561.613750769756734 ], [ 410708.089251966623124, 5477561.62651099730283 ], [ 410708.081514066027012, 5477561.639138103462756 ], [ 410708.073556970572099, 5477561.651628241874278 ], [ 410708.065383104083594, 5477561.663977607153356 ], [ 410708.056994956335984, 5477561.676182437688112 ], [ 410708.048395082529169, 5477561.688239015638828 ], [ 410708.039586102182511, 5477561.700143669731915 ], [ 410708.030570698610973, 5477561.711892772465944 ], [ 410708.021351618051995, 5477561.723482744768262 ], [ 410708.01193166867597, 5477561.734910057857633 ], [ 410708.002313719887752, 5477561.746171228587627 ], [ 410707.992500701453537, 5477561.757262828759849 ], [ 410707.982495602511335, 5477561.768181477673352 ], [ 410707.97230147063965, 5477561.778923851437867 ], [ 410707.961921411100775, 5477561.789486676454544 ], [ 410707.951358585793059, 5477561.799866735935211 ], [ 410707.940616212261375, 5477561.810060868039727 ], [ 410707.92969756264938, 5477561.820065966807306 ], [ 410707.918605963001028, 5477561.829878985881805 ], [ 410707.907344791863579, 5477561.839496934786439 ], [ 410707.895917479472701, 5477561.848916883580387 ], [ 410707.884327506762929, 5477561.858135964721441 ], [ 410707.872578404145315, 5477561.867151367478073 ], [ 410707.860673750459682, 5477561.875960348173976 ], [ 410707.848617171985097, 5477561.884560221806169 ], [ 410707.836412341275718, 5477561.892948369495571 ], [ 410707.824062976113055, 5477561.90112223662436 ], [ 410707.811572838167194, 5477561.90907933190465 ], [ 410707.798945732065476, 5477561.9168172320351 ], [ 410707.786185504111927, 5477561.924333580769598 ], [ 410707.773296041239519, 5477561.931626087985933 ], [ 410707.760281269729603, 5477561.938692532479763 ], [ 410707.747145153931342, 5477561.945530761964619 ], [ 410707.733891695330385, 5477561.952138692140579 ], [ 410707.720524930977263, 5477561.958514312282205 ], [ 410707.707048932497855, 5477561.96465567778796 ], [ 410707.693467804929242, 5477561.970560920424759 ], [ 410707.679785685089882, 5477561.976228239946067 ], [ 410707.666006740764715, 5477561.981655910611153 ], [ 410707.652135169133544, 5477561.986842278391123 ], [ 410707.638175195548683, 5477561.991785764694214 ], [ 410707.624131072487216, 5477561.9964848626405 ], [ 410707.610007077804767, 5477562.000938140787184 ], [ 410707.595807513862383, 5477562.005144243128598 ], [ 410707.581536705954932, 5477562.0091018890962 ], [ 410707.567199001146946, 5477562.012809870764613 ], [ 410707.552798766817432, 5477562.016267061233521 ], [ 410707.538340389437508, 5477562.019472407177091 ], [ 410707.523828273115214, 5477562.022424929775298 ], [ 410707.509266838431358, 5477562.025123732164502 ], [ 410707.494660520984326, 5477562.027567991986871 ], [ 410707.480013769876678, 5477562.029756963253021 ], [ 410707.465331046725623, 5477562.031689980998635 ], [ 410707.450616824033204, 5477562.033366454765201 ], [ 410707.435875583905727, 5477562.034785874187946 ], [ 410707.421111816598568, 5477562.03594780806452 ], [ 410707.406330019410234, 5477562.036851901561022 ] ], [ [ 410716.321999999985565, 5477565.019000000320375 ], [ 410713.12300000002142, 5477568.068 ], [ 410709.929, 5477564.818 ], [ 410713.218, 5477561.725999999791384 ], [ 410716.321999999985565, 5477565.019000000320375 ] ], [ [ 410716.640900315425824, 5477569.194730880670249 ], [ 410716.631073887867387, 5477569.195157538168132 ], [ 410716.621241535409354, 5477569.195413583889604 ], [ 410716.611406220006756, 5477569.195498941466212 ], [ 410716.601570904604159, 5477569.195413583889604 ], [ 410716.591738552146126, 5477569.195157538168132 ], [ 410716.581912124587689, 5477569.194730880670249 ], [ 410716.572094582254067, 5477569.194133738987148 ], [ 410716.562288882676512, 5477569.193366295658052 ], [ 410716.552497979835607, 5477569.192428778856993 ], [ 410716.542724823346362, 5477569.191321473568678 ], [ 410716.532972357294057, 5477569.190044711343944 ], [ 410716.523243519710377, 5477569.188598877750337 ], [ 410716.513541241409257, 5477569.186984408646822 ], [ 410716.50386844528839, 5477569.185201790183783 ], [ 410716.494228045223281, 5477569.183251558803022 ], [ 410716.484622945485171, 5477569.181134302169085 ], [ 410716.475056039576884, 5477569.178850659169257 ], [ 410716.465530209650751, 5477569.176401317119598 ], [ 410716.456048325344454, 5477569.173787012696266 ], [ 410716.446613243082538, 5477569.171008535660803 ], [ 410716.437227805203293, 5477569.168066721409559 ], [ 410716.427894839202054, 5477569.164962456561625 ], [ 410716.418617156508844, 5477569.161696676164865 ], [ 410716.409397552197333, 5477569.158270364627242 ], [ 410716.400238803646062, 5477569.154684553854167 ], [ 410716.391143669956364, 5477569.150940324179828 ], [ 410716.382114891079254, 5477569.147038802504539 ], [ 410716.373155186884105, 5477569.142981166020036 ], [ 410716.364267256634776, 5477569.138768635690212 ], [ 410716.35545377782546, 5477569.134402480907738 ], [ 410716.346717405482195, 5477569.129884017631412 ], [ 410716.33806077146437, 5477569.125214606523514 ], [ 410716.329486483649816, 5477569.120395653881133 ], [ 410716.320997125061695, 5477569.115428611636162 ], [ 410716.312595253170002, 5477569.110314976423979 ], [ 410716.304283399076667, 5477569.105056288652122 ], [ 410716.29606406664243, 5477569.099654133431613 ], [ 410716.287939732079394, 5477569.094110135920346 ], [ 410716.279912842845079, 5477569.08842596784234 ], [ 410716.27198581706034, 5477569.082603341899812 ], [ 410716.264161042752676, 5477569.076644010841846 ], [ 410716.256440877215937, 5477569.07054977118969 ], [ 410716.248827646079008, 5477569.064322458580136 ], [ 410716.241323642898351, 5477569.057963948696852 ], [ 410716.233931128284894, 5477569.051476156339049 ], [ 410716.226652329321951, 5477569.044861037284136 ], [ 410716.2194894386339, 5477569.038120583631098 ], [ 410716.212444614153355, 5477569.031256826594472 ], [ 410716.205519978131633, 5477569.024271833710372 ], [ 410716.198717616673093, 5477569.017167708836496 ], [ 410716.192039578978438, 5477569.009946592152119 ], [ 410716.185487876820844, 5477569.002610658295453 ], [ 410716.179064483963884, 5477568.995162119157612 ], [ 410716.172771335404832, 5477568.987603217363358 ], [ 410716.16661032702541, 5477568.979936229996383 ], [ 410716.160583314835094, 5477568.972163467667997 ], [ 410716.154692114505451, 5477568.964287270791829 ], [ 410716.148938500788063, 5477568.956310013309121 ], [ 410716.143324206932448, 5477568.948234097100794 ], [ 410716.137850924336817, 5477568.940061955712736 ], [ 410716.132520301733166, 5477568.931796051561832 ], [ 410716.127333945070859, 5477568.923438874073327 ], [ 410716.122293416759931, 5477568.914992940612137 ], [ 410716.117400235205423, 5477568.906460795551538 ], [ 410716.112655874574557, 5477568.897845010273159 ], [ 410716.108061764098238, 5477568.889148180373013 ], [ 410716.10361928778002, 5477568.880372923798859 ], [ 410716.099329783872236, 5477568.871521886438131 ], [ 410716.095194544643164, 5477568.862597732804716 ], [ 410716.091214815853164, 5477568.853603152558208 ], [ 410716.087391796405427, 5477568.844540854915977 ], [ 410716.083726637938526, 5477568.835413570515811 ], [ 410716.080220444709994, 5477568.82622404769063 ], [ 410716.076874272839632, 5477568.816975056193769 ], [ 410716.073689130484127, 5477568.807669381611049 ], [ 410716.070665977080353, 5477568.79830982722342 ], [ 410716.067805723461788, 5477568.788899212144315 ], [ 410716.06510923121823, 5477568.779440373182297 ], [ 410716.062577312754001, 5477568.769936157390475 ], [ 410716.060210730705876, 5477568.760389430448413 ], [ 410716.058010198059492, 5477568.750803066417575 ], [ 410716.055976377800107, 5477568.741179954260588 ], [ 410716.054109882505145, 5477568.731522992253304 ], [ 410716.052411274577025, 5477568.721835090778768 ], [ 410716.050881065661088, 5477568.712119166739285 ], [ 410716.049519716762006, 5477568.702378148213029 ], [ 410716.048327637952752, 5477568.69261496886611 ], [ 410716.047305188374594, 5477568.682832570746541 ], [ 410716.046452676062472, 5477568.673033900558949 ], [ 410716.045770357828587, 5477568.663221910595894 ], [ 410716.04525843920419, 5477568.653399555943906 ], [ 410716.044917074381374, 5477568.643569795414805 ], [ 410716.044746366329491, 5477568.633735591545701 ], [ 410716.044746366329491, 5477568.623899905011058 ], [ 410716.044917074381374, 5477568.614065701141953 ], [ 410716.04525843920419, 5477568.604235940612853 ], [ 410716.045770357828587, 5477568.594413585960865 ], [ 410716.046452676062472, 5477568.58460159599781 ], [ 410716.047305188374594, 5477568.574802925810218 ], [ 410716.048327637952752, 5477568.565020527690649 ], [ 410716.049519716762006, 5477568.55525734834373 ], [ 410716.050881065661088, 5477568.545516329817474 ], [ 410716.052411274577025, 5477568.535800405777991 ], [ 410716.054109882505145, 5477568.526112504303455 ], [ 410716.055976377800107, 5477568.516455542296171 ], [ 410716.058010198059492, 5477568.506832430139184 ], [ 410716.060210730705876, 5477568.497246066108346 ], [ 410716.062577312754001, 5477568.487699339166284 ], [ 410716.06510923121823, 5477568.478195123374462 ], [ 410716.067805723461788, 5477568.468736284412444 ], [ 410716.070665977080353, 5477568.459325669333339 ], [ 410716.073689130484127, 5477568.44996611494571 ], [ 410716.076874272839632, 5477568.44066044036299 ], [ 410716.080220444709994, 5477568.431411448866129 ], [ 410716.083726637938526, 5477568.422221926040947 ], [ 410716.087391796405427, 5477568.413094641640782 ], [ 410716.091214815853164, 5477568.404032343998551 ], [ 410716.095194544643164, 5477568.395037763752043 ], [ 410716.099329783872236, 5477568.386113610118628 ], [ 410716.10361928778002, 5477568.3772625727579 ], [ 410716.108061764098238, 5477568.368487316183746 ], [ 410716.112655874574557, 5477568.3597904862836 ], [ 410716.117400235205423, 5477568.35117470100522 ], [ 410716.122293416759931, 5477568.342642555944622 ], [ 410716.127333945070859, 5477568.334196622483432 ], [ 410716.132520301733166, 5477568.325839444994926 ], [ 410716.137850924336817, 5477568.317573540844023 ], [ 410716.143324206932448, 5477568.309401399455965 ], [ 410716.148938500788063, 5477568.301325483247638 ], [ 410716.154692114505451, 5477568.29334822576493 ], [ 410716.160583314835094, 5477568.285472028888762 ], [ 410716.16661032702541, 5477568.277699266560376 ], [ 410716.172771335404832, 5477568.270032279193401 ], [ 410716.179064483963884, 5477568.262473377399147 ], [ 410716.185487876820844, 5477568.255024838261306 ], [ 410716.192039578978438, 5477568.24768890440464 ], [ 410716.198717616673093, 5477568.240467787720263 ], [ 410716.205519978131633, 5477568.233363662846386 ], [ 410716.212444614153355, 5477568.226378669962287 ], [ 410716.2194894386339, 5477568.219514912925661 ], [ 410716.226652329321951, 5477568.212774459272623 ], [ 410716.233931128284894, 5477568.20615934021771 ], [ 410716.241323642898351, 5477568.199671547859907 ], [ 410716.248827646079008, 5477568.193313037976623 ], [ 410716.256440877215937, 5477568.187085725367069 ], [ 410716.264161042752676, 5477568.180991485714912 ], [ 410716.27198581706034, 5477568.175032154656947 ], [ 410716.279912842845079, 5477568.169209528714418 ], [ 410716.287939732079394, 5477568.163525360636413 ], [ 410716.29606406664243, 5477568.157981363125145 ], [ 410716.304283399076667, 5477568.152579207904637 ], [ 410716.312595253170002, 5477568.14732052013278 ], [ 410716.320997125061695, 5477568.142206884920597 ], [ 410716.329486483649816, 5477568.137239842675626 ], [ 410716.33806077146437, 5477568.132420890033245 ], [ 410716.346717405482195, 5477568.127751478925347 ], [ 410716.35545377782546, 5477568.123233015649021 ], [ 410716.364267256634776, 5477568.118866860866547 ], [ 410716.373155186884105, 5477568.114654330536723 ], [ 410716.382114891079254, 5477568.110596694052219 ], [ 410716.391143669956364, 5477568.106695172376931 ], [ 410716.400238803646062, 5477568.102950942702591 ], [ 410716.409397552197333, 5477568.099365131929517 ], [ 410716.418617156508844, 5477568.095938820391893 ], [ 410716.427894839202054, 5477568.092673039995134 ], [ 410716.437227805203293, 5477568.0895687751472 ], [ 410716.446613243082538, 5477568.086626960895956 ], [ 410716.456048325344454, 5477568.083848483860493 ], [ 410716.465530209650751, 5477568.08123417943716 ], [ 410716.475056039576884, 5477568.078784837387502 ], [ 410716.484622945485171, 5477568.076501194387674 ], [ 410716.494228045223281, 5477568.074383937753737 ], [ 410716.50386844528839, 5477568.072433706372976 ], [ 410716.513541241409257, 5477568.070651087909937 ], [ 410716.523243519710377, 5477568.069036618806422 ], [ 410716.532972357294057, 5477568.067590785212815 ], [ 410716.542724823346362, 5477568.066314022988081 ], [ 410716.552497979835607, 5477568.065206717699766 ], [ 410716.562288882676512, 5477568.064269200898707 ], [ 410716.572094582254067, 5477568.063501757569611 ], [ 410716.581912124587689, 5477568.062904615886509 ], [ 410716.591738552146126, 5477568.062477958388627 ], [ 410716.601570904604159, 5477568.062221912667155 ], [ 410716.611406220006756, 5477568.062136555090547 ], [ 410716.621241535409354, 5477568.062221912667155 ], [ 410716.631073887867387, 5477568.062477958388627 ], [ 410716.640900315425824, 5477568.062904615886509 ], [ 410716.650717857759446, 5477568.063501757569611 ], [ 410716.660523557337001, 5477568.064269200898707 ], [ 410716.670314460177906, 5477568.065206717699766 ], [ 410716.680087616667151, 5477568.066314022988081 ], [ 410716.689840082719456, 5477568.067590785212815 ], [ 410716.699568920303136, 5477568.069036618806422 ], [ 410716.709271198604256, 5477568.070651087909937 ], [ 410716.718943994725123, 5477568.072433706372976 ], [ 410716.728584394790232, 5477568.074383937753737 ], [ 410716.738189494528342, 5477568.076501194387674 ], [ 410716.747756400436629, 5477568.078784837387502 ], [ 410716.757282230362762, 5477568.08123417943716 ], [ 410716.766764114669058, 5477568.083848483860493 ], [ 410716.776199196930975, 5477568.086626960895956 ], [ 410716.78558463481022, 5477568.0895687751472 ], [ 410716.794917600811459, 5477568.092673039995134 ], [ 410716.804195283504669, 5477568.095938820391893 ], [ 410716.81341488781618, 5477568.099365131929517 ], [ 410716.822573636367451, 5477568.102950942702591 ], [ 410716.831668770057149, 5477568.106695172376931 ], [ 410716.840697548934259, 5477568.110596694052219 ], [ 410716.849657253129408, 5477568.114654330536723 ], [ 410716.858545183378737, 5477568.118866860866547 ], [ 410716.867358662188053, 5477568.123233015649021 ], [ 410716.876095034531318, 5477568.127751478925347 ], [ 410716.884751668549143, 5477568.132420890033245 ], [ 410716.893325956363697, 5477568.137239842675626 ], [ 410716.901815314951818, 5477568.142206884920597 ], [ 410716.910217186843511, 5477568.14732052013278 ], [ 410716.918529040936846, 5477568.152579207904637 ], [ 410716.926748373371083, 5477568.157981363125145 ], [ 410716.934872707934119, 5477568.163525360636413 ], [ 410716.942899597168434, 5477568.169209528714418 ], [ 410716.950826622953173, 5477568.175032154656947 ], [ 410716.958651397260837, 5477568.180991485714912 ], [ 410716.966371562797576, 5477568.187085725367069 ], [ 410716.973984793934505, 5477568.193313037976623 ], [ 410716.981488797115162, 5477568.199671547859907 ], [ 410716.988881311728619, 5477568.20615934021771 ], [ 410716.996160110691562, 5477568.212774459272623 ], [ 410717.003323001379613, 5477568.219514912925661 ], [ 410717.010367825860158, 5477568.226378669962287 ], [ 410717.01729246188188, 5477568.233363662846386 ], [ 410717.02409482334042, 5477568.240467787720263 ], [ 410717.030772861035075, 5477568.24768890440464 ], [ 410717.037324563192669, 5477568.255024838261306 ], [ 410717.043747956049629, 5477568.262473377399147 ], [ 410717.050041104608681, 5477568.270032279193401 ], [ 410717.056202112988103, 5477568.277699266560376 ], [ 410717.062229125178419, 5477568.285472028888762 ], [ 410717.068120325508062, 5477568.29334822576493 ], [ 410717.07387393922545, 5477568.301325483247638 ], [ 410717.079488233081065, 5477568.309401399455965 ], [ 410717.084961515676696, 5477568.317573540844023 ], [ 410717.090292138280347, 5477568.325839444994926 ], [ 410717.095478494942654, 5477568.334196622483432 ], [ 410717.100519023253582, 5477568.342642555944622 ], [ 410717.10541220480809, 5477568.35117470100522 ], [ 410717.110156565438956, 5477568.3597904862836 ], [ 410717.114750675915275, 5477568.368487316183746 ], [ 410717.119193152233493, 5477568.3772625727579 ], [ 410717.123482656141277, 5477568.386113610118628 ], [ 410717.127617895370349, 5477568.395037763752043 ], [ 410717.131597624160349, 5477568.404032343998551 ], [ 410717.135420643608086, 5477568.413094641640782 ], [ 410717.139085802074987, 5477568.422221926040947 ], [ 410717.142591995303519, 5477568.431411448866129 ], [ 410717.145938167173881, 5477568.44066044036299 ], [ 410717.149123309529386, 5477568.44996611494571 ], [ 410717.15214646293316, 5477568.459325669333339 ], [ 410717.155006716551725, 5477568.468736284412444 ], [ 410717.157703208795283, 5477568.478195123374462 ], [ 410717.160235127259512, 5477568.487699339166284 ], [ 410717.162601709307637, 5477568.497246066108346 ], [ 410717.164802241954021, 5477568.506832430139184 ], [ 410717.166836062213406, 5477568.516455542296171 ], [ 410717.168702557508368, 5477568.526112504303455 ], [ 410717.170401165436488, 5477568.535800405777991 ], [ 410717.171931374352425, 5477568.545516329817474 ], [ 410717.173292723251507, 5477568.55525734834373 ], [ 410717.174484802060761, 5477568.565020527690649 ], [ 410717.175507251638919, 5477568.574802925810218 ], [ 410717.176359763951041, 5477568.58460159599781 ], [ 410717.177042082184926, 5477568.594413585960865 ], [ 410717.177554000809323, 5477568.604235940612853 ], [ 410717.177895365632139, 5477568.614065701141953 ], [ 410717.178066073684022, 5477568.623899905011058 ], [ 410717.178066073684022, 5477568.633735591545701 ], [ 410717.177895365632139, 5477568.643569795414805 ], [ 410717.177554000809323, 5477568.653399555943906 ], [ 410717.177042082184926, 5477568.663221910595894 ], [ 410717.176359763951041, 5477568.673033900558949 ], [ 410717.175507251638919, 5477568.682832570746541 ], [ 410717.174484802060761, 5477568.69261496886611 ], [ 410717.173292723251507, 5477568.702378148213029 ], [ 410717.171931374352425, 5477568.712119166739285 ], [ 410717.170401165436488, 5477568.721835090778768 ], [ 410717.168702557508368, 5477568.731522992253304 ], [ 410717.166836062213406, 5477568.741179954260588 ], [ 410717.164802241954021, 5477568.750803066417575 ], [ 410717.162601709307637, 5477568.760389430448413 ], [ 410717.160235127259512, 5477568.769936157390475 ], [ 410717.157703208795283, 5477568.779440373182297 ], [ 410717.155006716551725, 5477568.788899212144315 ], [ 410717.15214646293316, 5477568.79830982722342 ], [ 410717.149123309529386, 5477568.807669381611049 ], [ 410717.145938167173881, 5477568.816975056193769 ], [ 410717.142591995303519, 5477568.82622404769063 ], [ 410717.139085802074987, 5477568.835413570515811 ], [ 410717.135420643608086, 5477568.844540854915977 ], [ 410717.131597624160349, 5477568.853603152558208 ], [ 410717.127617895370349, 5477568.862597732804716 ], [ 410717.123482656141277, 5477568.871521886438131 ], [ 410717.119193152233493, 5477568.880372923798859 ], [ 410717.114750675915275, 5477568.889148180373013 ], [ 410717.110156565438956, 5477568.897845010273159 ], [ 410717.10541220480809, 5477568.906460795551538 ], [ 410717.100519023253582, 5477568.914992940612137 ], [ 410717.095478494942654, 5477568.923438874073327 ], [ 410717.090292138280347, 5477568.931796051561832 ], [ 410717.084961515676696, 5477568.940061955712736 ], [ 410717.079488233081065, 5477568.948234097100794 ], [ 410717.07387393922545, 5477568.956310013309121 ], [ 410717.068120325508062, 5477568.964287270791829 ], [ 410717.062229125178419, 5477568.972163467667997 ], [ 410717.056202112988103, 5477568.979936229996383 ], [ 410717.050041104608681, 5477568.987603217363358 ], [ 410717.043747956049629, 5477568.995162119157612 ], [ 410717.037324563192669, 5477569.002610658295453 ], [ 410717.030772861035075, 5477569.009946592152119 ], [ 410717.02409482334042, 5477569.017167708836496 ], [ 410717.01729246188188, 5477569.024271833710372 ], [ 410717.010367825860158, 5477569.031256826594472 ], [ 410717.003323001379613, 5477569.038120583631098 ], [ 410716.996160110691562, 5477569.044861037284136 ], [ 410716.988881311728619, 5477569.051476156339049 ], [ 410716.981488797115162, 5477569.057963948696852 ], [ 410716.973984793934505, 5477569.064322458580136 ], [ 410716.966371562797576, 5477569.07054977118969 ], [ 410716.958651397260837, 5477569.076644010841846 ], [ 410716.950826622953173, 5477569.082603341899812 ], [ 410716.942899597168434, 5477569.08842596784234 ], [ 410716.934872707934119, 5477569.094110135920346 ], [ 410716.926748373371083, 5477569.099654133431613 ], [ 410716.918529040936846, 5477569.105056288652122 ], [ 410716.910217186843511, 5477569.110314976423979 ], [ 410716.901815314951818, 5477569.115428611636162 ], [ 410716.893325956363697, 5477569.120395653881133 ], [ 410716.884751668549143, 5477569.125214606523514 ], [ 410716.876095034531318, 5477569.129884017631412 ], [ 410716.867358662188053, 5477569.134402480907738 ], [ 410716.858545183378737, 5477569.138768635690212 ], [ 410716.849657253129408, 5477569.142981166020036 ], [ 410716.840697548934259, 5477569.147038802504539 ], [ 410716.831668770057149, 5477569.150940324179828 ], [ 410716.822573636367451, 5477569.154684553854167 ], [ 410716.81341488781618, 5477569.158270364627242 ], [ 410716.804195283504669, 5477569.161696676164865 ], [ 410716.794917600811459, 5477569.164962456561625 ], [ 410716.78558463481022, 5477569.168066721409559 ], [ 410716.776199196930975, 5477569.171008535660803 ], [ 410716.766764114669058, 5477569.173787012696266 ], [ 410716.757282230362762, 5477569.176401317119598 ], [ 410716.747756400436629, 5477569.178850659169257 ], [ 410716.738189494528342, 5477569.181134302169085 ], [ 410716.728584394790232, 5477569.183251558803022 ], [ 410716.718943994725123, 5477569.185201790183783 ], [ 410716.709271198604256, 5477569.186984408646822 ], [ 410716.699568920303136, 5477569.188598877750337 ], [ 410716.689840082719456, 5477569.190044711343944 ], [ 410716.680087616667151, 5477569.191321473568678 ], [ 410716.670314460177906, 5477569.192428778856993 ], [ 410716.660523557337001, 5477569.193366295658052 ], [ 410716.650717857759446, 5477569.194133738987148 ], [ 410716.640900315425824, 5477569.194730880670249 ] ], [ [ 410723.38, 5477572.381 ], [ 410720.12599999998929, 5477575.474999999627471 ], [ 410717.00099999998929, 5477572.21100000012666 ], [ 410720.271, 5477569.088000000454485 ], [ 410723.38, 5477572.381 ] ], [ [ 410724.080442297447007, 5477576.630919267423451 ], [ 410724.07063312723767, 5477576.631345176137984 ], [ 410724.0608180424897, 5477576.631600772030652 ], [ 410724.050999999977648, 5477576.631685979664326 ], [ 410724.041181957465596, 5477576.631600772030652 ], [ 410724.031366872717626, 5477576.631345176137984 ], [ 410724.021557702508289, 5477576.630919267423451 ], [ 410724.011757401865907, 5477576.630323175340891 ], [ 410724.001968923199456, 5477576.629557078704238 ], [ 410723.992195215250831, 5477576.628621209412813 ], [ 410723.982439222512767, 5477576.627515847794712 ], [ 410723.972703883890063, 5477576.626241328194737 ], [ 410723.962992132233921, 5477576.624798034317791 ], [ 410723.953306893177796, 5477576.623186400160193 ], [ 410723.943651084555313, 5477576.621406911872327 ], [ 410723.934027615119703, 5477576.619460105895996 ], [ 410723.924439383961726, 5477576.617346568033099 ], [ 410723.914889279636554, 5477576.615066935308278 ], [ 410723.905380179057829, 5477576.612621894106269 ], [ 410723.895914946915582, 5477576.610012182034552 ], [ 410723.886496434686705, 5477576.607238584198058 ], [ 410723.877127479703631, 5477576.604301935993135 ], [ 410723.867810904339422, 5477576.601203123107553 ], [ 410723.85854951525107, 5477576.59794307872653 ], [ 410723.849346102564596, 5477576.594522784464061 ], [ 410723.840203438710887, 5477576.590943270362914 ], [ 410723.831124278018251, 5477576.587205616757274 ], [ 410723.822111355548259, 5477576.583310946822166 ], [ 410723.813167386571877, 5477576.579260436818004 ], [ 410723.804295065405313, 5477576.57505530398339 ], [ 410723.795497064944357, 5477576.570696817710996 ], [ 410723.786776035500225, 5477576.566186289303005 ], [ 410723.778134604450315, 5477576.561525078490376 ], [ 410723.769575374899432, 5477576.556714589707553 ], [ 410723.761100925446954, 5477576.551756270229816 ], [ 410723.75271380902268, 5477576.54665161576122 ], [ 410723.744416552304756, 5477576.541402163915336 ], [ 410723.736211654788349, 5477576.536009495146573 ], [ 410723.728101588319987, 5477576.530475234612823 ], [ 410723.720088795991614, 5477576.524801049381495 ], [ 410723.712175691791344, 5477576.518988648429513 ], [ 410723.704364659439307, 5477576.513039783574641 ], [ 410723.696658052154817, 5477576.506956246681511 ], [ 410723.689058191492222, 5477576.500739870592952 ], [ 410723.68156736693345, 5477576.494392527267337 ], [ 410723.674187835189514, 5477576.487916129641235 ], [ 410723.666921819269191, 5477576.481312627904117 ], [ 410723.659771508187987, 5477576.474584012292325 ], [ 410723.652739055920392, 5477576.467732309363782 ], [ 410723.645826581050642, 5477576.460759582929313 ], [ 410723.639036166016012, 5477576.453667934052646 ], [ 410723.632369856350124, 5477576.446459499187768 ], [ 410723.625829660391901, 5477576.439136450178921 ], [ 410723.619417548354249, 5477576.431700991466641 ], [ 410723.613135451916605, 5477576.424155364744365 ], [ 410723.606985263584647, 5477576.416501842439175 ], [ 410723.60096883616643, 5477576.408742730505764 ], [ 410723.595087982015684, 5477576.400880366563797 ], [ 410723.589344472857192, 5477576.392917118035257 ], [ 410723.583740038913675, 5477576.384855384938419 ], [ 410723.578276368556544, 5477576.376697596162558 ], [ 410723.572955107665621, 5477576.368446208536625 ], [ 410723.567777859338094, 5477576.360103707760572 ], [ 410723.562746183306444, 5477576.351672607474029 ], [ 410723.557861595239956, 5477576.343155446462333 ], [ 410723.553125566686504, 5477576.334554792381823 ], [ 410723.548539524490479, 5477576.325873235240579 ], [ 410723.544104850036092, 5477576.317113391123712 ], [ 410723.53982287942199, 5477576.308277897536755 ], [ 410723.535694902588148, 5477576.299369416199625 ], [ 410723.531722163024824, 5477576.290390633046627 ], [ 410723.527905857597943, 5477576.281344250775874 ], [ 410723.524247135967016, 5477576.27223299536854 ], [ 410723.52074710035231, 5477576.263059611432254 ], [ 410723.517406805069186, 5477576.253826863132417 ], [ 410723.514227256528102, 5477576.244537530466914 ], [ 410723.511209412419703, 5477576.235194413922727 ], [ 410723.50835418200586, 5477576.225800326094031 ], [ 410723.505662425421178, 5477576.216358099132776 ], [ 410723.503134953498375, 5477576.20687057543546 ], [ 410723.500772527710069, 5477576.197340614162385 ], [ 410723.498575859644916, 5477576.187771085649729 ], [ 410723.496545611182228, 5477576.178164873272181 ], [ 410723.494682393909898, 5477576.168524871580303 ], [ 410723.492986769066192, 5477576.15885398350656 ], [ 410723.491459247539751, 5477576.149155123159289 ], [ 410723.490100289403927, 5477576.139431212097406 ], [ 410723.488910304149613, 5477576.129685179330409 ], [ 410723.487889650277793, 5477576.119919961318374 ], [ 410723.487038635124918, 5477576.110138499177992 ], [ 410723.486357515153941, 5477576.100343740545213 ], [ 410723.485846495605074, 5477576.090538635849953 ], [ 410723.485505730321165, 5477576.080726139247417 ], [ 410723.485335322038736, 5477576.070909205824137 ], [ 410723.485335322038736, 5477576.061090793460608 ], [ 410723.485505730321165, 5477576.051273860037327 ], [ 410723.485846495605074, 5477576.041461363434792 ], [ 410723.486357515153941, 5477576.031656258739531 ], [ 410723.487038635124918, 5477576.021861500106752 ], [ 410723.487889650277793, 5477576.012080037966371 ], [ 410723.488910304149613, 5477576.002314819954336 ], [ 410723.490100289403927, 5477575.992568787187338 ], [ 410723.491459247539751, 5477575.982844876125455 ], [ 410723.492986769066192, 5477575.973146015778184 ], [ 410723.494682393909898, 5477575.963475127704442 ], [ 410723.496545611182228, 5477575.953835126012564 ], [ 410723.498575859644916, 5477575.944228913635015 ], [ 410723.500772527710069, 5477575.934659385122359 ], [ 410723.503134953498375, 5477575.925129423849285 ], [ 410723.505662425421178, 5477575.915641900151968 ], [ 410723.50835418200586, 5477575.906199673190713 ], [ 410723.511209412419703, 5477575.896805585362017 ], [ 410723.514227256528102, 5477575.88746246881783 ], [ 410723.517406805069186, 5477575.878173136152327 ], [ 410723.52074710035231, 5477575.86894038785249 ], [ 410723.524247135967016, 5477575.859767003916204 ], [ 410723.527905857597943, 5477575.850655748508871 ], [ 410723.531722163024824, 5477575.841609366238117 ], [ 410723.535694902588148, 5477575.83263058308512 ], [ 410723.53982287942199, 5477575.82372210174799 ], [ 410723.544104850036092, 5477575.814886608161032 ], [ 410723.548539524490479, 5477575.806126764044166 ], [ 410723.553125566686504, 5477575.797445206902921 ], [ 410723.557861595239956, 5477575.788844552822411 ], [ 410723.562746183306444, 5477575.780327391810715 ], [ 410723.567777859338094, 5477575.771896291524172 ], [ 410723.572955107665621, 5477575.763553790748119 ], [ 410723.578276368556544, 5477575.755302403122187 ], [ 410723.583740038913675, 5477575.747144614346325 ], [ 410723.589344472857192, 5477575.739082881249487 ], [ 410723.595087982015684, 5477575.731119632720947 ], [ 410723.60096883616643, 5477575.72325726877898 ], [ 410723.606985263584647, 5477575.71549815684557 ], [ 410723.613135451916605, 5477575.707844634540379 ], [ 410723.619417548354249, 5477575.700299007818103 ], [ 410723.625829660391901, 5477575.692863549105823 ], [ 410723.632369856350124, 5477575.685540500096977 ], [ 410723.639036166016012, 5477575.678332065232098 ], [ 410723.645826581050642, 5477575.671240416355431 ], [ 410723.652739055920392, 5477575.664267689920962 ], [ 410723.659771508187987, 5477575.657415986992419 ], [ 410723.666921819269191, 5477575.650687371380627 ], [ 410723.674187835189514, 5477575.644083869643509 ], [ 410723.68156736693345, 5477575.637607472017407 ], [ 410723.689058191492222, 5477575.631260128691792 ], [ 410723.696658052154817, 5477575.625043752603233 ], [ 410723.704364659439307, 5477575.618960215710104 ], [ 410723.712175691791344, 5477575.613011350855231 ], [ 410723.720088795991614, 5477575.60719894990325 ], [ 410723.728101588319987, 5477575.601524764671922 ], [ 410723.736211654788349, 5477575.595990504138172 ], [ 410723.744416552304756, 5477575.590597835369408 ], [ 410723.75271380902268, 5477575.585348383523524 ], [ 410723.761100925446954, 5477575.580243729054928 ], [ 410723.769575374899432, 5477575.575285409577191 ], [ 410723.778134604450315, 5477575.570474920794368 ], [ 410723.786776035500225, 5477575.56581370998174 ], [ 410723.795497064944357, 5477575.561303181573749 ], [ 410723.804295065405313, 5477575.556944695301354 ], [ 410723.813167386571877, 5477575.552739562466741 ], [ 410723.822111355548259, 5477575.548689052462578 ], [ 410723.831124278018251, 5477575.544794382527471 ], [ 410723.840203438710887, 5477575.541056728921831 ], [ 410723.849346102564596, 5477575.537477214820683 ], [ 410723.85854951525107, 5477575.534056920558214 ], [ 410723.867810904339422, 5477575.530796876177192 ], [ 410723.877127479703631, 5477575.527698063291609 ], [ 410723.886496434686705, 5477575.524761415086687 ], [ 410723.895914946915582, 5477575.521987817250192 ], [ 410723.905380179057829, 5477575.519378105178475 ], [ 410723.914889279636554, 5477575.516933063976467 ], [ 410723.924439383961726, 5477575.514653431251645 ], [ 410723.934027615119703, 5477575.512539893388748 ], [ 410723.943651084555313, 5477575.510593087412417 ], [ 410723.953306893177796, 5477575.508813599124551 ], [ 410723.962992132233921, 5477575.507201964966953 ], [ 410723.972703883890063, 5477575.505758671090007 ], [ 410723.982439222512767, 5477575.504484151490033 ], [ 410723.992195215250831, 5477575.503378789871931 ], [ 410724.001968923199456, 5477575.502442920580506 ], [ 410724.011757401865907, 5477575.501676823943853 ], [ 410724.021557702508289, 5477575.501080731861293 ], [ 410724.031366872717626, 5477575.50065482314676 ], [ 410724.041181957465596, 5477575.500399227254093 ], [ 410724.050999999977648, 5477575.500314019620419 ], [ 410724.0608180424897, 5477575.500399227254093 ], [ 410724.07063312723767, 5477575.50065482314676 ], [ 410724.080442297447007, 5477575.501080731861293 ], [ 410724.09024259808939, 5477575.501676823943853 ], [ 410724.10003107675584, 5477575.502442920580506 ], [ 410724.109804784704465, 5477575.503378789871931 ], [ 410724.11956077744253, 5477575.504484151490033 ], [ 410724.129296116065234, 5477575.505758671090007 ], [ 410724.139007867721375, 5477575.507201964966953 ], [ 410724.1486931067775, 5477575.508813599124551 ], [ 410724.158348915399984, 5477575.510593087412417 ], [ 410724.167972384835593, 5477575.512539893388748 ], [ 410724.177560615993571, 5477575.514653431251645 ], [ 410724.187110720318742, 5477575.516933063976467 ], [ 410724.196619820897467, 5477575.519378105178475 ], [ 410724.206085053039715, 5477575.521987817250192 ], [ 410724.215503565268591, 5477575.524761415086687 ], [ 410724.224872520251665, 5477575.527698063291609 ], [ 410724.234189095615875, 5477575.530796876177192 ], [ 410724.243450484704226, 5477575.534056920558214 ], [ 410724.252653897390701, 5477575.537477214820683 ], [ 410724.26179656124441, 5477575.541056728921831 ], [ 410724.270875721937045, 5477575.544794382527471 ], [ 410724.279888644407038, 5477575.548689052462578 ], [ 410724.28883261338342, 5477575.552739562466741 ], [ 410724.297704934549984, 5477575.556944695301354 ], [ 410724.30650293501094, 5477575.561303181573749 ], [ 410724.315223964455072, 5477575.56581370998174 ], [ 410724.323865395504981, 5477575.570474920794368 ], [ 410724.332424625055864, 5477575.575285409577191 ], [ 410724.340899074508343, 5477575.580243729054928 ], [ 410724.349286190932617, 5477575.585348383523524 ], [ 410724.357583447650541, 5477575.590597835369408 ], [ 410724.365788345166948, 5477575.595990504138172 ], [ 410724.373898411635309, 5477575.601524764671922 ], [ 410724.381911203963682, 5477575.60719894990325 ], [ 410724.389824308163952, 5477575.613011350855231 ], [ 410724.39763534051599, 5477575.618960215710104 ], [ 410724.40534194780048, 5477575.625043752603233 ], [ 410724.412941808463074, 5477575.631260128691792 ], [ 410724.420432633021846, 5477575.637607472017407 ], [ 410724.427812164765783, 5477575.644083869643509 ], [ 410724.435078180686105, 5477575.650687371380627 ], [ 410724.44222849176731, 5477575.657415986992419 ], [ 410724.449260944034904, 5477575.664267689920962 ], [ 410724.456173418904655, 5477575.671240416355431 ], [ 410724.462963833939284, 5477575.678332065232098 ], [ 410724.469630143605173, 5477575.685540500096977 ], [ 410724.476170339563396, 5477575.692863549105823 ], [ 410724.482582451601047, 5477575.700299007818103 ], [ 410724.488864548038691, 5477575.707844634540379 ], [ 410724.495014736370649, 5477575.71549815684557 ], [ 410724.501031163788866, 5477575.72325726877898 ], [ 410724.506912017939612, 5477575.731119632720947 ], [ 410724.512655527098104, 5477575.739082881249487 ], [ 410724.518259961041622, 5477575.747144614346325 ], [ 410724.523723631398752, 5477575.755302403122187 ], [ 410724.529044892289676, 5477575.763553790748119 ], [ 410724.534222140617203, 5477575.771896291524172 ], [ 410724.539253816648852, 5477575.780327391810715 ], [ 410724.544138404715341, 5477575.788844552822411 ], [ 410724.548874433268793, 5477575.797445206902921 ], [ 410724.553460475464817, 5477575.806126764044166 ], [ 410724.557895149919204, 5477575.814886608161032 ], [ 410724.562177120533306, 5477575.82372210174799 ], [ 410724.566305097367149, 5477575.83263058308512 ], [ 410724.570277836930472, 5477575.841609366238117 ], [ 410724.574094142357353, 5477575.850655748508871 ], [ 410724.57775286398828, 5477575.859767003916204 ], [ 410724.581252899602987, 5477575.86894038785249 ], [ 410724.584593194886111, 5477575.878173136152327 ], [ 410724.587772743427195, 5477575.88746246881783 ], [ 410724.590790587535594, 5477575.896805585362017 ], [ 410724.593645817949437, 5477575.906199673190713 ], [ 410724.596337574534118, 5477575.915641900151968 ], [ 410724.598865046456922, 5477575.925129423849285 ], [ 410724.601227472245228, 5477575.934659385122359 ], [ 410724.603424140310381, 5477575.944228913635015 ], [ 410724.605454388773069, 5477575.953835126012564 ], [ 410724.607317606045399, 5477575.963475127704442 ], [ 410724.609013230889104, 5477575.973146015778184 ], [ 410724.610540752415545, 5477575.982844876125455 ], [ 410724.61189971055137, 5477575.992568787187338 ], [ 410724.613089695805684, 5477576.002314819954336 ], [ 410724.614110349677503, 5477576.012080037966371 ], [ 410724.614961364830378, 5477576.021861500106752 ], [ 410724.615642484801356, 5477576.031656258739531 ], [ 410724.616153504350223, 5477576.041461363434792 ], [ 410724.616494269634131, 5477576.051273860037327 ], [ 410724.61666467791656, 5477576.061090793460608 ], [ 410724.61666467791656, 5477576.070909205824137 ], [ 410724.616494269634131, 5477576.080726139247417 ], [ 410724.616153504350223, 5477576.090538635849953 ], [ 410724.615642484801356, 5477576.100343740545213 ], [ 410724.614961364830378, 5477576.110138499177992 ], [ 410724.614110349677503, 5477576.119919961318374 ], [ 410724.613089695805684, 5477576.129685179330409 ], [ 410724.61189971055137, 5477576.139431212097406 ], [ 410724.610540752415545, 5477576.149155123159289 ], [ 410724.609013230889104, 5477576.15885398350656 ], [ 410724.607317606045399, 5477576.168524871580303 ], [ 410724.605454388773069, 5477576.178164873272181 ], [ 410724.603424140310381, 5477576.187771085649729 ], [ 410724.601227472245228, 5477576.197340614162385 ], [ 410724.598865046456922, 5477576.20687057543546 ], [ 410724.596337574534118, 5477576.216358099132776 ], [ 410724.593645817949437, 5477576.225800326094031 ], [ 410724.590790587535594, 5477576.235194413922727 ], [ 410724.587772743427195, 5477576.244537530466914 ], [ 410724.584593194886111, 5477576.253826863132417 ], [ 410724.581252899602987, 5477576.263059611432254 ], [ 410724.57775286398828, 5477576.27223299536854 ], [ 410724.574094142357353, 5477576.281344250775874 ], [ 410724.570277836930472, 5477576.290390633046627 ], [ 410724.566305097367149, 5477576.299369416199625 ], [ 410724.562177120533306, 5477576.308277897536755 ], [ 410724.557895149919204, 5477576.317113391123712 ], [ 410724.553460475464817, 5477576.325873235240579 ], [ 410724.548874433268793, 5477576.334554792381823 ], [ 410724.544138404715341, 5477576.343155446462333 ], [ 410724.539253816648852, 5477576.351672607474029 ], [ 410724.534222140617203, 5477576.360103707760572 ], [ 410724.529044892289676, 5477576.368446208536625 ], [ 410724.523723631398752, 5477576.376697596162558 ], [ 410724.518259961041622, 5477576.384855384938419 ], [ 410724.512655527098104, 5477576.392917118035257 ], [ 410724.506912017939612, 5477576.400880366563797 ], [ 410724.501031163788866, 5477576.408742730505764 ], [ 410724.495014736370649, 5477576.416501842439175 ], [ 410724.488864548038691, 5477576.424155364744365 ], [ 410724.482582451601047, 5477576.431700991466641 ], [ 410724.476170339563396, 5477576.439136450178921 ], [ 410724.469630143605173, 5477576.446459499187768 ], [ 410724.462963833939284, 5477576.453667934052646 ], [ 410724.456173418904655, 5477576.460759582929313 ], [ 410724.449260944034904, 5477576.467732309363782 ], [ 410724.44222849176731, 5477576.474584012292325 ], [ 410724.435078180686105, 5477576.481312627904117 ], [ 410724.427812164765783, 5477576.487916129641235 ], [ 410724.420432633021846, 5477576.494392527267337 ], [ 410724.412941808463074, 5477576.500739870592952 ], [ 410724.40534194780048, 5477576.506956246681511 ], [ 410724.39763534051599, 5477576.513039783574641 ], [ 410724.389824308163952, 5477576.518988648429513 ], [ 410724.381911203963682, 5477576.524801049381495 ], [ 410724.373898411635309, 5477576.530475234612823 ], [ 410724.365788345166948, 5477576.536009495146573 ], [ 410724.357583447650541, 5477576.541402163915336 ], [ 410724.349286190932617, 5477576.54665161576122 ], [ 410724.340899074508343, 5477576.551756270229816 ], [ 410724.332424625055864, 5477576.556714589707553 ], [ 410724.323865395504981, 5477576.561525078490376 ], [ 410724.315223964455072, 5477576.566186289303005 ], [ 410724.30650293501094, 5477576.570696817710996 ], [ 410724.297704934549984, 5477576.57505530398339 ], [ 410724.28883261338342, 5477576.579260436818004 ], [ 410724.279888644407038, 5477576.583310946822166 ], [ 410724.270875721937045, 5477576.587205616757274 ], [ 410724.26179656124441, 5477576.590943270362914 ], [ 410724.252653897390701, 5477576.594522784464061 ], [ 410724.243450484704226, 5477576.59794307872653 ], [ 410724.234189095615875, 5477576.601203123107553 ], [ 410724.224872520251665, 5477576.604301935993135 ], [ 410724.215503565268591, 5477576.607238584198058 ], [ 410724.206085053039715, 5477576.610012182034552 ], [ 410724.196619820897467, 5477576.612621894106269 ], [ 410724.187110720318742, 5477576.615066935308278 ], [ 410724.177560615993571, 5477576.617346568033099 ], [ 410724.167972384835593, 5477576.619460105895996 ], [ 410724.158348915399984, 5477576.621406911872327 ], [ 410724.1486931067775, 5477576.623186400160193 ], [ 410724.139007867721375, 5477576.624798034317791 ], [ 410724.129296116065234, 5477576.626241328194737 ], [ 410724.11956077744253, 5477576.627515847794712 ], [ 410724.109804784704465, 5477576.628621209412813 ], [ 410724.10003107675584, 5477576.629557078704238 ], [ 410724.09024259808939, 5477576.630323175340891 ], [ 410724.080442297447007, 5477576.630919267423451 ] ], [ [ 410705.39901666494552, 5477562.352610314264894 ], [ 410731.972220214549452, 5477589.98232099134475 ], [ 410729.274655319633894, 5477592.576736180111766 ], [ 410702.681508762121666, 5477564.926289591938257 ], [ 410705.39901666494552, 5477562.352610314264894 ] ], [ [ 410730.436999999976251, 5477579.723000000230968 ], [ 410727.142999999981839, 5477582.826999999582767 ], [ 410724.055, 5477579.548999999649823 ], [ 410727.322999999974854, 5477576.450000000186265 ], [ 410730.436999999976251, 5477579.723000000230968 ] ], [ [ 410730.75940852536587, 5477586.660365141928196 ], [ 410730.744613200891763, 5477586.661011119373143 ], [ 410730.729808855918236, 5477586.661398785188794 ], [ 410730.715000000025611, 5477586.661528020165861 ], [ 410730.700191144132987, 5477586.661398785188794 ], [ 410730.68538679915946, 5477586.661011119373143 ], [ 410730.670591474685352, 5477586.660365141928196 ], [ 410730.655809677497018, 5477586.659461048431695 ], [ 410730.64104591018986, 5477586.65829911455512 ], [ 410730.626304670062382, 5477586.656879695132375 ], [ 410730.611590447369963, 5477586.655203221365809 ], [ 410730.596907724218909, 5477586.653270203620195 ], [ 410730.582260973111261, 5477586.651081232354045 ], [ 410730.567654655664228, 5477586.648636972531676 ], [ 410730.553093220980372, 5477586.645938170142472 ], [ 410730.538581104658078, 5477586.642985647544265 ], [ 410730.524122727278154, 5477586.639780301600695 ], [ 410730.50972249294864, 5477586.636323111131787 ], [ 410730.495384788140655, 5477586.632615129463375 ], [ 410730.481113980233204, 5477586.628657483495772 ], [ 410730.46691441629082, 5477586.624451381154358 ], [ 410730.45279042160837, 5477586.619998103007674 ], [ 410730.438746298546903, 5477586.615299005061388 ], [ 410730.424786324962042, 5477586.610355518758297 ], [ 410730.410914753330871, 5477586.605169150978327 ], [ 410730.397135809005704, 5477586.599741480313241 ], [ 410730.383453689166345, 5477586.594074160791934 ], [ 410730.369872561597731, 5477586.588168918155134 ], [ 410730.356396563118324, 5477586.582027552649379 ], [ 410730.343029798765201, 5477586.575651932507753 ], [ 410730.329776340164244, 5477586.569044002331793 ], [ 410730.316640224365983, 5477586.562205772846937 ], [ 410730.303625452856068, 5477586.555139328353107 ], [ 410730.290735989983659, 5477586.547846821136773 ], [ 410730.27797576203011, 5477586.540330472402275 ], [ 410730.265348655928392, 5477586.532592572271824 ], [ 410730.252858517982531, 5477586.524635476991534 ], [ 410730.240509152819868, 5477586.516461609862745 ], [ 410730.228304322110489, 5477586.508073462173343 ], [ 410730.216247743635904, 5477586.49947358854115 ], [ 410730.204343089950271, 5477586.490664607845247 ], [ 410730.192593987332657, 5477586.481649205088615 ], [ 410730.181004014622886, 5477586.472430123947561 ], [ 410730.169576702232007, 5477586.463010175153613 ], [ 410730.158315531094559, 5477586.45339222624898 ], [ 410730.147223931446206, 5477586.44357920717448 ], [ 410730.136305281834211, 5477586.433574108406901 ], [ 410730.125562908302527, 5477586.423379976302385 ], [ 410730.115000082994811, 5477586.412999916821718 ], [ 410730.104620023455936, 5477586.402437091805041 ], [ 410730.094425891584251, 5477586.391694718040526 ], [ 410730.084420792642049, 5477586.380776069127023 ], [ 410730.074607774207834, 5477586.369684468954802 ], [ 410730.064989825419616, 5477586.358423298224807 ], [ 410730.055569876043592, 5477586.346995985135436 ], [ 410730.046350795484614, 5477586.335406012833118 ], [ 410730.037335391913075, 5477586.323656910099089 ], [ 410730.028526411566418, 5477586.311752256006002 ], [ 410730.019926537759602, 5477586.299695678055286 ], [ 410730.011538390011992, 5477586.28749084752053 ], [ 410730.003364523523487, 5477586.275141482241452 ], [ 410729.995407428068575, 5477586.26265134382993 ], [ 410729.987669527472463, 5477586.250024237670004 ], [ 410729.980153178796172, 5477586.237264010123909 ], [ 410729.972860671579838, 5477586.224374547600746 ], [ 410729.965794227202423, 5477586.211359775625169 ], [ 410729.958955998183228, 5477586.198223659768701 ], [ 410729.952348067483399, 5477586.184970200993121 ], [ 410729.94597244792385, 5477586.17160343658179 ], [ 410729.939831081603188, 5477586.158127438277006 ], [ 410729.933925839257427, 5477586.144546311348677 ], [ 410729.928258519677911, 5477586.130864190869033 ], [ 410729.922830849129241, 5477586.117085246369243 ], [ 410729.917644481000025, 5477586.103213675320148 ], [ 410729.912700995104387, 5477586.089253701269627 ], [ 410729.908001897274517, 5477586.075209578499198 ], [ 410729.903548618836794, 5477586.061085583642125 ], [ 410729.899342516378965, 5477586.046886020340025 ], [ 410729.895384871109854, 5477586.03261521179229 ], [ 410729.891676888510119, 5477586.018277507275343 ], [ 410729.888219698099419, 5477586.003877272829413 ], [ 410729.885014353028964, 5477585.989418894983828 ], [ 410729.88206182961585, 5477585.974906778894365 ], [ 410729.879363027226645, 5477585.960345344617963 ], [ 410729.876918767928146, 5477585.945739027112722 ], [ 410729.874729796312749, 5477585.931092276237905 ], [ 410729.872796779149212, 5477585.916409553028643 ], [ 410729.871120305208024, 5477585.90169532969594 ], [ 410729.869700885261409, 5477585.88695408962667 ], [ 410729.868538951559458, 5477585.872190322726965 ], [ 410729.867634858121164, 5477585.857408525422215 ], [ 410729.866988880268764, 5477585.84261320065707 ], [ 410729.866601214860566, 5477585.827808856032789 ], [ 410729.866471979941707, 5477585.813 ], [ 410729.866601214860566, 5477585.798191144131124 ], [ 410729.866988880268764, 5477585.783386799506843 ], [ 410729.867634858121164, 5477585.768591474741697 ], [ 410729.868538951559458, 5477585.753809677436948 ], [ 410729.869700885261409, 5477585.739045910537243 ], [ 410729.871120305208024, 5477585.724304670467973 ], [ 410729.872796779149212, 5477585.70959044713527 ], [ 410729.874729796312749, 5477585.694907723926008 ], [ 410729.876918767928146, 5477585.68026097305119 ], [ 410729.879363027226645, 5477585.66565465554595 ], [ 410729.88206182961585, 5477585.651093221269548 ], [ 410729.885014353028964, 5477585.636581105180085 ], [ 410729.888219698099419, 5477585.622122727334499 ], [ 410729.891676888510119, 5477585.60772249288857 ], [ 410729.895384871109854, 5477585.593384788371623 ], [ 410729.899342516378965, 5477585.579113979823887 ], [ 410729.903548618836794, 5477585.564914416521788 ], [ 410729.908001897274517, 5477585.550790421664715 ], [ 410729.912700995104387, 5477585.536746298894286 ], [ 410729.917644481000025, 5477585.522786324843764 ], [ 410729.922830849129241, 5477585.50891475379467 ], [ 410729.928258519677911, 5477585.495135809294879 ], [ 410729.933925839257427, 5477585.481453688815236 ], [ 410729.939831081603188, 5477585.467872561886907 ], [ 410729.94597244792385, 5477585.454396563582122 ], [ 410729.952348067483399, 5477585.441029799170792 ], [ 410729.958955998183228, 5477585.427776340395212 ], [ 410729.965794227202423, 5477585.414640224538743 ], [ 410729.972860671579838, 5477585.401625452563167 ], [ 410729.980153178796172, 5477585.388735990040004 ], [ 410729.987669527472463, 5477585.375975762493908 ], [ 410729.995407428068575, 5477585.363348656333983 ], [ 410730.003364523523487, 5477585.350858517922461 ], [ 410730.011538390011992, 5477585.338509152643383 ], [ 410730.019926537759602, 5477585.326304322108626 ], [ 410730.028526411566418, 5477585.31424774415791 ], [ 410730.037335391913075, 5477585.302343090064824 ], [ 410730.046350795484614, 5477585.290593987330794 ], [ 410730.055569876043592, 5477585.279004015028477 ], [ 410730.064989825419616, 5477585.267576701939106 ], [ 410730.074607774207834, 5477585.256315531209111 ], [ 410730.084420792642049, 5477585.24522393103689 ], [ 410730.094425891584251, 5477585.234305282123387 ], [ 410730.104620023455936, 5477585.223562908358872 ], [ 410730.115000082994811, 5477585.213000083342195 ], [ 410730.125562908302527, 5477585.202620023861527 ], [ 410730.136305281834211, 5477585.192425891757011 ], [ 410730.147223931446206, 5477585.182420792989433 ], [ 410730.158315531094559, 5477585.172607773914933 ], [ 410730.169576702232007, 5477585.1629898250103 ], [ 410730.181004014622886, 5477585.153569876216352 ], [ 410730.192593987332657, 5477585.144350795075297 ], [ 410730.204343089950271, 5477585.135335392318666 ], [ 410730.216247743635904, 5477585.126526411622763 ], [ 410730.228304322110489, 5477585.11792653799057 ], [ 410730.240509152819868, 5477585.109538390301168 ], [ 410730.252858517982531, 5477585.101364523172379 ], [ 410730.265348655928392, 5477585.093407427892089 ], [ 410730.27797576203011, 5477585.085669527761638 ], [ 410730.290735989983659, 5477585.07815317902714 ], [ 410730.303625452856068, 5477585.070860671810806 ], [ 410730.316640224365983, 5477585.063794227316976 ], [ 410730.329776340164244, 5477585.056955997832119 ], [ 410730.343029798765201, 5477585.050348067656159 ], [ 410730.356396563118324, 5477585.043972447514534 ], [ 410730.369872561597731, 5477585.037831082008779 ], [ 410730.383453689166345, 5477585.031925839371979 ], [ 410730.397135809005704, 5477585.026258519850671 ], [ 410730.410914753330871, 5477585.020830849185586 ], [ 410730.424786324962042, 5477585.015644481405616 ], [ 410730.438746298546903, 5477585.010700995102525 ], [ 410730.45279042160837, 5477585.006001897156239 ], [ 410730.46691441629082, 5477585.001548619009554 ], [ 410730.481113980233204, 5477584.997342516668141 ], [ 410730.495384788140655, 5477584.993384870700538 ], [ 410730.50972249294864, 5477584.989676889032125 ], [ 410730.524122727278154, 5477584.986219698563218 ], [ 410730.538581104658078, 5477584.983014352619648 ], [ 410730.553093220980372, 5477584.980061830021441 ], [ 410730.567654655664228, 5477584.977363027632236 ], [ 410730.582260973111261, 5477584.974918767809868 ], [ 410730.596907724218909, 5477584.972729796543717 ], [ 410730.611590447369963, 5477584.970796778798103 ], [ 410730.626304670062382, 5477584.969120305031538 ], [ 410730.64104591018986, 5477584.967700885608792 ], [ 410730.655809677497018, 5477584.966538951732218 ], [ 410730.670591474685352, 5477584.965634858235717 ], [ 410730.68538679915946, 5477584.96498888079077 ], [ 410730.700191144132987, 5477584.964601214975119 ], [ 410730.715000000025611, 5477584.964471979998052 ], [ 410730.729808855918236, 5477584.964601214975119 ], [ 410730.744613200891763, 5477584.96498888079077 ], [ 410730.75940852536587, 5477584.965634858235717 ], [ 410730.774190322554205, 5477584.966538951732218 ], [ 410730.788954089861363, 5477584.967700885608792 ], [ 410730.803695329988841, 5477584.969120305031538 ], [ 410730.81840955268126, 5477584.970796778798103 ], [ 410730.833092275832314, 5477584.972729796543717 ], [ 410730.847739026939962, 5477584.974918767809868 ], [ 410730.862345344386995, 5477584.977363027632236 ], [ 410730.87690677907085, 5477584.980061830021441 ], [ 410730.891418895393144, 5477584.983014352619648 ], [ 410730.905877272773068, 5477584.986219698563218 ], [ 410730.920277507102583, 5477584.989676889032125 ], [ 410730.934615211910568, 5477584.993384870700538 ], [ 410730.948886019818019, 5477584.997342516668141 ], [ 410730.963085583760403, 5477585.001548619009554 ], [ 410730.977209578442853, 5477585.006001897156239 ], [ 410730.99125370150432, 5477585.010700995102525 ], [ 410731.00521367508918, 5477585.015644481405616 ], [ 410731.019085246720351, 5477585.020830849185586 ], [ 410731.032864191045519, 5477585.026258519850671 ], [ 410731.046546310884878, 5477585.031925839371979 ], [ 410731.060127438453492, 5477585.037831082008779 ], [ 410731.073603436932899, 5477585.043972447514534 ], [ 410731.086970201286022, 5477585.050348067656159 ], [ 410731.100223659886979, 5477585.056955997832119 ], [ 410731.11335977568524, 5477585.063794227316976 ], [ 410731.126374547195155, 5477585.070860671810806 ], [ 410731.139264010067564, 5477585.07815317902714 ], [ 410731.152024238021113, 5477585.085669527761638 ], [ 410731.164651344122831, 5477585.093407427892089 ], [ 410731.177141482068691, 5477585.101364523172379 ], [ 410731.189490847231355, 5477585.109538390301168 ], [ 410731.201695677940734, 5477585.11792653799057 ], [ 410731.213752256415319, 5477585.126526411622763 ], [ 410731.225656910100952, 5477585.135335392318666 ], [ 410731.237406012718566, 5477585.144350795075297 ], [ 410731.248995985428337, 5477585.153569876216352 ], [ 410731.260423297819216, 5477585.1629898250103 ], [ 410731.271684468956664, 5477585.172607773914933 ], [ 410731.282776068605017, 5477585.182420792989433 ], [ 410731.293694718217012, 5477585.192425891757011 ], [ 410731.304437091748696, 5477585.202620023861527 ], [ 410731.314999917056412, 5477585.213000083342195 ], [ 410731.325379976595286, 5477585.223562908358872 ], [ 410731.335574108466972, 5477585.234305282123387 ], [ 410731.345579207409173, 5477585.24522393103689 ], [ 410731.355392225843389, 5477585.256315531209111 ], [ 410731.365010174631607, 5477585.267576701939106 ], [ 410731.374430124007631, 5477585.279004015028477 ], [ 410731.383649204566609, 5477585.290593987330794 ], [ 410731.392664608138148, 5477585.302343090064824 ], [ 410731.401473588484805, 5477585.31424774415791 ], [ 410731.410073462291621, 5477585.326304322108626 ], [ 410731.41846161003923, 5477585.338509152643383 ], [ 410731.426635476527736, 5477585.350858517922461 ], [ 410731.434592571982648, 5477585.363348656333983 ], [ 410731.44233047257876, 5477585.375975762493908 ], [ 410731.449846821255051, 5477585.388735990040004 ], [ 410731.457139328471385, 5477585.401625452563167 ], [ 410731.4642057728488, 5477585.414640224538743 ], [ 410731.471044001867995, 5477585.427776340395212 ], [ 410731.477651932567824, 5477585.441029799170792 ], [ 410731.484027552127372, 5477585.454396563582122 ], [ 410731.490168918448035, 5477585.467872561886907 ], [ 410731.496074160793796, 5477585.481453688815236 ], [ 410731.501741480373312, 5477585.495135809294879 ], [ 410731.507169150921982, 5477585.50891475379467 ], [ 410731.512355519051198, 5477585.522786324843764 ], [ 410731.517299004946835, 5477585.536746298894286 ], [ 410731.521998102776706, 5477585.550790421664715 ], [ 410731.526451381214429, 5477585.564914416521788 ], [ 410731.530657483672258, 5477585.579113979823887 ], [ 410731.534615128941368, 5477585.593384788371623 ], [ 410731.538323111541104, 5477585.60772249288857 ], [ 410731.541780301951803, 5477585.622122727334499 ], [ 410731.544985647022258, 5477585.636581105180085 ], [ 410731.547938170435373, 5477585.651093221269548 ], [ 410731.550636972824577, 5477585.66565465554595 ], [ 410731.553081232123077, 5477585.68026097305119 ], [ 410731.555270203738473, 5477585.694907723926008 ], [ 410731.557203220902011, 5477585.70959044713527 ], [ 410731.558879694843199, 5477585.724304670467973 ], [ 410731.560299114789814, 5477585.739045910537243 ], [ 410731.561461048491765, 5477585.753809677436948 ], [ 410731.562365141930059, 5477585.768591474741697 ], [ 410731.563011119782459, 5477585.783386799506843 ], [ 410731.563398785190657, 5477585.798191144131124 ], [ 410731.563528020109516, 5477585.813 ], [ 410731.563398785190657, 5477585.827808856032789 ], [ 410731.563011119782459, 5477585.84261320065707 ], [ 410731.562365141930059, 5477585.857408525422215 ], [ 410731.561461048491765, 5477585.872190322726965 ], [ 410731.560299114789814, 5477585.88695408962667 ], [ 410731.558879694843199, 5477585.90169532969594 ], [ 410731.557203220902011, 5477585.916409553028643 ], [ 410731.555270203738473, 5477585.931092276237905 ], [ 410731.553081232123077, 5477585.945739027112722 ], [ 410731.550636972824577, 5477585.960345344617963 ], [ 410731.547938170435373, 5477585.974906778894365 ], [ 410731.544985647022258, 5477585.989418894983828 ], [ 410731.541780301951803, 5477586.003877272829413 ], [ 410731.538323111541104, 5477586.018277507275343 ], [ 410731.534615128941368, 5477586.03261521179229 ], [ 410731.530657483672258, 5477586.046886020340025 ], [ 410731.526451381214429, 5477586.061085583642125 ], [ 410731.521998102776706, 5477586.075209578499198 ], [ 410731.517299004946835, 5477586.089253701269627 ], [ 410731.512355519051198, 5477586.103213675320148 ], [ 410731.507169150921982, 5477586.117085246369243 ], [ 410731.501741480373312, 5477586.130864190869033 ], [ 410731.496074160793796, 5477586.144546311348677 ], [ 410731.490168918448035, 5477586.158127438277006 ], [ 410731.484027552127372, 5477586.17160343658179 ], [ 410731.477651932567824, 5477586.184970200993121 ], [ 410731.471044001867995, 5477586.198223659768701 ], [ 410731.4642057728488, 5477586.211359775625169 ], [ 410731.457139328471385, 5477586.224374547600746 ], [ 410731.449846821255051, 5477586.237264010123909 ], [ 410731.44233047257876, 5477586.250024237670004 ], [ 410731.434592571982648, 5477586.26265134382993 ], [ 410731.426635476527736, 5477586.275141482241452 ], [ 410731.41846161003923, 5477586.28749084752053 ], [ 410731.410073462291621, 5477586.299695678055286 ], [ 410731.401473588484805, 5477586.311752256006002 ], [ 410731.392664608138148, 5477586.323656910099089 ], [ 410731.383649204566609, 5477586.335406012833118 ], [ 410731.374430124007631, 5477586.346995985135436 ], [ 410731.365010174631607, 5477586.358423298224807 ], [ 410731.355392225843389, 5477586.369684468954802 ], [ 410731.345579207409173, 5477586.380776069127023 ], [ 410731.335574108466972, 5477586.391694718040526 ], [ 410731.325379976595286, 5477586.402437091805041 ], [ 410731.314999917056412, 5477586.412999916821718 ], [ 410731.304437091748696, 5477586.423379976302385 ], [ 410731.293694718217012, 5477586.433574108406901 ], [ 410731.282776068605017, 5477586.44357920717448 ], [ 410731.271684468956664, 5477586.45339222624898 ], [ 410731.260423297819216, 5477586.463010175153613 ], [ 410731.248995985428337, 5477586.472430123947561 ], [ 410731.237406012718566, 5477586.481649205088615 ], [ 410731.225656910100952, 5477586.490664607845247 ], [ 410731.213752256415319, 5477586.49947358854115 ], [ 410731.201695677940734, 5477586.508073462173343 ], [ 410731.189490847231355, 5477586.516461609862745 ], [ 410731.177141482068691, 5477586.524635476991534 ], [ 410731.164651344122831, 5477586.532592572271824 ], [ 410731.152024238021113, 5477586.540330472402275 ], [ 410731.139264010067564, 5477586.547846821136773 ], [ 410731.126374547195155, 5477586.555139328353107 ], [ 410731.11335977568524, 5477586.562205772846937 ], [ 410731.100223659886979, 5477586.569044002331793 ], [ 410731.086970201286022, 5477586.575651932507753 ], [ 410731.073603436932899, 5477586.582027552649379 ], [ 410731.060127438453492, 5477586.588168918155134 ], [ 410731.046546310884878, 5477586.594074160791934 ], [ 410731.032864191045519, 5477586.599741480313241 ], [ 410731.019085246720351, 5477586.605169150978327 ], [ 410731.00521367508918, 5477586.610355518758297 ], [ 410730.99125370150432, 5477586.615299005061388 ], [ 410730.977209578442853, 5477586.619998103007674 ], [ 410730.963085583760403, 5477586.624451381154358 ], [ 410730.948886019818019, 5477586.628657483495772 ], [ 410730.934615211910568, 5477586.632615129463375 ], [ 410730.920277507102583, 5477586.636323111131787 ], [ 410730.905877272773068, 5477586.639780301600695 ], [ 410730.891418895393144, 5477586.642985647544265 ], [ 410730.87690677907085, 5477586.645938170142472 ], [ 410730.862345344386995, 5477586.648636972531676 ], [ 410730.847739026939962, 5477586.651081232354045 ], [ 410730.833092275832314, 5477586.653270203620195 ], [ 410730.81840955268126, 5477586.655203221365809 ], [ 410730.803695329988841, 5477586.656879695132375 ], [ 410730.788954089861363, 5477586.65829911455512 ], [ 410730.774190322554205, 5477586.659461048431695 ], [ 410730.75940852536587, 5477586.660365141928196 ] ], [ [ 410730.966900315426756, 5477583.948730881325901 ], [ 410730.957073887868319, 5477583.949157538823783 ], [ 410730.947241535410285, 5477583.949413584545255 ], [ 410730.937406220007688, 5477583.949498942121863 ], [ 410730.927570904605091, 5477583.949413584545255 ], [ 410730.917738552147057, 5477583.949157538823783 ], [ 410730.90791212458862, 5477583.948730881325901 ], [ 410730.898094582254998, 5477583.948133739642799 ], [ 410730.888288882677443, 5477583.947366296313703 ], [ 410730.878497979836538, 5477583.946428779512644 ], [ 410730.868724823347293, 5477583.945321474224329 ], [ 410730.858972357294988, 5477583.944044711999595 ], [ 410730.849243519711308, 5477583.942598878405988 ], [ 410730.839541241410188, 5477583.940984409302473 ], [ 410730.829868445289321, 5477583.939201790839434 ], [ 410730.820228045224212, 5477583.937251559458673 ], [ 410730.810622945486102, 5477583.935134302824736 ], [ 410730.801056039577816, 5477583.932850659824908 ], [ 410730.791530209651683, 5477583.930401317775249 ], [ 410730.782048325345386, 5477583.927787013351917 ], [ 410730.77261324308347, 5477583.925008536316454 ], [ 410730.763227805204224, 5477583.92206672206521 ], [ 410730.753894839202985, 5477583.918962457217276 ], [ 410730.744617156509776, 5477583.915696676820517 ], [ 410730.735397552198265, 5477583.912270365282893 ], [ 410730.726238803646993, 5477583.908684554509819 ], [ 410730.717143669957295, 5477583.904940324835479 ], [ 410730.708114891080186, 5477583.901038803160191 ], [ 410730.699155186885037, 5477583.896981166675687 ], [ 410730.690267256635707, 5477583.892768636345863 ], [ 410730.681453777826391, 5477583.888402481563389 ], [ 410730.672717405483127, 5477583.883884018287063 ], [ 410730.664060771465302, 5477583.879214607179165 ], [ 410730.655486483650748, 5477583.874395654536784 ], [ 410730.646997125062626, 5477583.869428612291813 ], [ 410730.638595253170934, 5477583.86431497707963 ], [ 410730.630283399077598, 5477583.859056289307773 ], [ 410730.622064066643361, 5477583.853654134087265 ], [ 410730.613939732080325, 5477583.848110136575997 ], [ 410730.60591284284601, 5477583.842425968497992 ], [ 410730.597985817061272, 5477583.836603342555463 ], [ 410730.590161042753607, 5477583.830644011497498 ], [ 410730.582440877216868, 5477583.824549771845341 ], [ 410730.574827646079939, 5477583.818322459235787 ], [ 410730.567323642899282, 5477583.811963949352503 ], [ 410730.559931128285825, 5477583.8054761569947 ], [ 410730.552652329322882, 5477583.798861037939787 ], [ 410730.545489438634831, 5477583.792120584286749 ], [ 410730.538444614154287, 5477583.785256827250123 ], [ 410730.531519978132565, 5477583.778271834366024 ], [ 410730.524717616674025, 5477583.771167709492147 ], [ 410730.518039578979369, 5477583.76394659280777 ], [ 410730.511487876821775, 5477583.756610658951104 ], [ 410730.505064483964816, 5477583.749162119813263 ], [ 410730.498771335405763, 5477583.741603218019009 ], [ 410730.492610327026341, 5477583.733936230652034 ], [ 410730.486583314836025, 5477583.726163468323648 ], [ 410730.480692114506382, 5477583.71828727144748 ], [ 410730.474938500788994, 5477583.710310013964772 ], [ 410730.469324206933379, 5477583.702234097756445 ], [ 410730.463850924337748, 5477583.694061956368387 ], [ 410730.458520301734097, 5477583.685796052217484 ], [ 410730.45333394507179, 5477583.677438874728978 ], [ 410730.448293416760862, 5477583.668992941267788 ], [ 410730.443400235206354, 5477583.66046079620719 ], [ 410730.438655874575488, 5477583.65184501092881 ], [ 410730.43406176409917, 5477583.643148181028664 ], [ 410730.429619287780952, 5477583.63437292445451 ], [ 410730.425329783873167, 5477583.625521887093782 ], [ 410730.421194544644095, 5477583.616597733460367 ], [ 410730.417214815854095, 5477583.607603153213859 ], [ 410730.413391796406358, 5477583.598540855571628 ], [ 410730.409726637939457, 5477583.589413571171463 ], [ 410730.406220444710925, 5477583.580224048346281 ], [ 410730.402874272840563, 5477583.57097505684942 ], [ 410730.399689130485058, 5477583.5616693822667 ], [ 410730.396665977081284, 5477583.552309827879071 ], [ 410730.393805723462719, 5477583.542899212799966 ], [ 410730.391109231219161, 5477583.533440373837948 ], [ 410730.388577312754933, 5477583.523936158046126 ], [ 410730.386210730706807, 5477583.514389431104064 ], [ 410730.384010198060423, 5477583.504803067073226 ], [ 410730.381976377801038, 5477583.495179954916239 ], [ 410730.380109882506076, 5477583.485522992908955 ], [ 410730.378411274577957, 5477583.475835091434419 ], [ 410730.376881065662019, 5477583.466119167394936 ], [ 410730.375519716762938, 5477583.45637814886868 ], [ 410730.374327637953684, 5477583.446614969521761 ], [ 410730.373305188375525, 5477583.436832571402192 ], [ 410730.372452676063403, 5477583.4270339012146 ], [ 410730.371770357829519, 5477583.417221911251545 ], [ 410730.371258439205121, 5477583.407399556599557 ], [ 410730.370917074382305, 5477583.397569796070457 ], [ 410730.370746366330422, 5477583.387735592201352 ], [ 410730.370746366330422, 5477583.377899905666709 ], [ 410730.370917074382305, 5477583.368065701797605 ], [ 410730.371258439205121, 5477583.358235941268504 ], [ 410730.371770357829519, 5477583.348413586616516 ], [ 410730.372452676063403, 5477583.338601596653461 ], [ 410730.373305188375525, 5477583.328802926465869 ], [ 410730.374327637953684, 5477583.3190205283463 ], [ 410730.375519716762938, 5477583.309257348999381 ], [ 410730.376881065662019, 5477583.299516330473125 ], [ 410730.378411274577957, 5477583.289800406433642 ], [ 410730.380109882506076, 5477583.280112504959106 ], [ 410730.381976377801038, 5477583.270455542951822 ], [ 410730.384010198060423, 5477583.260832430794835 ], [ 410730.386210730706807, 5477583.251246066763997 ], [ 410730.388577312754933, 5477583.241699339821935 ], [ 410730.391109231219161, 5477583.232195124030113 ], [ 410730.393805723462719, 5477583.222736285068095 ], [ 410730.396665977081284, 5477583.21332566998899 ], [ 410730.399689130485058, 5477583.203966115601361 ], [ 410730.402874272840563, 5477583.194660441018641 ], [ 410730.406220444710925, 5477583.18541144952178 ], [ 410730.409726637939457, 5477583.176221926696599 ], [ 410730.413391796406358, 5477583.167094642296433 ], [ 410730.417214815854095, 5477583.158032344654202 ], [ 410730.421194544644095, 5477583.149037764407694 ], [ 410730.425329783873167, 5477583.140113610774279 ], [ 410730.429619287780952, 5477583.131262573413551 ], [ 410730.43406176409917, 5477583.122487316839397 ], [ 410730.438655874575488, 5477583.113790486939251 ], [ 410730.443400235206354, 5477583.105174701660872 ], [ 410730.448293416760862, 5477583.096642556600273 ], [ 410730.45333394507179, 5477583.088196623139083 ], [ 410730.458520301734097, 5477583.079839445650578 ], [ 410730.463850924337748, 5477583.071573541499674 ], [ 410730.469324206933379, 5477583.063401400111616 ], [ 410730.474938500788994, 5477583.055325483903289 ], [ 410730.480692114506382, 5477583.047348226420581 ], [ 410730.486583314836025, 5477583.039472029544413 ], [ 410730.492610327026341, 5477583.031699267216027 ], [ 410730.498771335405763, 5477583.024032279849052 ], [ 410730.505064483964816, 5477583.016473378054798 ], [ 410730.511487876821775, 5477583.009024838916957 ], [ 410730.518039578979369, 5477583.001688905060291 ], [ 410730.524717616674025, 5477582.994467788375914 ], [ 410730.531519978132565, 5477582.987363663502038 ], [ 410730.538444614154287, 5477582.980378670617938 ], [ 410730.545489438634831, 5477582.973514913581312 ], [ 410730.552652329322882, 5477582.966774459928274 ], [ 410730.559931128285825, 5477582.960159340873361 ], [ 410730.567323642899282, 5477582.953671548515558 ], [ 410730.574827646079939, 5477582.947313038632274 ], [ 410730.582440877216868, 5477582.94108572602272 ], [ 410730.590161042753607, 5477582.934991486370564 ], [ 410730.597985817061272, 5477582.929032155312598 ], [ 410730.60591284284601, 5477582.92320952937007 ], [ 410730.613939732080325, 5477582.917525361292064 ], [ 410730.622064066643361, 5477582.911981363780797 ], [ 410730.630283399077598, 5477582.906579208560288 ], [ 410730.638595253170934, 5477582.901320520788431 ], [ 410730.646997125062626, 5477582.896206885576248 ], [ 410730.655486483650748, 5477582.891239843331277 ], [ 410730.664060771465302, 5477582.886420890688896 ], [ 410730.672717405483127, 5477582.881751479580998 ], [ 410730.681453777826391, 5477582.877233016304672 ], [ 410730.690267256635707, 5477582.872866861522198 ], [ 410730.699155186885037, 5477582.868654331192374 ], [ 410730.708114891080186, 5477582.86459669470787 ], [ 410730.717143669957295, 5477582.860695173032582 ], [ 410730.726238803646993, 5477582.856950943358243 ], [ 410730.735397552198265, 5477582.853365132585168 ], [ 410730.744617156509776, 5477582.849938821047544 ], [ 410730.753894839202985, 5477582.846673040650785 ], [ 410730.763227805204224, 5477582.843568775802851 ], [ 410730.77261324308347, 5477582.840626961551607 ], [ 410730.782048325345386, 5477582.837848484516144 ], [ 410730.791530209651683, 5477582.835234180092812 ], [ 410730.801056039577816, 5477582.832784838043153 ], [ 410730.810622945486102, 5477582.830501195043325 ], [ 410730.820228045224212, 5477582.828383938409388 ], [ 410730.829868445289321, 5477582.826433707028627 ], [ 410730.839541241410188, 5477582.824651088565588 ], [ 410730.849243519711308, 5477582.823036619462073 ], [ 410730.858972357294988, 5477582.821590785868466 ], [ 410730.868724823347293, 5477582.820314023643732 ], [ 410730.878497979836538, 5477582.819206718355417 ], [ 410730.888288882677443, 5477582.818269201554358 ], [ 410730.898094582254998, 5477582.817501758225262 ], [ 410730.90791212458862, 5477582.816904616542161 ], [ 410730.917738552147057, 5477582.816477959044278 ], [ 410730.927570904605091, 5477582.816221913322806 ], [ 410730.937406220007688, 5477582.816136555746198 ], [ 410730.947241535410285, 5477582.816221913322806 ], [ 410730.957073887868319, 5477582.816477959044278 ], [ 410730.966900315426756, 5477582.816904616542161 ], [ 410730.976717857760377, 5477582.817501758225262 ], [ 410730.986523557337932, 5477582.818269201554358 ], [ 410730.996314460178837, 5477582.819206718355417 ], [ 410731.006087616668083, 5477582.820314023643732 ], [ 410731.015840082720388, 5477582.821590785868466 ], [ 410731.025568920304067, 5477582.823036619462073 ], [ 410731.035271198605187, 5477582.824651088565588 ], [ 410731.044943994726054, 5477582.826433707028627 ], [ 410731.054584394791164, 5477582.828383938409388 ], [ 410731.064189494529273, 5477582.830501195043325 ], [ 410731.07375640043756, 5477582.832784838043153 ], [ 410731.083282230363693, 5477582.835234180092812 ], [ 410731.09276411466999, 5477582.837848484516144 ], [ 410731.102199196931906, 5477582.840626961551607 ], [ 410731.111584634811152, 5477582.843568775802851 ], [ 410731.12091760081239, 5477582.846673040650785 ], [ 410731.1301952835056, 5477582.849938821047544 ], [ 410731.139414887817111, 5477582.853365132585168 ], [ 410731.148573636368383, 5477582.856950943358243 ], [ 410731.157668770058081, 5477582.860695173032582 ], [ 410731.16669754893519, 5477582.86459669470787 ], [ 410731.175657253130339, 5477582.868654331192374 ], [ 410731.184545183379669, 5477582.872866861522198 ], [ 410731.193358662188984, 5477582.877233016304672 ], [ 410731.202095034532249, 5477582.881751479580998 ], [ 410731.210751668550074, 5477582.886420890688896 ], [ 410731.219325956364628, 5477582.891239843331277 ], [ 410731.22781531495275, 5477582.896206885576248 ], [ 410731.236217186844442, 5477582.901320520788431 ], [ 410731.244529040937778, 5477582.906579208560288 ], [ 410731.252748373372015, 5477582.911981363780797 ], [ 410731.26087270793505, 5477582.917525361292064 ], [ 410731.268899597169366, 5477582.92320952937007 ], [ 410731.276826622954104, 5477582.929032155312598 ], [ 410731.284651397261769, 5477582.934991486370564 ], [ 410731.292371562798508, 5477582.94108572602272 ], [ 410731.299984793935437, 5477582.947313038632274 ], [ 410731.307488797116093, 5477582.953671548515558 ], [ 410731.31488131172955, 5477582.960159340873361 ], [ 410731.322160110692494, 5477582.966774459928274 ], [ 410731.329323001380544, 5477582.973514913581312 ], [ 410731.336367825861089, 5477582.980378670617938 ], [ 410731.343292461882811, 5477582.987363663502038 ], [ 410731.350094823341351, 5477582.994467788375914 ], [ 410731.356772861036006, 5477583.001688905060291 ], [ 410731.363324563193601, 5477583.009024838916957 ], [ 410731.36974795605056, 5477583.016473378054798 ], [ 410731.376041104609612, 5477583.024032279849052 ], [ 410731.382202112989035, 5477583.031699267216027 ], [ 410731.38822912517935, 5477583.039472029544413 ], [ 410731.394120325508993, 5477583.047348226420581 ], [ 410731.399873939226381, 5477583.055325483903289 ], [ 410731.405488233081996, 5477583.063401400111616 ], [ 410731.410961515677627, 5477583.071573541499674 ], [ 410731.416292138281278, 5477583.079839445650578 ], [ 410731.421478494943585, 5477583.088196623139083 ], [ 410731.426519023254514, 5477583.096642556600273 ], [ 410731.431412204809021, 5477583.105174701660872 ], [ 410731.436156565439887, 5477583.113790486939251 ], [ 410731.440750675916206, 5477583.122487316839397 ], [ 410731.445193152234424, 5477583.131262573413551 ], [ 410731.449482656142209, 5477583.140113610774279 ], [ 410731.453617895371281, 5477583.149037764407694 ], [ 410731.457597624161281, 5477583.158032344654202 ], [ 410731.461420643609017, 5477583.167094642296433 ], [ 410731.465085802075919, 5477583.176221926696599 ], [ 410731.46859199530445, 5477583.18541144952178 ], [ 410731.471938167174812, 5477583.194660441018641 ], [ 410731.475123309530318, 5477583.203966115601361 ], [ 410731.478146462934092, 5477583.21332566998899 ], [ 410731.481006716552656, 5477583.222736285068095 ], [ 410731.483703208796214, 5477583.232195124030113 ], [ 410731.486235127260443, 5477583.241699339821935 ], [ 410731.488601709308568, 5477583.251246066763997 ], [ 410731.490802241954952, 5477583.260832430794835 ], [ 410731.492836062214337, 5477583.270455542951822 ], [ 410731.494702557509299, 5477583.280112504959106 ], [ 410731.496401165437419, 5477583.289800406433642 ], [ 410731.497931374353357, 5477583.299516330473125 ], [ 410731.499292723252438, 5477583.309257348999381 ], [ 410731.500484802061692, 5477583.3190205283463 ], [ 410731.50150725163985, 5477583.328802926465869 ], [ 410731.502359763951972, 5477583.338601596653461 ], [ 410731.503042082185857, 5477583.348413586616516 ], [ 410731.503554000810254, 5477583.358235941268504 ], [ 410731.50389536563307, 5477583.368065701797605 ], [ 410731.504066073684953, 5477583.377899905666709 ], [ 410731.504066073684953, 5477583.387735592201352 ], [ 410731.50389536563307, 5477583.397569796070457 ], [ 410731.503554000810254, 5477583.407399556599557 ], [ 410731.503042082185857, 5477583.417221911251545 ], [ 410731.502359763951972, 5477583.4270339012146 ], [ 410731.50150725163985, 5477583.436832571402192 ], [ 410731.500484802061692, 5477583.446614969521761 ], [ 410731.499292723252438, 5477583.45637814886868 ], [ 410731.497931374353357, 5477583.466119167394936 ], [ 410731.496401165437419, 5477583.475835091434419 ], [ 410731.494702557509299, 5477583.485522992908955 ], [ 410731.492836062214337, 5477583.495179954916239 ], [ 410731.490802241954952, 5477583.504803067073226 ], [ 410731.488601709308568, 5477583.514389431104064 ], [ 410731.486235127260443, 5477583.523936158046126 ], [ 410731.483703208796214, 5477583.533440373837948 ], [ 410731.481006716552656, 5477583.542899212799966 ], [ 410731.478146462934092, 5477583.552309827879071 ], [ 410731.475123309530318, 5477583.5616693822667 ], [ 410731.471938167174812, 5477583.57097505684942 ], [ 410731.46859199530445, 5477583.580224048346281 ], [ 410731.465085802075919, 5477583.589413571171463 ], [ 410731.461420643609017, 5477583.598540855571628 ], [ 410731.457597624161281, 5477583.607603153213859 ], [ 410731.453617895371281, 5477583.616597733460367 ], [ 410731.449482656142209, 5477583.625521887093782 ], [ 410731.445193152234424, 5477583.63437292445451 ], [ 410731.440750675916206, 5477583.643148181028664 ], [ 410731.436156565439887, 5477583.65184501092881 ], [ 410731.431412204809021, 5477583.66046079620719 ], [ 410731.426519023254514, 5477583.668992941267788 ], [ 410731.421478494943585, 5477583.677438874728978 ], [ 410731.416292138281278, 5477583.685796052217484 ], [ 410731.410961515677627, 5477583.694061956368387 ], [ 410731.405488233081996, 5477583.702234097756445 ], [ 410731.399873939226381, 5477583.710310013964772 ], [ 410731.394120325508993, 5477583.71828727144748 ], [ 410731.38822912517935, 5477583.726163468323648 ], [ 410731.382202112989035, 5477583.733936230652034 ], [ 410731.376041104609612, 5477583.741603218019009 ], [ 410731.36974795605056, 5477583.749162119813263 ], [ 410731.363324563193601, 5477583.756610658951104 ], [ 410731.356772861036006, 5477583.76394659280777 ], [ 410731.350094823341351, 5477583.771167709492147 ], [ 410731.343292461882811, 5477583.778271834366024 ], [ 410731.336367825861089, 5477583.785256827250123 ], [ 410731.329323001380544, 5477583.792120584286749 ], [ 410731.322160110692494, 5477583.798861037939787 ], [ 410731.31488131172955, 5477583.8054761569947 ], [ 410731.307488797116093, 5477583.811963949352503 ], [ 410731.299984793935437, 5477583.818322459235787 ], [ 410731.292371562798508, 5477583.824549771845341 ], [ 410731.284651397261769, 5477583.830644011497498 ], [ 410731.276826622954104, 5477583.836603342555463 ], [ 410731.268899597169366, 5477583.842425968497992 ], [ 410731.26087270793505, 5477583.848110136575997 ], [ 410731.252748373372015, 5477583.853654134087265 ], [ 410731.244529040937778, 5477583.859056289307773 ], [ 410731.236217186844442, 5477583.86431497707963 ], [ 410731.22781531495275, 5477583.869428612291813 ], [ 410731.219325956364628, 5477583.874395654536784 ], [ 410731.210751668550074, 5477583.879214607179165 ], [ 410731.202095034532249, 5477583.883884018287063 ], [ 410731.193358662188984, 5477583.888402481563389 ], [ 410731.184545183379669, 5477583.892768636345863 ], [ 410731.175657253130339, 5477583.896981166675687 ], [ 410731.16669754893519, 5477583.901038803160191 ], [ 410731.157668770058081, 5477583.904940324835479 ], [ 410731.148573636368383, 5477583.908684554509819 ], [ 410731.139414887817111, 5477583.912270365282893 ], [ 410731.1301952835056, 5477583.915696676820517 ], [ 410731.12091760081239, 5477583.918962457217276 ], [ 410731.111584634811152, 5477583.92206672206521 ], [ 410731.102199196931906, 5477583.925008536316454 ], [ 410731.09276411466999, 5477583.927787013351917 ], [ 410731.083282230363693, 5477583.930401317775249 ], [ 410731.07375640043756, 5477583.932850659824908 ], [ 410731.064189494529273, 5477583.935134302824736 ], [ 410731.054584394791164, 5477583.937251559458673 ], [ 410731.044943994726054, 5477583.939201790839434 ], [ 410731.035271198605187, 5477583.940984409302473 ], [ 410731.025568920304067, 5477583.942598878405988 ], [ 410731.015840082720388, 5477583.944044711999595 ], [ 410731.006087616668083, 5477583.945321474224329 ], [ 410730.996314460178837, 5477583.946428779512644 ], [ 410730.986523557337932, 5477583.947366296313703 ], [ 410730.976717857760377, 5477583.948133739642799 ], [ 410730.966900315426756, 5477583.948730881325901 ] ] ], [ [ [ 410709.665320700732991, 5477553.219754314050078 ], [ 410709.692666529561393, 5477553.127436342649162 ], [ 410709.721619364223443, 5477553.035609683021903 ], [ 410709.752170385443605, 5477552.944302304647863 ], [ 410709.784310286981054, 5477552.853542022407055 ], [ 410709.818029278889298, 5477552.763356482610106 ], [ 410709.853317089844495, 5477552.673773155547678 ], [ 410709.890162970987149, 5477552.584819328971207 ], [ 410709.928555698657874, 5477552.496522100642323 ], [ 410709.968483578006271, 5477552.40890836622566 ], [ 410710.009934446716215, 5477552.322004812769592 ], [ 410710.052895678323694, 5477552.23583791218698 ], [ 410710.097354186524171, 5477552.150433912873268 ], [ 410710.143296428781468, 5477552.06581882853061 ], [ 410710.190708410693333, 5477551.98201843444258 ], [ 410710.239575690065976, 5477551.899058256298304 ], [ 410710.289883381396066, 5477551.816963565535843 ], [ 410710.341616160585545, 5477551.735759368166327 ], [ 410710.394758269248996, 5477551.655470400117338 ], [ 410710.449293519835919, 5477551.576121117919683 ], [ 410710.505205300345551, 5477551.497735692188144 ], [ 410710.562476579565555, 5477551.420338001102209 ], [ 410710.62108991201967, 5477551.343951618298888 ], [ 410710.681027443555649, 5477551.26859981380403 ], [ 410710.742270916700363, 5477551.194305540062487 ], [ 410710.804801675956696, 5477551.121091428212821 ], [ 410710.86860067397356, 5477551.048979778774083 ], [ 410710.933648476842791, 5477550.977992558851838 ], [ 410710.99992527050199, 5477550.908151390962303 ], [ 410711.067410866264254, 5477550.839477549307048 ], [ 410711.136084707512055, 5477550.771991953253746 ], [ 410711.20592587540159, 5477550.705715159885585 ], [ 410711.276913095673081, 5477550.640667357482016 ], [ 410711.349024744995404, 5477550.576868358999491 ], [ 410711.422238857368939, 5477550.514337600208819 ], [ 410711.496533131052274, 5477550.453094126656651 ], [ 410711.571884935430717, 5477550.393156595528126 ], [ 410711.648271317477338, 5477550.334543262608349 ], [ 410711.725669009203557, 5477550.277271983213723 ], [ 410711.804054434585851, 5477550.221360202878714 ], [ 410711.883403716550674, 5477550.166824952699244 ], [ 410711.963692684599664, 5477550.113682843744755 ], [ 410712.04489688196918, 5477550.061950064264238 ], [ 410712.126991572964471, 5477550.011642373166978 ], [ 410712.209951750875916, 5477549.962775093503296 ], [ 410712.293752145138569, 5477549.915363111533225 ], [ 410712.37836722942302, 5477549.869420869275928 ], [ 410712.46377122902777, 5477549.824962361715734 ], [ 410712.549938129202928, 5477549.782001129351556 ], [ 410712.636841682600789, 5477549.740550260990858 ], [ 410712.724455417599529, 5477549.700622381642461 ], [ 410712.812752646161243, 5477549.662229654379189 ], [ 410712.90170647209743, 5477549.62538377288729 ], [ 410712.991289799218066, 5477549.590095961466432 ], [ 410713.081475339597091, 5477549.556376970373094 ], [ 410713.172235621837899, 5477549.524237068369985 ], [ 410713.263542999513447, 5477549.493686047382653 ], [ 410713.355369659431744, 5477549.464733212254941 ], [ 410713.447687630308792, 5477549.437387383542955 ], [ 410713.540468791266903, 5477549.4116568909958 ], [ 410713.633684880274814, 5477549.387549570761621 ], [ 410713.727307502704207, 5477549.365072768181562 ], [ 410713.821308140293695, 5477549.344233328476548 ], [ 410713.915658159472514, 5477549.325037599541247 ], [ 410714.010328820324503, 5477549.307491430081427 ], [ 410714.105291285319254, 5477549.291600163094699 ], [ 410714.200516627868637, 5477549.277368640527129 ], [ 410714.295975841465406, 5477549.264801196753979 ], [ 410714.391639848297928, 5477549.25390165951103 ], [ 410714.487479508214165, 5477549.244673349894583 ], [ 410714.583465627452824, 5477549.237119078636169 ], [ 410714.679568967781961, 5477549.231241146102548 ], [ 410714.775760255171917, 5477549.227041344158351 ], [ 410714.86489963013446, 5477549.224707147106528 ], [ 410711.031771016248967, 5477548.524113430641592 ], [ 410711.01797862717649, 5477548.536560936830938 ], [ 410710.620907993987203, 5477548.79429423250258 ], [ 410710.163292010547593, 5477548.915451779030263 ], [ 410709.690707508008927, 5477548.887966740876436 ], [ 410709.250222125730943, 5477548.71457652375102 ], [ 410708.885706551605836, 5477548.412550141103566 ], [ 410705.932685721549205, 5477545.048474995419383 ], [ 410703.802886042103637, 5477547.046657840721309 ], [ 410705.396896044549067, 5477548.737725798040628 ], [ 410705.410867151804268, 5477548.74031518958509 ], [ 410705.425379268126562, 5477548.743267712183297 ], [ 410705.439837645506486, 5477548.746473058126867 ], [ 410705.454237879836001, 5477548.749930248595774 ], [ 410705.468575584643986, 5477548.753638230264187 ], [ 410705.482846392551437, 5477548.75759587623179 ], [ 410705.497045956493821, 5477548.761801978573203 ], [ 410705.511169951176271, 5477548.766255256719887 ], [ 410705.525214074237738, 5477548.770954354666173 ], [ 410705.539174047822598, 5477548.775897840969265 ], [ 410705.553045619453769, 5477548.781084208749235 ], [ 410705.566824563778937, 5477548.78651187941432 ], [ 410705.580506683618296, 5477548.792179198935628 ], [ 410705.59408781118691, 5477548.798084441572428 ], [ 410705.607563809666317, 5477548.804225807078183 ], [ 410705.62093057401944, 5477548.810601427219808 ], [ 410705.634184032620396, 5477548.817209357395768 ], [ 410705.647320148418657, 5477548.824047586880624 ], [ 410705.660334919928573, 5477548.831114031374454 ], [ 410705.673224382800981, 5477548.838406538590789 ], [ 410705.685984610754531, 5477548.845922887325287 ], [ 410705.698611716856249, 5477548.853660787455738 ], [ 410705.711101854802109, 5477548.861617882736027 ], [ 410705.723451219964772, 5477548.869791749864817 ], [ 410705.735656050674152, 5477548.878179897554219 ], [ 410705.747712629148737, 5477548.886779771186411 ], [ 410705.75961728283437, 5477548.895588751882315 ], [ 410705.771366385451984, 5477548.904604154638946 ], [ 410705.782956358161755, 5477548.913823235780001 ], [ 410705.794383670552634, 5477548.923243184573948 ], [ 410705.805644841690082, 5477548.932861133478582 ], [ 410705.816736441338435, 5477548.942674152553082 ], [ 410705.827655090950429, 5477548.95267925132066 ], [ 410705.838397464482114, 5477548.962873383425176 ], [ 410705.848960289789829, 5477548.973253442905843 ], [ 410705.859340349328704, 5477548.983816267922521 ], [ 410705.86953448120039, 5477548.994558641687036 ], [ 410705.879539580142591, 5477549.005477290600538 ], [ 410705.889352598576806, 5477549.01656889077276 ], [ 410705.898970547365025, 5477549.027830061502755 ], [ 410705.908390496741049, 5477549.039257374592125 ], [ 410705.917609577300027, 5477549.050847346894443 ], [ 410705.926624980871566, 5477549.062596449628472 ], [ 410705.935433961218223, 5477549.074501103721559 ], [ 410705.944033835025039, 5477549.086557681672275 ], [ 410705.952421982772648, 5477549.098762512207031 ], [ 410705.960595849261153, 5477549.11111187748611 ], [ 410705.968552944716066, 5477549.123602015897632 ], [ 410705.976290845312178, 5477549.136229122057557 ], [ 410705.983807193988468, 5477549.148989349603653 ], [ 410705.991099701204803, 5477549.161878812126815 ], [ 410705.998166145582218, 5477549.174893584102392 ], [ 410706.005004374601413, 5477549.188029699958861 ], [ 410706.011612305301242, 5477549.201283158734441 ], [ 410706.01798792486079, 5477549.214649923145771 ], [ 410706.024129291181453, 5477549.228125921450555 ], [ 410706.030034533527214, 5477549.241707048378885 ], [ 410706.03570185310673, 5477549.255389168858528 ], [ 410706.0411295236554, 5477549.269168113358319 ], [ 410706.046315891784616, 5477549.283039684407413 ], [ 410706.051259377680253, 5477549.296999658457935 ], [ 410706.055958475510124, 5477549.311043781228364 ], [ 410706.060411753947847, 5477549.325167776085436 ], [ 410706.064617856405675, 5477549.339367339387536 ], [ 410706.068575501674786, 5477549.353638147935271 ], [ 410706.072283484274521, 5477549.367975852452219 ], [ 410706.075740674685221, 5477549.382376086898148 ], [ 410706.078946019755676, 5477549.396834464743733 ], [ 410706.081898543168791, 5477549.411346580833197 ], [ 410706.084597345557995, 5477549.425908015109599 ], [ 410706.087041604856495, 5477549.440514332614839 ], [ 410706.089230576471891, 5477549.455161083489656 ], [ 410706.091163593635429, 5477549.469843806698918 ], [ 410706.091736807720736, 5477549.474874841980636 ], [ 410709.65540014085127, 5477553.255526697263122 ], [ 410709.665320700732991, 5477553.219754314050078 ] ] ], [ [ [ 410735.280616011994425, 5477596.215303928591311 ], [ 410735.793747954478022, 5477596.731436626054347 ], [ 410736.071489610185381, 5477597.117877339012921 ], [ 410736.214201779745053, 5477597.571870828978717 ], [ 410736.207519572926685, 5477598.04771975427866 ], [ 410736.052115596423391, 5477598.497526886872947 ], [ 410735.763632251939271, 5477598.876016268506646 ], [ 410733.177649067016318, 5477601.335000279359519 ], [ 410724.152218943927437, 5477609.917816616594791 ], [ 410724.113014715723693, 5477610.023913059383631 ], [ 410723.205443032609764, 5477612.478988161310554 ], [ 410724.846332378161605, 5477614.218378995545208 ], [ 410743.330898951855488, 5477596.651835927739739 ], [ 410738.395986309333239, 5477591.478855749592185 ], [ 410738.394979078904726, 5477591.48043298907578 ], [ 410738.36311996774748, 5477591.44694634154439 ], [ 410734.225093585380819, 5477595.153873726725578 ], [ 410735.280616011994425, 5477596.215303928591311 ] ], [ [ 410737.20027882111026, 5477598.111230607144535 ], [ 410737.299846037931275, 5477597.546557822264731 ], [ 410737.834818756964523, 5477596.810230941511691 ], [ 410738.564579177822452, 5477596.485320619307458 ], [ 410739.250682279060129, 5477596.509279861114919 ], [ 410739.912508295790758, 5477596.846497057937086 ], [ 410740.309010754397605, 5477597.336136690340936 ], [ 410740.486196031619329, 5477597.88145689945668 ], [ 410740.402696357632522, 5477598.67590322997421 ], [ 410740.186951907526236, 5477599.081659528426826 ], [ 410739.67676723637851, 5477599.541032019071281 ], [ 410739.0238467832678, 5477599.753178582526743 ], [ 410738.232798505283426, 5477599.64200400095433 ], [ 410737.928047932509799, 5477599.479965244419873 ], [ 410737.45115024066763, 5477598.986123227514327 ], [ 410737.236356963578146, 5477598.45449121017009 ], [ 410737.20027882111026, 5477598.111230607144535 ] ], [ [ 410734.377900315390434, 5477604.079730882309377 ], [ 410734.368073887831997, 5477604.08015753980726 ], [ 410734.358241535373963, 5477604.080413585528731 ], [ 410734.348406219971366, 5477604.08049894310534 ], [ 410734.338570904568769, 5477604.080413585528731 ], [ 410734.328738552110735, 5477604.08015753980726 ], [ 410734.318912124552298, 5477604.079730882309377 ], [ 410734.309094582218677, 5477604.079133740626276 ], [ 410734.299288882641122, 5477604.07836629729718 ], [ 410734.289497979800217, 5477604.07742878049612 ], [ 410734.279724823310971, 5477604.076321475207806 ], [ 410734.269972357258666, 5477604.075044712983072 ], [ 410734.260243519674987, 5477604.073598879389465 ], [ 410734.250541241373867, 5477604.07198441028595 ], [ 410734.240868445253, 5477604.07020179182291 ], [ 410734.231228045187891, 5477604.06825156044215 ], [ 410734.221622945449781, 5477604.066134303808212 ], [ 410734.212056039541494, 5477604.063850660808384 ], [ 410734.202530209615361, 5477604.061401318758726 ], [ 410734.193048325309064, 5477604.058787014335394 ], [ 410734.183613243047148, 5477604.056008537299931 ], [ 410734.174227805167902, 5477604.053066723048687 ], [ 410734.164894839166664, 5477604.049962458200753 ], [ 410734.155617156473454, 5477604.046696677803993 ], [ 410734.146397552161943, 5477604.04327036626637 ], [ 410734.137238803610671, 5477604.039684555493295 ], [ 410734.128143669920973, 5477604.035940325818956 ], [ 410734.119114891043864, 5477604.032038804143667 ], [ 410734.110155186848715, 5477604.027981167659163 ], [ 410734.101267256599385, 5477604.02376863732934 ], [ 410734.09245377779007, 5477604.019402482546866 ], [ 410734.083717405446805, 5477604.014884019270539 ], [ 410734.07506077142898, 5477604.010214608162642 ], [ 410734.066486483614426, 5477604.00539565552026 ], [ 410734.057997125026304, 5477604.00042861327529 ], [ 410734.049595253134612, 5477603.995314978063107 ], [ 410734.041283399041276, 5477603.99005629029125 ], [ 410734.033064066607039, 5477603.984654135070741 ], [ 410734.024939732044004, 5477603.979110137559474 ], [ 410734.016912842809688, 5477603.973425969481468 ], [ 410734.00898581702495, 5477603.96760334353894 ], [ 410734.001161042717285, 5477603.961644012480974 ], [ 410733.993440877180547, 5477603.955549772828817 ], [ 410733.985827646043617, 5477603.949322460219264 ], [ 410733.978323642862961, 5477603.942963950335979 ], [ 410733.970931128249504, 5477603.936476157978177 ], [ 410733.96365232928656, 5477603.929861038923264 ], [ 410733.95648943859851, 5477603.923120585270226 ], [ 410733.949444614117965, 5477603.9162568282336 ], [ 410733.942519978096243, 5477603.9092718353495 ], [ 410733.935717616637703, 5477603.902167710475624 ], [ 410733.929039578943048, 5477603.894946593791246 ], [ 410733.922487876785453, 5477603.88761065993458 ], [ 410733.916064483928494, 5477603.88016212079674 ], [ 410733.909771335369442, 5477603.872603219002485 ], [ 410733.90361032699002, 5477603.864936231635511 ], [ 410733.897583314799704, 5477603.857163469307125 ], [ 410733.891692114470061, 5477603.849287272430956 ], [ 410733.885938500752673, 5477603.841310014948249 ], [ 410733.880324206897058, 5477603.833234098739922 ], [ 410733.874850924301427, 5477603.825061957351863 ], [ 410733.869520301697776, 5477603.81679605320096 ], [ 410733.864333945035469, 5477603.808438875712454 ], [ 410733.85929341672454, 5477603.799992942251265 ], [ 410733.854400235170033, 5477603.791460797190666 ], [ 410733.849655874539167, 5477603.782845011912286 ], [ 410733.845061764062848, 5477603.774148182012141 ], [ 410733.84061928774463, 5477603.765372925437987 ], [ 410733.836329783836845, 5477603.756521888077259 ], [ 410733.832194544607773, 5477603.747597734443843 ], [ 410733.828214815817773, 5477603.738603154197335 ], [ 410733.824391796370037, 5477603.729540856555104 ], [ 410733.820726637903135, 5477603.720413572154939 ], [ 410733.817220444674604, 5477603.711224049329758 ], [ 410733.813874272804242, 5477603.701975057832897 ], [ 410733.810689130448736, 5477603.692669383250177 ], [ 410733.807665977044962, 5477603.683309828862548 ], [ 410733.804805723426398, 5477603.673899213783443 ], [ 410733.80210923118284, 5477603.664440374821424 ], [ 410733.799577312718611, 5477603.654936159029603 ], [ 410733.797210730670486, 5477603.645389432087541 ], [ 410733.795010198024102, 5477603.635803068056703 ], [ 410733.792976377764717, 5477603.626179955899715 ], [ 410733.791109882469755, 5477603.616522993892431 ], [ 410733.789411274541635, 5477603.606835092417896 ], [ 410733.787881065625697, 5477603.597119168378413 ], [ 410733.786519716726616, 5477603.587378149852157 ], [ 410733.785327637917362, 5477603.577614970505238 ], [ 410733.784305188339204, 5477603.567832572385669 ], [ 410733.783452676027082, 5477603.558033902198076 ], [ 410733.782770357793197, 5477603.548221912235022 ], [ 410733.7822584391688, 5477603.538399557583034 ], [ 410733.781917074345984, 5477603.528569797053933 ], [ 410733.781746366294101, 5477603.518735593184829 ], [ 410733.781746366294101, 5477603.508899906650186 ], [ 410733.781917074345984, 5477603.499065702781081 ], [ 410733.7822584391688, 5477603.48923594225198 ], [ 410733.782770357793197, 5477603.479413587599993 ], [ 410733.783452676027082, 5477603.469601597636938 ], [ 410733.784305188339204, 5477603.459802927449346 ], [ 410733.785327637917362, 5477603.450020529329777 ], [ 410733.786519716726616, 5477603.440257349982858 ], [ 410733.787881065625697, 5477603.430516331456602 ], [ 410733.789411274541635, 5477603.420800407417119 ], [ 410733.791109882469755, 5477603.411112505942583 ], [ 410733.792976377764717, 5477603.401455543935299 ], [ 410733.795010198024102, 5477603.391832431778312 ], [ 410733.797210730670486, 5477603.382246067747474 ], [ 410733.799577312718611, 5477603.372699340805411 ], [ 410733.80210923118284, 5477603.36319512501359 ], [ 410733.804805723426398, 5477603.353736286051571 ], [ 410733.807665977044962, 5477603.344325670972466 ], [ 410733.810689130448736, 5477603.334966116584837 ], [ 410733.813874272804242, 5477603.325660442002118 ], [ 410733.817220444674604, 5477603.316411450505257 ], [ 410733.820726637903135, 5477603.307221927680075 ], [ 410733.824391796370037, 5477603.29809464327991 ], [ 410733.828214815817773, 5477603.289032345637679 ], [ 410733.832194544607773, 5477603.280037765391171 ], [ 410733.836329783836845, 5477603.271113611757755 ], [ 410733.84061928774463, 5477603.262262574397027 ], [ 410733.845061764062848, 5477603.253487317822874 ], [ 410733.849655874539167, 5477603.244790487922728 ], [ 410733.854400235170033, 5477603.236174702644348 ], [ 410733.85929341672454, 5477603.227642557583749 ], [ 410733.864333945035469, 5477603.21919662412256 ], [ 410733.869520301697776, 5477603.210839446634054 ], [ 410733.874850924301427, 5477603.202573542483151 ], [ 410733.880324206897058, 5477603.194401401095092 ], [ 410733.885938500752673, 5477603.186325484886765 ], [ 410733.891692114470061, 5477603.178348227404058 ], [ 410733.897583314799704, 5477603.17047203052789 ], [ 410733.90361032699002, 5477603.162699268199503 ], [ 410733.909771335369442, 5477603.155032280832529 ], [ 410733.916064483928494, 5477603.147473379038274 ], [ 410733.922487876785453, 5477603.140024839900434 ], [ 410733.929039578943048, 5477603.132688906043768 ], [ 410733.935717616637703, 5477603.125467789359391 ], [ 410733.942519978096243, 5477603.118363664485514 ], [ 410733.949444614117965, 5477603.111378671601415 ], [ 410733.95648943859851, 5477603.104514914564788 ], [ 410733.96365232928656, 5477603.097774460911751 ], [ 410733.970931128249504, 5477603.091159341856837 ], [ 410733.978323642862961, 5477603.084671549499035 ], [ 410733.985827646043617, 5477603.07831303961575 ], [ 410733.993440877180547, 5477603.072085727006197 ], [ 410734.001161042717285, 5477603.06599148735404 ], [ 410734.00898581702495, 5477603.060032156296074 ], [ 410734.016912842809688, 5477603.054209530353546 ], [ 410734.024939732044004, 5477603.048525362275541 ], [ 410734.033064066607039, 5477603.042981364764273 ], [ 410734.041283399041276, 5477603.037579209543765 ], [ 410734.049595253134612, 5477603.032320521771908 ], [ 410734.057997125026304, 5477603.027206886559725 ], [ 410734.066486483614426, 5477603.022239844314754 ], [ 410734.07506077142898, 5477603.017420891672373 ], [ 410734.083717405446805, 5477603.012751480564475 ], [ 410734.09245377779007, 5477603.008233017288148 ], [ 410734.101267256599385, 5477603.003866862505674 ], [ 410734.110155186848715, 5477602.999654332175851 ], [ 410734.119114891043864, 5477602.995596695691347 ], [ 410734.128143669920973, 5477602.991695174016058 ], [ 410734.137238803610671, 5477602.987950944341719 ], [ 410734.146397552161943, 5477602.984365133568645 ], [ 410734.155617156473454, 5477602.980938822031021 ], [ 410734.164894839166664, 5477602.977673041634262 ], [ 410734.174227805167902, 5477602.974568776786327 ], [ 410734.183613243047148, 5477602.971626962535083 ], [ 410734.193048325309064, 5477602.96884848549962 ], [ 410734.202530209615361, 5477602.966234181076288 ], [ 410734.212056039541494, 5477602.96378483902663 ], [ 410734.221622945449781, 5477602.961501196026802 ], [ 410734.231228045187891, 5477602.959383939392865 ], [ 410734.240868445253, 5477602.957433708012104 ], [ 410734.250541241373867, 5477602.955651089549065 ], [ 410734.260243519674987, 5477602.954036620445549 ], [ 410734.269972357258666, 5477602.952590786851943 ], [ 410734.279724823310971, 5477602.951314024627209 ], [ 410734.289497979800217, 5477602.950206719338894 ], [ 410734.299288882641122, 5477602.949269202537835 ], [ 410734.309094582218677, 5477602.948501759208739 ], [ 410734.318912124552298, 5477602.947904617525637 ], [ 410734.328738552110735, 5477602.947477960027754 ], [ 410734.338570904568769, 5477602.947221914306283 ], [ 410734.348406219971366, 5477602.947136556729674 ], [ 410734.358241535373963, 5477602.947221914306283 ], [ 410734.368073887831997, 5477602.947477960027754 ], [ 410734.377900315390434, 5477602.947904617525637 ], [ 410734.387717857724056, 5477602.948501759208739 ], [ 410734.397523557301611, 5477602.949269202537835 ], [ 410734.407314460142516, 5477602.950206719338894 ], [ 410734.417087616631761, 5477602.951314024627209 ], [ 410734.426840082684066, 5477602.952590786851943 ], [ 410734.436568920267746, 5477602.954036620445549 ], [ 410734.446271198568866, 5477602.955651089549065 ], [ 410734.455943994689733, 5477602.957433708012104 ], [ 410734.465584394754842, 5477602.959383939392865 ], [ 410734.475189494492952, 5477602.961501196026802 ], [ 410734.484756400401238, 5477602.96378483902663 ], [ 410734.494282230327372, 5477602.966234181076288 ], [ 410734.503764114633668, 5477602.96884848549962 ], [ 410734.513199196895584, 5477602.971626962535083 ], [ 410734.52258463477483, 5477602.974568776786327 ], [ 410734.531917600776069, 5477602.977673041634262 ], [ 410734.541195283469278, 5477602.980938822031021 ], [ 410734.550414887780789, 5477602.984365133568645 ], [ 410734.559573636332061, 5477602.987950944341719 ], [ 410734.568668770021759, 5477602.991695174016058 ], [ 410734.577697548898868, 5477602.995596695691347 ], [ 410734.586657253094018, 5477602.999654332175851 ], [ 410734.595545183343347, 5477603.003866862505674 ], [ 410734.604358662152663, 5477603.008233017288148 ], [ 410734.613095034495927, 5477603.012751480564475 ], [ 410734.621751668513753, 5477603.017420891672373 ], [ 410734.630325956328306, 5477603.022239844314754 ], [ 410734.638815314916428, 5477603.027206886559725 ], [ 410734.64721718680812, 5477603.032320521771908 ], [ 410734.655529040901456, 5477603.037579209543765 ], [ 410734.663748373335693, 5477603.042981364764273 ], [ 410734.671872707898729, 5477603.048525362275541 ], [ 410734.679899597133044, 5477603.054209530353546 ], [ 410734.687826622917783, 5477603.060032156296074 ], [ 410734.695651397225447, 5477603.06599148735404 ], [ 410734.703371562762186, 5477603.072085727006197 ], [ 410734.710984793899115, 5477603.07831303961575 ], [ 410734.718488797079772, 5477603.084671549499035 ], [ 410734.725881311693229, 5477603.091159341856837 ], [ 410734.733160110656172, 5477603.097774460911751 ], [ 410734.740323001344223, 5477603.104514914564788 ], [ 410734.747367825824767, 5477603.111378671601415 ], [ 410734.754292461846489, 5477603.118363664485514 ], [ 410734.761094823305029, 5477603.125467789359391 ], [ 410734.767772860999685, 5477603.132688906043768 ], [ 410734.774324563157279, 5477603.140024839900434 ], [ 410734.780747956014238, 5477603.147473379038274 ], [ 410734.787041104573291, 5477603.155032280832529 ], [ 410734.793202112952713, 5477603.162699268199503 ], [ 410734.799229125143029, 5477603.17047203052789 ], [ 410734.805120325472672, 5477603.178348227404058 ], [ 410734.81087393919006, 5477603.186325484886765 ], [ 410734.816488233045675, 5477603.194401401095092 ], [ 410734.821961515641306, 5477603.202573542483151 ], [ 410734.827292138244957, 5477603.210839446634054 ], [ 410734.832478494907264, 5477603.21919662412256 ], [ 410734.837519023218192, 5477603.227642557583749 ], [ 410734.8424122047727, 5477603.236174702644348 ], [ 410734.847156565403566, 5477603.244790487922728 ], [ 410734.851750675879885, 5477603.253487317822874 ], [ 410734.856193152198102, 5477603.262262574397027 ], [ 410734.860482656105887, 5477603.271113611757755 ], [ 410734.864617895334959, 5477603.280037765391171 ], [ 410734.868597624124959, 5477603.289032345637679 ], [ 410734.872420643572696, 5477603.29809464327991 ], [ 410734.876085802039597, 5477603.307221927680075 ], [ 410734.879591995268129, 5477603.316411450505257 ], [ 410734.882938167138491, 5477603.325660442002118 ], [ 410734.886123309493996, 5477603.334966116584837 ], [ 410734.88914646289777, 5477603.344325670972466 ], [ 410734.892006716516335, 5477603.353736286051571 ], [ 410734.894703208759893, 5477603.36319512501359 ], [ 410734.897235127224121, 5477603.372699340805411 ], [ 410734.899601709272247, 5477603.382246067747474 ], [ 410734.901802241918631, 5477603.391832431778312 ], [ 410734.903836062178016, 5477603.401455543935299 ], [ 410734.905702557472978, 5477603.411112505942583 ], [ 410734.907401165401097, 5477603.420800407417119 ], [ 410734.908931374317035, 5477603.430516331456602 ], [ 410734.910292723216116, 5477603.440257349982858 ], [ 410734.91148480202537, 5477603.450020529329777 ], [ 410734.912507251603529, 5477603.459802927449346 ], [ 410734.913359763915651, 5477603.469601597636938 ], [ 410734.914042082149535, 5477603.479413587599993 ], [ 410734.914554000773933, 5477603.48923594225198 ], [ 410734.914895365596749, 5477603.499065702781081 ], [ 410734.915066073648632, 5477603.508899906650186 ], [ 410734.915066073648632, 5477603.518735593184829 ], [ 410734.914895365596749, 5477603.528569797053933 ], [ 410734.914554000773933, 5477603.538399557583034 ], [ 410734.914042082149535, 5477603.548221912235022 ], [ 410734.913359763915651, 5477603.558033902198076 ], [ 410734.912507251603529, 5477603.567832572385669 ], [ 410734.91148480202537, 5477603.577614970505238 ], [ 410734.910292723216116, 5477603.587378149852157 ], [ 410734.908931374317035, 5477603.597119168378413 ], [ 410734.907401165401097, 5477603.606835092417896 ], [ 410734.905702557472978, 5477603.616522993892431 ], [ 410734.903836062178016, 5477603.626179955899715 ], [ 410734.901802241918631, 5477603.635803068056703 ], [ 410734.899601709272247, 5477603.645389432087541 ], [ 410734.897235127224121, 5477603.654936159029603 ], [ 410734.894703208759893, 5477603.664440374821424 ], [ 410734.892006716516335, 5477603.673899213783443 ], [ 410734.88914646289777, 5477603.683309828862548 ], [ 410734.886123309493996, 5477603.692669383250177 ], [ 410734.882938167138491, 5477603.701975057832897 ], [ 410734.879591995268129, 5477603.711224049329758 ], [ 410734.876085802039597, 5477603.720413572154939 ], [ 410734.872420643572696, 5477603.729540856555104 ], [ 410734.868597624124959, 5477603.738603154197335 ], [ 410734.864617895334959, 5477603.747597734443843 ], [ 410734.860482656105887, 5477603.756521888077259 ], [ 410734.856193152198102, 5477603.765372925437987 ], [ 410734.851750675879885, 5477603.774148182012141 ], [ 410734.847156565403566, 5477603.782845011912286 ], [ 410734.8424122047727, 5477603.791460797190666 ], [ 410734.837519023218192, 5477603.799992942251265 ], [ 410734.832478494907264, 5477603.808438875712454 ], [ 410734.827292138244957, 5477603.81679605320096 ], [ 410734.821961515641306, 5477603.825061957351863 ], [ 410734.816488233045675, 5477603.833234098739922 ], [ 410734.81087393919006, 5477603.841310014948249 ], [ 410734.805120325472672, 5477603.849287272430956 ], [ 410734.799229125143029, 5477603.857163469307125 ], [ 410734.793202112952713, 5477603.864936231635511 ], [ 410734.787041104573291, 5477603.872603219002485 ], [ 410734.780747956014238, 5477603.88016212079674 ], [ 410734.774324563157279, 5477603.88761065993458 ], [ 410734.767772860999685, 5477603.894946593791246 ], [ 410734.761094823305029, 5477603.902167710475624 ], [ 410734.754292461846489, 5477603.9092718353495 ], [ 410734.747367825824767, 5477603.9162568282336 ], [ 410734.740323001344223, 5477603.923120585270226 ], [ 410734.733160110656172, 5477603.929861038923264 ], [ 410734.725881311693229, 5477603.936476157978177 ], [ 410734.718488797079772, 5477603.942963950335979 ], [ 410734.710984793899115, 5477603.949322460219264 ], [ 410734.703371562762186, 5477603.955549772828817 ], [ 410734.695651397225447, 5477603.961644012480974 ], [ 410734.687826622917783, 5477603.96760334353894 ], [ 410734.679899597133044, 5477603.973425969481468 ], [ 410734.671872707898729, 5477603.979110137559474 ], [ 410734.663748373335693, 5477603.984654135070741 ], [ 410734.655529040901456, 5477603.99005629029125 ], [ 410734.64721718680812, 5477603.995314978063107 ], [ 410734.638815314916428, 5477604.00042861327529 ], [ 410734.630325956328306, 5477604.00539565552026 ], [ 410734.621751668513753, 5477604.010214608162642 ], [ 410734.613095034495927, 5477604.014884019270539 ], [ 410734.604358662152663, 5477604.019402482546866 ], [ 410734.595545183343347, 5477604.02376863732934 ], [ 410734.586657253094018, 5477604.027981167659163 ], [ 410734.577697548898868, 5477604.032038804143667 ], [ 410734.568668770021759, 5477604.035940325818956 ], [ 410734.559573636332061, 5477604.039684555493295 ], [ 410734.550414887780789, 5477604.04327036626637 ], [ 410734.541195283469278, 5477604.046696677803993 ], [ 410734.531917600776069, 5477604.049962458200753 ], [ 410734.52258463477483, 5477604.053066723048687 ], [ 410734.513199196895584, 5477604.056008537299931 ], [ 410734.503764114633668, 5477604.058787014335394 ], [ 410734.494282230327372, 5477604.061401318758726 ], [ 410734.484756400401238, 5477604.063850660808384 ], [ 410734.475189494492952, 5477604.066134303808212 ], [ 410734.465584394754842, 5477604.06825156044215 ], [ 410734.455943994689733, 5477604.07020179182291 ], [ 410734.446271198568866, 5477604.07198441028595 ], [ 410734.436568920267746, 5477604.073598879389465 ], [ 410734.426840082684066, 5477604.075044712983072 ], [ 410734.417087616631761, 5477604.076321475207806 ], [ 410734.407314460142516, 5477604.07742878049612 ], [ 410734.397523557301611, 5477604.07836629729718 ], [ 410734.387717857724056, 5477604.079133740626276 ], [ 410734.377900315390434, 5477604.079730882309377 ] ] ], [ [ [ 410745.398300426080823, 5477598.825738295912743 ], [ 410726.904977317317389, 5477616.400603011250496 ], [ 410729.256769263301976, 5477618.893571452237666 ], [ 410747.544587786658667, 5477601.06879938673228 ], [ 410745.398300426080823, 5477598.825738295912743 ] ] ], [ [ [ 410717.878284425998572, 5477549.888449243269861 ], [ 410717.826251249469351, 5477549.765963271260262 ], [ 410717.015626873122528, 5477549.617802747525275 ], [ 410717.034872427990194, 5477549.62538377288729 ], [ 410717.123826253926381, 5477549.662229654379189 ], [ 410717.212123482488096, 5477549.700622381642461 ], [ 410717.299737217486836, 5477549.740550260990858 ], [ 410717.386640770884696, 5477549.782001129351556 ], [ 410717.472807671059854, 5477549.824962361715734 ], [ 410717.558211670664605, 5477549.869420869275928 ], [ 410717.642826754949056, 5477549.915363111533225 ], [ 410717.726627149211708, 5477549.962775093503296 ], [ 410717.809587327123154, 5477550.011642373166978 ], [ 410717.891682018118445, 5477550.061950064264238 ], [ 410717.972886215487961, 5477550.113682843744755 ], [ 410718.05317518353695, 5477550.166824952699244 ], [ 410718.132524465501774, 5477550.221360202878714 ], [ 410718.210909890884068, 5477550.277271983213723 ], [ 410718.288307582610287, 5477550.334543262608349 ], [ 410718.364693964656908, 5477550.393156595528126 ], [ 410718.393798785167746, 5477550.416307615116239 ], [ 410718.186713486677036, 5477550.242816982790828 ], [ 410717.878284425998572, 5477549.888449243269861 ] ] ] ] } },
{ "type": "Feature", "properties": { "fid": null, "fid_2": null, "Layer": null, "PaperSpace": null, "SubClasses": null, "Linetype": null, "EntityHandle": null, "Text": null, "fid_3": null, "Layer_2": null, "PaperSpace_2": null, "SubClasses_2": null, "Linetype_2": null, "EntityHandle_2": null, "Text_2": null, "fid_4": 6, "fid_5": null }, "geometry": { "type": "MultiPolygon", "coordinates": [ [ [ [ 410746.523556872387417, 5477608.128179673105478 ], [ 410747.000454564229585, 5477608.622021690011024 ], [ 410747.17007854313124, 5477608.712212361395359 ], [ 410746.468844552291557, 5477607.992761928588152 ], [ 410746.523556872387417, 5477608.128179673105478 ] ] ] ] } },
{ "type": "Feature", "properties": { "fid": null, "fid_2": null, "Layer": null, "PaperSpace": null, "SubClasses": null, "Linetype": null, "EntityHandle": null, "Text": null, "fid_3": null, "Layer_2": null, "PaperSpace_2": null, "SubClasses_2": null, "Linetype_2": null, "EntityHandle_2": null, "Text_2": null, "fid_4": 7, "fid_5": null }, "geometry": { "type": "MultiPolygon", "coordinates": [ [ [ [ 410757.050861159805208, 5477617.824009473435581 ], [ 410757.561045830952935, 5477617.364636982791126 ], [ 410757.77679028105922, 5477616.95888068433851 ], [ 410757.788230304140598, 5477616.850036134943366 ], [ 410756.590760277060326, 5477617.973505205474794 ], [ 410757.050861159805208, 5477617.824009473435581 ] ] ] ] } },
{ "type": "Feature", "properties": { "fid": null, "fid_2": null, "Layer": null, "PaperSpace": null, "SubClasses": null, "Linetype": null, "EntityHandle": null, "Text": null, "fid_3": null, "Layer_2": null, "PaperSpace_2": null, "SubClasses_2": null, "Linetype_2": null, "EntityHandle_2": null, "Text_2": null, "fid_4": 8, "fid_5": null }, "geometry": { "type": "MultiPolygon", "coordinates": [ [ [ [ 410746.852102799573913, 5477590.07533151935786 ], [ 410746.455600340967067, 5477589.58569188695401 ], [ 410746.275495455774944, 5477589.493923865258694 ], [ 410746.862885383714456, 5477590.108516900800169 ], [ 410746.852102799573913, 5477590.07533151935786 ] ] ] ] } },
{ "type": "Feature", "properties": { "fid": null, "fid_2": null, "Layer": null, "PaperSpace": null, "SubClasses": null, "Linetype": null, "EntityHandle": null, "Text": null, "fid_3": null, "Layer_2": null, "PaperSpace_2": null, "SubClasses_2": null, "Linetype_2": null, "EntityHandle_2": null, "Text_2": null, "fid_4": 10, "fid_5": null }, "geometry": { "type": "MultiPolygon", "coordinates": [ [ [ [ 410718.587554155092221, 5477550.576868358999491 ], [ 410718.514340042718686, 5477550.514337600208819 ], [ 410718.440045769035351, 5477550.453094126656651 ], [ 410718.393798785167746, 5477550.416307615116239 ], [ 410718.625091265537776, 5477550.610078388825059 ], [ 410718.587554155092221, 5477550.576868358999491 ] ] ], [ [ [ 410716.945289100869559, 5477549.590095961466432 ], [ 410716.855103560490534, 5477549.556376970373094 ], [ 410716.764343278249726, 5477549.524237068369985 ], [ 410716.673035900574178, 5477549.493686047382653 ], [ 410716.58120924065588, 5477549.464733212254941 ], [ 410716.488891269778833, 5477549.437387383542955 ], [ 410716.396110108820722, 5477549.4116568909958 ], [ 410716.302894019812811, 5477549.387549570761621 ], [ 410716.209271397383418, 5477549.365072768181562 ], [ 410716.11527075979393, 5477549.344233328476548 ], [ 410716.020920740615111, 5477549.325037599541247 ], [ 410715.926250079763122, 5477549.307491430081427 ], [ 410715.831287614768371, 5477549.291600163094699 ], [ 410715.736062272218987, 5477549.277368640527129 ], [ 410715.640603058622219, 5477549.264801196753979 ], [ 410715.544939051789697, 5477549.25390165951103 ], [ 410715.44909939187346, 5477549.244673349894583 ], [ 410715.353113272634801, 5477549.237119078636169 ], [ 410715.257009932305664, 5477549.231241146102548 ], [ 410715.160818644915707, 5477549.227041344158351 ], [ 410715.064568711270113, 5477549.224520950578153 ], [ 410714.968289450043812, 5477549.223680734634399 ], [ 410714.872010188817512, 5477549.224520950578153 ], [ 410714.86489963013446, 5477549.224707147106528 ], [ 410717.015626873122528, 5477549.617802747525275 ], [ 410716.945289100869559, 5477549.590095961466432 ] ] ] ] } }
]
}
