x,y,pet,t,ntzg,hour
8.464241535642218,49.48467497478407,45.7813,35.4773,20,14
8.464241044918214,49.48471994710497,44.2783,35.4063,22,14
8.464240554192983,49.48476491942553,44.6071,35.0661,22,14
8.464240063466523,49.48480989174572,45.8537,35.4727,20,14
8.464239572738837,49.48485486406556,45.8522,35.4692,20,14
8.46423908200992,49.48489983638505,45.8503,35.4663,20,14
8.464238591279777,49.484944808704185,45.8467,35.4647,20,14
8.464238100548405,49.48498978102295,44.4834,35.4634,20,14
8.464237609815806,49.485034753341374,35.6013,33.9283,22,14
8.464237119081977,49.48507972565944,43.23,35.414,22,14
8.46423662834692,49.485124697977156,45.8511,35.4671,20,14
8.464236137610637,49.48516967029451,45.8521,35.4701,20,14
8.464235646873124,49.48521464261151,45.8531,35.4721,20,14
8.464235156134384,49.485259614928154,45.8534,35.4724,20,14
8.464234665394414,49.485304587244435,45.8523,35.4713,20,14
8.464234174653217,49.485349559560376,45.6992,35.4692,20,14
8.464233683910793,49.48539453187596,43.5573,34.8413,22,14
8.46423319316714,49.48543950419118,42.8337,34.0297,22,14
8.46423270242226,49.48548447650604,42.0287,34.2267,22,14
8.46423221167615,49.48552944882057,41.5935,33.9695,22,14
8.464231720928812,49.48557442113473,41.5449,34.2179,22,14
8.464231230180246,49.48561939344852,41.4996,34.2226,22,14
8.464230739430453,49.48566436576198,41.4156,33.9936,22,14
8.464230248679431,49.48570933807507,33.4028,33.2508,24,14
8.464310564608954,49.484675294469405,45.8531,35.4722,20,14
8.46431007394817,49.48472026679081,45.8569,35.4739,20,14
8.464309583286157,49.48476523911187,45.8572,35.4733,20,14
8.464309092622917,49.48481021143257,45.8527,35.4707,20,14
8.464308601958448,49.48485518375291,45.8514,35.4675,20,14
8.464308111292754,49.484900156072904,45.8466,35.4647,20,14
8.46430762062583,49.48494512839254,45.7514,35.4625,20,14
8.464307129957678,49.48499010071182,35.8984,33.9835,22,14
8.464306639288298,49.48503507303075,35.5777,33.9327,22,14
8.464306148617691,49.48508004534931,44.0803,35.4693,22,14
8.464305657945856,49.485125017667535,45.8514,35.4684,20,14
8.464305167272792,49.48516998998539,45.8531,35.4721,20,14
8.464304676598502,49.48521496230289,45.7824,35.4745,20,14
8.46430418592298,49.48525993462005,45.7289,35.4749,20,14
8.464303695246233,49.48530490693684,45.8566,35.4737,20,14
8.464303204568258,49.48534987925328,45.8528,35.4718,20,14
8.464302713889055,49.48539485156936,45.8521,35.4691,20,14
8.464302223208623,49.48543982388509,45.6328,35.4308,20,14
8.464301732526964,49.48548479620046,43.3023,34.3893,22,14
8.464301241844078,49.48552976851549,33.7554,33.5204,24,14
8.464300751159962,49.48557474083015,41.4578,34.0318,22,14
8.464300260474618,49.48561971314445,41.5698,34.3128,22,14
8.464299769788047,49.4856646854584,41.1946,33.9706,22,14
8.464299279100247,49.48570965777201,41.0495,33.8315,22,14
8.46429878841122,49.485754630085246,41.6318,34.3988,22,14
8.464298297720966,49.48579960239815,42.0243,34.7593,22,14
8.464297807029483,49.485844574710676,42.7232,35.0122,22,14
8.46429731633677,49.48588954702285,35.6732,33.7242,22,14
8.464296825642831,49.485934519334684,45.7551,35.4481,20,14
8.464296334947665,49.48597949164615,45.7097,35.4497,20,14
8.46429584425127,49.48602446395726,45.8339,35.451,20,14
8.464295353553645,49.48606943626802,45.8331,35.4492,20,14
8.464294862854794,49.48611440857842,45.1753,35.4453,20,14
8.464294372154715,49.486159380888466,36.2111,33.9701,22,14
8.464293881453408,49.48620435319816,36.4604,33.9845,22,14
8.464293390750871,49.486249325507494,45.825,35.4391,20,14
8.464292900047107,49.486294297816485,45.8258,35.4409,20,14
8.464292409342116,49.48633927012511,45.8274,35.4434,20,14
8.464291918635897,49.48638424243338,45.4943,35.4473,20,14
8.46429142792845,49.4864292147413,32.6004,32.3294,25,14
8.464290937219772,49.48647418704886,44.2082,34.8352,22,14
8.46429044650987,49.486519159356064,44.828,35.107,22,14
8.464289955798737,49.48656413166292,45.4923,35.4053,20,14
8.464289465086377,49.486609103969414,45.7375,35.3255,20,14
8.464288974372788,49.486654076275556,45.8313,35.4463,20,14
8.464288483657972,49.48669904858135,45.8246,35.4386,20,14
8.464287992941928,49.486744020886775,45.8186,35.4326,20,14
8.464287502224655,49.48678899319186,45.8203,35.4283,20,14
8.464287011506155,49.486833965496565,45.7177,35.4247,20,14
8.464286520786425,49.48687893780094,44.1555,35.3045,22,14
8.46428603006547,49.48692391010494,43.6004,35.3514,22,14
8.464285539343283,49.48696888240861,43.2145,35.3445,22,14
8.464285048619873,49.48701385471191,43.7193,35.3723,22,14
8.464284557895231,49.48705882701486,36.1272,33.9062,22,14
8.46428406716936,49.487103799317445,45.691,35.418,20,14
8.464283576442265,49.48714877161967,45.8139,35.4179,20,14
8.464283085713939,49.48719374392156,45.8114,35.4174,20,14
8.464282594984386,49.48723871622309,45.813,35.417,20,14
8.464282104253602,49.48728368852426,45.8091,35.4162,20,14
8.464281613521592,49.48732866082508,45.809,35.4151,20,14
8.464379593576917,49.484675614113556,45.7168,35.4659,20,14
8.464379102979352,49.484720586435465,45.8507,35.4677,20,14
8.464378612380559,49.48476555875703,45.8509,35.468,20,14
8.46437812178054,49.48481053107823,45.8506,35.4666,20,14
8.46437763117929,49.48485550339908,45.8463,35.4643,20,14
8.464377140576815,49.484900475719584,45.8449,35.4619,20,14
8.464376649973111,49.48494544803971,44.5903,35.4603,20,14
8.46437615936818,49.4849904203595,35.7719,33.9629,22,14
8.46437566876202,49.48503539267893,35.7661,33.9501,22,14
8.464375178154633,49.48508036499801,45.8463,35.4653,20,14
8.464374687546018,49.485125337316724,45.852,35.4701,20,14
8.464374196936175,49.48517030963508,45.712,35.474,20,14
8.464373706325105,49.485215281953096,35.9359,33.8299,22,14
8.464373215712808,49.485260254270756,36.2333,33.8033,9,14
8.464372725099281,49.48530522658805,45.659,35.476,20,14
8.464372234484527,49.48535019890499,45.8573,35.4743,20,14
8.464371743868545,49.48539517122158,45.8528,35.4718,20,14
8.464371253251336,49.48544014353782,45.8519,35.4689,20,14
8.464370762632898,49.48548511585369,45.8468,35.4659,20,14
8.464370272013232,49.48553008816921,45.6362,35.4272,20,14
8.46436978139234,49.48557506048439,35.2497,33.4157,22,14
8.464369290770218,49.4856200327992,42.0347,34.4397,22,14
8.46436880014687,49.48566500511366,33.4806,33.3336,24,14
8.464368309522294,49.48570997742777,41.0156,33.8086,22,14
8.464367818896488,49.485754949741505,41.5866,34.4596,22,14
8.464367328269457,49.48579992205491,41.7804,34.6724,22,14
8.464366837641196,49.485844894367936,42.0319,34.8109,22,14
8.464366347011708,49.48588986668064,42.2181,34.9231,22,14
8.464365856380992,49.48593483899296,42.842,35.0851,22,14
8.46436536574905,49.48597981130492,35.7285,33.7485,22,14
8.464364875115876,49.48602478361654,45.6851,35.4471,20,14
8.464364384481478,49.4860697559278,44.8003,35.4464,20,14
8.464363893845851,49.48611472823872,35.9783,33.8803,22,14
8.464363403208994,49.48615970054927,35.906,33.904,22,14
8.464362912570913,49.48620467285947,45.0197,35.4528,22,14
8.4643624219316,49.4862496451693,45.8259,35.4399,20,14
8.464361931291064,49.486294617478784,45.8267,35.4427,20,14
8.464361440649297,49.48633958978793,45.8316,35.4456,20,14
8.464360950006302,49.4863845620967,35.6251,33.8381,20,14
8.464360459362078,49.48642953440513,34.8379,33.0689,22,14
8.464359968716629,49.4864745067132,43.8041,34.9281,22,14
8.464359478069948,49.486519479020906,43.3093,34.4174,22,14
8.464358987422044,49.48656445132826,41.958,32.988,22,14
8.46435849677291,49.48660942363526,29.697,27.231,31,14
8.464358006122547,49.48665439594191,44.9518,34.4319,21,14
8.464357515470956,49.4866993682482,45.7323,35.3223,20,14
8.464357024818138,49.48674434055415,45.8208,35.4358,20,14
8.464356534164093,49.48678931285971,45.8179,35.4309,20,14
8.464356043508818,49.48683428516495,45.82,35.4271,20,14
8.464355552852316,49.486879257469816,45.8186,35.4236,20,14
8.464355062194588,49.486924229774324,45.746,35.421,20,14
8.46435457153563,49.4869692020785,44.282,35.408,22,14
8.464354080875443,49.48701417438231,43.6625,35.3715,22,14
8.46435359021403,49.48705914668575,43.6556,35.3696,22,14
8.464353099551388,49.48710411898885,44.3619,35.4119,22,14
8.464352608887518,49.487149091291585,45.6896,35.4156,20,14
8.46435211822242,49.48719406359397,45.8094,35.4155,20,14
8.464351627556095,49.48723903589601,45.809,35.415,20,14
8.464351136888542,49.487284008197676,45.8075,35.4145,20,14
8.464350646219762,49.487328980499,45.6491,35.4131,20,14
8.464448622546108,49.48467593371651,36.0019,33.9789,22,14
8.464448132011762,49.48472090603893,45.7374,35.4614,20,14
8.46444764147619,49.484765878360996,45.845,35.462,20,14
8.464447150939387,49.484810850682706,45.8454,35.4614,20,14
8.464446660401359,49.484855823004054,45.8442,35.4603,20,14
8.464446169862104,49.48490079532505,44.7469,35.4589,20,14
8.464445679321619,49.4849457676457,35.8853,33.9803,22,14
8.464445188779909,49.48499073996599,35.7631,33.9572,22,14
8.464444698236969,49.48503571228593,44.2559,35.4839,22,14
8.464444207692802,49.4850806846055,45.8504,35.4664,20,14
8.464443717147407,49.48512565692473,45.7876,35.4716,20,14
8.464443226600787,49.4851706292436,35.7946,33.7566,22,14
8.464442736052938,49.4852156015621,35.7693,33.4313,9,14
8.46444224550386,49.485260573880275,35.5089,33.523,22,14
8.464441754953555,49.48530554619808,35.9108,33.6908,22,14
8.464441264402021,49.485350518515524,45.5848,35.4768,20,14
8.464440773849264,49.48539549083262,45.6303,35.4743,20,14
8.464440283295275,49.48544046314935,45.8523,35.4713,20,14
8.464439792740059,49.48548543546573,45.8509,35.468,20,14
8.464439302183616,49.485530407781766,45.847,35.465,20,14
8.464438811625945,49.48557538009745,45.677,35.462,20,14
8.464438321067048,49.48562035241276,43.6378,35.0409,22,14
8.46443783050692,49.48566532472772,42.5809,34.5759,22,14
8.464437339945565,49.48571029704233,41.9143,34.6263,22,14
8.464436849382984,49.485755269356574,41.9009,34.7069,22,14
8.464436358819176,49.48580024167048,41.7837,34.7238,22,14
8.464435868254139,49.485845213984014,41.8594,34.7504,22,14
8.464435377687874,49.485890186297205,41.921,34.803,22,14
8.464434887120381,49.48593515861005,42.1966,34.8676,22,14
8.464434396551662,49.48598013092251,34.8777,33.4427,22,14
8.464433905981714,49.48602510323464,35.061,33.542,22,14
8.464433415410538,49.486070075546415,35.2298,33.6038,22,14
8.464432924838135,49.486115047857815,35.4349,33.6769,22,14
8.464432434264504,49.486160020168874,35.7516,33.7846,22,14
8.464431943689645,49.486204992479585,45.8245,35.4386,20,14
8.46443145311356,49.48624996478993,45.826,35.4411,20,14
8.464430962536245,49.48629493709992,45.8268,35.4438,20,14
8.464430471957703,49.486339909409544,35.8679,33.9469,20,14
8.464429981377933,49.48638488171884,35.8009,33.886,20,14
8.464429490796936,49.486429854027755,45.7673,35.3723,20,14
8.464429000214711,49.48647482633635,45.3746,35.3566,20,14
8.464428509631258,49.486519798644544,43.4132,34.3052,22,14
8.464428019046577,49.48656477095241,41.2874,31.8075,22,14
8.46442752846067,49.48660974325992,39.9879,28.7309,31,14
8.464427037873534,49.48665471556706,39.9902,28.7322,31,14
8.46442654728517,49.48669968787387,29.7035,27.2335,31,14
8.464426056695578,49.486744660180314,45.6507,35.2277,20,14
8.464425566104758,49.48678963248639,45.8186,35.4326,20,14
8.464425075512711,49.48683460479213,45.8138,35.4288,20,14
8.464424584919437,49.4868795770975,45.8194,35.4254,20,14
8.464424094324933,49.486924549402524,45.8174,35.4224,20,14
8.464423603729202,49.4869695217072,45.7508,35.4198,20,14
8.464423113132243,49.487014494011504,44.5729,35.4219,22,14
8.464422622534057,49.48705946631546,44.0185,35.3995,22,14
8.464422131934644,49.487104438619056,43.5002,35.3902,22,14
8.464421641334,49.48714941092229,44.3144,35.4274,22,14
8.464421150732132,49.48719438322519,45.7462,35.4132,20,14
8.464420660129035,49.487239355527734,45.5988,35.4128,20,14
8.46442016952471,49.487284327829904,45.701,35.412,20,14
8.464419678919157,49.487329300131734,36.2987,33.9377,22,14
8.464517651516527,49.48467625327827,35.5626,33.9396,22,14
8.464517161045402,49.4847212256012,35.9407,33.9777,22,14
8.464516670573047,49.48476619792377,45.7412,35.4572,20,14
8.464516180099466,49.48481117024599,45.6979,35.4569,20,14
8.464515689624657,49.48485614256784,45.7864,35.4564,20,14
8.46451519914862,49.48490111488933,36.0886,33.9767,22,14
8.464514708671356,49.4849460872105,35.8299,33.959,22,14
8.464514218192864,49.48499105953128,36.0981,33.9821,22,14
8.464513727713147,49.485036031851735,45.8453,35.4623,20,14
8.4645132372322,49.48508100417181,45.8516,35.4676,20,14
8.464512746750028,49.485125976491545,45.2367,35.4727,20,14
8.464512256266625,49.48517094881092,35.8321,33.4842,9,14
8.464511765781996,49.485215921129935,35.3169,33.3949,22,14
8.46451127529614,49.485260893448604,43.4072,34.8002,22,14
8.464510784809057,49.485305865766904,43.243,34.608,22,14
8.464510294320746,49.485350838084855,43.0217,34.1737,22,14
8.464509803831207,49.48539581040246,34.6346,32.2806,22,14
8.464509313340443,49.4854407827197,45.4535,35.3925,20,14
8.464508822848448,49.48548575503657,45.8521,35.4702,20,14
8.464508332355226,49.48553072735313,45.8507,35.4667,20,14
8.46450784186078,49.485575699669305,45.8457,35.4637,20,14
8.464507351365103,49.48562067198512,45.8447,35.4607,20,14
8.464506860868198,49.48566564430059,45.7153,35.4573,20,14
8.464506370370067,49.4857106166157,43.6803,35.1483,22,14
8.464505879870709,49.485755588930466,42.7848,35.0398,22,14
8.464505389370123,49.48580056124486,42.0523,34.8784,22,14
8.46450489886831,49.4858455335589,41.9098,34.7928,22,14
8.464504408365269,49.4858905058726,41.9282,34.7982,22,14
8.464503917860998,49.485935478185944,42.0105,34.8035,22,14
8.464503427355503,49.485980450498914,42.104,34.8221,22,14
8.464502936848778,49.486025422811544,42.32,34.8621,22,14
8.464502446340827,49.48607039512382,34.9335,33.4165,22,14
8.464501955831647,49.48611536743574,35.1204,33.5014,22,14
8.464501465321241,49.4861603397473,44.0825,35.1516,22,14
8.464500974809607,49.48620531205851,45.8257,35.4397,20,14
8.464500484296744,49.486250284369355,45.8263,35.4423,20,14
8.464499993782656,49.48629525667985,45.8277,35.4447,20,14
8.464499503267339,49.48634022898999,35.8668,33.9468,20,14
8.464499012750792,49.486385201299775,35.8731,33.9501,20,14
8.464498522233022,49.48643017360921,45.8174,35.4214,20,14
8.46449803171402,49.4864751459183,45.7737,35.3757,20,14
8.464497541193795,49.486520118227006,45.7211,35.3171,20,14
8.46449705067234,49.48656509053538,39.9887,28.7307,31,14
8.464496560149659,49.486610062843376,39.9885,28.7315,31,14
8.464496069625746,49.48665503515103,39.9916,28.7326,31,14
8.464495579100609,49.486700007458346,39.9937,28.7337,31,14
8.464495088574244,49.48674497976528,39.9955,28.7345,31,14
8.46449459804665,49.48678995207187,44.9574,34.4344,21,14
8.46449410751783,49.48683492437811,45.8175,35.4295,20,14
8.464493616987783,49.486879896683995,45.8195,35.4265,20,14
8.464493126456507,49.48692486898952,45.8185,35.4236,20,14
8.464492635924001,49.48696984129469,45.8169,35.4209,20,14
8.46449214539027,49.487014813599515,45.8153,35.4183,20,14
8.464491654855314,49.48705978590396,45.7279,35.4159,20,14
8.464491164319126,49.487104758208076,44.4025,35.4355,22,14
8.464490673781713,49.48714973051183,43.7988,35.4208,22,14
8.46449018324307,49.487194702815216,43.6867,35.4067,22,14
8.464489692703202,49.48723967511825,36.0147,33.9037,22,14
8.464489202162104,49.487284647420935,45.5043,35.4093,20,14
8.46448871161978,49.487329619723276,36.121,33.894,22,14
8.464586680488173,49.484676572798854,44.0389,35.4829,22,14
8.464586190080267,49.48472154512229,43.2292,35.4563,22,14
8.464585699671131,49.48476651744536,35.8454,33.9604,22,14
8.46458520926077,49.48481148976808,36.1183,33.9684,22,14
8.464584718849181,49.48485646209044,45.3554,35.4534,20,14
8.464584228436363,49.48490143441245,36.0351,33.9471,22,14
8.46458373802232,49.48494640673411,35.8717,33.9407,22,14
8.464583247607049,49.48499137905541,45.8395,35.4575,20,14
8.46458275719055,49.48503635137635,45.8453,35.4623,20,14
8.464582266772826,49.48508132369693,45.8179,35.468,20,14
8.464581776353873,49.48512629601716,35.7227,33.6567,22,14
8.464581285933692,49.48517126833705,35.322,33.4471,22,14
8.464580795512285,49.48521624065656,43.1948,34.7549,22,14
8.46458030508965,49.485261212975736,43.026,34.485,22,14
8.464579814665788,49.48530618529455,42.3384,33.7274,22,14
8.464579324240697,49.485351157613,40.4468,31.7888,22,14
8.46457883381438,49.485396129931104,31.5623,31.4513,25,14
8.464578343386837,49.485441102248856,42.1565,32.0096,9,14
8.464577852958065,49.48548607456624,45.4594,35.3604,20,14
8.464577362528066,49.48553104688329,45.6014,35.4684,20,14
8.464576872096838,49.48557601919997,45.8471,35.4651,20,14
8.464576381664386,49.48562099151629,45.8453,35.4623,20,14
8.464575891230703,49.48566596383227,45.841,35.459,20,14
8.464575400795795,49.48571093614788,45.8383,35.4543,20,14
8.46457491035966,49.48575590846314,45.781,35.448,20,14
8.464574419922297,49.48580088077806,43.6776,35.1996,22,14
8.464573929483706,49.4858458530926,42.5732,35.0042,22,14
8.464573439043887,49.485890825406806,42.2809,34.9179,22,14
8.464572948602843,49.48593579772065,42.0754,34.8314,22,14
8.46457245816057,49.485980770034125,42.0688,34.7748,22,14
8.464571967717069,49.486025742347266,42.1711,34.7651,22,14
8.464571477272342,49.48607071466004,42.3214,34.7774,22,14
8.464570986826388,49.486115686972454,42.557,34.784,22,14
8.464570496379205,49.48616065928452,43.2955,34.7835,22,14
8.464570005930794,49.48620563159624,45.7188,35.4408,20,14
8.464569515481159,49.486250603907585,45.7298,35.4428,20,14
8.464569025030293,49.486295576218595,45.8276,35.4446,20,14
8.464568534578202,49.486340548529235,45.8312,35.4462,20,14
8.464568044124881,49.486385520839534,45.8329,35.4479,20,14
8.464567553670335,49.48643049314946,45.834,35.451,20,14
8.46456706321456,49.486475465459044,45.8119,35.4059,20,14
8.464566572757558,49.486520437768256,45.7838,35.3708,20,14
8.46456608229933,49.48656541007714,45.6696,35.2496,20,14
8.464565591839872,49.48661038238565,39.9905,28.7325,31,14
8.464565101379188,49.486655354693816,39.9923,28.7333,31,14
8.464564610917277,49.486700327001614,39.994,28.734,31,14
8.464564120454138,49.48674529930907,44.958,34.4341,21,14
8.464563629989772,49.486790271616165,45.811,35.417,20,14
8.464563139524177,49.486835243922904,45.8142,35.4292,20,14
8.464562649057354,49.48688021622929,45.8194,35.4265,20,14
8.464562158589308,49.48692518853532,45.818,35.424,20,14
8.464561668120032,49.486970160841004,45.8175,35.4216,20,14
8.464561177649527,49.48701513314632,45.8162,35.4193,20,14
8.464560687177794,49.487060105451285,45.8118,35.4168,20,14
8.464560196704836,49.48710507775589,45.8075,35.4146,20,14
8.46455970623065,49.487150050060144,45.7204,35.4124,20,14
8.464559215755237,49.48719502236404,44.4778,35.4088,22,14
8.464558725278595,49.4872399946676,43.5148,35.3379,22,14
8.464558234800727,49.487284966970776,43.8914,35.3274,22,14
8.464557744321631,49.487329939273614,35.7433,33.8063,22,14
8.464655709461047,49.484676892278245,45.7243,35.4623,20,14
8.46465521911636,49.48472186460217,44.3312,35.4863,22,14
8.464654728770444,49.48476683692575,43.8142,35.4652,22,14
8.464654238423302,49.48481180924897,35.7273,33.9083,22,14
8.464653748074932,49.48485678157185,36.0176,33.9066,22,14
8.464653257725336,49.484901753894356,35.9739,33.9089,22,14
8.464652767374512,49.48494672621651,43.902,35.416,22,14
8.464652277022461,49.48499169853832,45.8395,35.4565,20,14
8.464651786669183,49.48503667085977,45.845,35.461,20,14
8.464651296314678,49.485081643180855,44.9488,34.4298,21,14
8.464650805958945,49.48512661550159,44.9412,34.4292,21,14
8.464650315601986,49.48517158782198,35.2314,33.2054,22,14
8.464649825243798,49.485216560142,43.2685,34.5065,9,14
8.464649334884385,49.48526153246168,42.6879,34.2279,22,14
8.464648844523744,49.485306504781,41.9043,33.1343,22,14
8.464648354161877,49.48535147709996,30.8759,30.7099,25,14
8.464647863798781,49.48539644941856,31.1292,30.7652,25,14
8.464647373434458,49.485441421736816,30.839,30.87,25,14
8.464646883068909,49.4854863940547,31.161,31.313,24,14
8.46464639270213,49.485531366372264,34.313,32.193,22,14
8.464645902334127,49.48557633868945,45.8469,35.4659,20,14
8.464645411964895,49.48562131100628,45.8455,35.4635,20,14
8.464644921594438,49.48566628332276,45.8449,35.4609,20,14
8.464644431222752,49.485711255638876,45.8399,35.4569,20,14
8.46464394084984,49.48575622795464,45.8344,35.4514,20,14
8.464643450475698,49.48580120027005,45.7024,35.4454,20,14
8.464642960100331,49.485846172585106,44.0495,35.2635,22,14
8.464642469723735,49.4858911448998,43.2356,35.1346,22,14
8.464641979345915,49.48593611721416,42.306,34.928,22,14
8.464641488966866,49.48598108952814,42.0066,34.7546,22,14
8.464640998586589,49.48602606184178,42.0049,34.7,22,14
8.464640508205086,49.48607103415505,42.0506,34.6486,22,14
8.464640017822354,49.48611600646799,41.8825,34.3795,22,14
8.464639527438397,49.48616097878055,33.6959,33.5279,24,14
8.464639037053212,49.48620595109278,41.8828,34.2058,22,14
8.464638546666798,49.486250923404626,35.4162,33.4903,22,14
8.464638056279158,49.48629589571614,45.6854,35.4434,20,14
8.46463756589029,49.48634086802729,45.7364,35.4445,20,14
8.464637075500196,49.48638584033809,45.8317,35.4457,20,14
8.464636585108876,49.48643081264853,45.8322,35.4472,20,14
8.464636094716326,49.48647578495861,45.8326,35.4486,20,14
8.46463560432255,49.48652075726833,45.8335,35.4495,20,14
8.464635113927548,49.48656572957771,45.7831,35.3811,20,14
8.464634623531316,49.486610701886725,45.7411,35.3271,20,14
8.464634133133856,49.4866556741954,45.6861,35.2681,20,14
8.464633642735173,49.4867006465037,38.6104,28.7344,31,14
8.46463315233526,49.48674561881166,45.7036,35.2876,20,14
8.464632661934118,49.48679059111926,45.8176,35.4307,20,14
8.464632171531752,49.48683556342651,45.8141,35.4281,20,14
8.464631681128157,49.4868805357334,45.8197,35.4257,20,14
8.464631190723336,49.486925508039924,45.8186,35.4236,20,14
8.464630700317286,49.48697048034611,45.8175,35.4215,20,14
8.464630209910009,49.48701545265194,45.8164,35.4194,20,14
8.464629719501506,49.4870604249574,45.7202,35.4172,20,14
8.464629229091775,49.48710539726252,45.809,35.4151,20,14
8.464628738680815,49.487150369567274,45.8026,35.4126,20,14
8.46462824826863,49.487195341871676,45.6879,35.4099,20,14
8.464627757855217,49.48724031417573,44.0995,35.3465,22,14
8.464627267440576,49.48728528647943,43.933,35.308,22,14
8.464626777024709,49.48733025878276,43.6151,35.2601,22,14
8.464724738435148,49.48467721171645,45.8507,35.4677,20,14
8.46472424815368,49.484722184040876,45.8453,35.4613,20,14
8.464723757870983,49.48476715636496,45.749,35.4561,20,14
8.464723267587061,49.48481212868869,43.6877,35.3937,22,14
8.46472277730191,49.48485710101207,44.0276,35.3817,22,14
8.464722287015535,49.48490207333508,35.9031,33.8761,22,14
8.46472179672793,49.48494704565775,43.8185,35.3816,22,14
8.4647213064391,49.484992017980055,45.6899,35.455,20,14
8.464720816149041,49.485036990302,44.9319,34.4309,21,14
8.464720325857758,49.485081962623596,44.9483,34.4303,21,14
8.464719835565244,49.485126934944844,44.9477,34.4297,21,14
8.464719345271506,49.48517190726573,44.8342,34.4292,21,14
8.46471885497654,49.485216879586254,43.5914,34.5334,22,14
8.464718364680348,49.485261851906444,42.6656,34.2366,22,14
8.464717874382929,49.485306824226264,41.6634,33.1134,22,14
8.464717384084281,49.48535179654572,30.7927,30.7697,25,14
8.464716893784408,49.48539676886484,30.553,30.539,25,14
8.464716403483308,49.48544174118359,30.5772,30.7572,25,14
8.46471591318098,49.48548671350199,32.0209,30.0779,9,14
8.464715422877424,49.48553168582004,42.6702,34.2312,22,14
8.464714932572642,49.485576658137724,45.7928,35.3968,20,14
8.464714442266633,49.485621630455064,45.8463,35.4643,20,14
8.464713951959398,49.48566660277204,45.7035,35.4626,20,14
8.464713461650934,49.485711575088665,45.7388,35.4599,20,14
8.464712971341244,49.48575654740494,45.8396,35.4556,20,14
8.464712481030327,49.48580151972086,45.834,35.451,20,14
8.464711990718182,49.485846492036416,45.8324,35.4474,20,14
8.46471150040481,49.48589146435162,45.6626,35.4456,20,14
8.464711010090213,49.48593643666647,43.743,35.12,22,14
8.464710519774387,49.48598140898096,42.164,34.595,22,14
8.464710029457335,49.48602638129511,42.0071,34.6201,22,14
8.464709539139056,49.48607135360889,41.9372,34.6242,22,14
8.46470904881955,49.486116325922325,41.8037,34.5268,22,14
8.464708558498815,49.486161298235395,41.3636,34.2016,22,14
8.464708068176854,49.486206270548124,34.2678,33.0118,22,14
8.464707577853666,49.48625124286048,34.4403,33.0383,22,14
8.46470708752925,49.486296215172494,33.5513,33.3474,24,14
8.464706597203609,49.48634118748414,34.9752,32.6672,22,14
8.464706106876738,49.48638615979546,45.7209,35.4429,20,14
8.464705616548644,49.48643113210639,45.8276,35.4436,20,14
8.46470512621932,49.486476104416994,45.8273,35.4444,20,14
8.464704635888769,49.48652107672722,45.8274,35.4444,20,14
8.464704145556992,49.4865660490371,45.8274,35.4435,20,14
8.464703655223985,49.486611021346604,45.8262,35.4412,20,14
8.464703164889755,49.486655993655795,45.6101,35.4381,20,14
8.464702674554294,49.486700965964616,43.3372,33.9742,22,14
8.464702184217607,49.486745938273074,45.7599,35.3479,20,14
8.464701693879695,49.48679091058116,35.8448,33.9289,20,14
8.464701203540555,49.48683588288891,45.8195,35.4265,20,14
8.464700713200187,49.48688085519632,45.8185,35.4245,20,14
8.46470022285859,49.48692582750334,45.8176,35.4226,20,14
8.46469973251577,49.48697079981003,45.8166,35.4207,20,14
8.46469924217172,49.48701577211637,45.6538,35.4188,20,14
8.464698751826443,49.48706074442233,36.5377,33.9738,22,14
8.46469826147994,49.48710571672795,45.8078,35.4148,20,14
8.464697771132208,49.487150689033214,45.8032,35.4122,20,14
8.464697280783252,49.48719566133812,45.7303,35.4093,20,14
8.464696790433065,49.487240633642685,36.0744,33.8765,22,14
8.464696300081654,49.48728560594687,44.0424,35.3155,22,14
8.464695809729013,49.48733057825072,43.5284,35.2554,22,14
8.464793767410475,49.48467753111345,45.8534,35.4724,20,14
8.464793277192227,49.48472250343839,45.8463,35.4643,20,14
8.46479278697275,49.48476747576299,44.9375,35.4575,20,14
8.464792296752046,49.4848124480872,35.8269,33.8959,22,14
8.464791806530117,49.48485742041108,43.9723,35.3733,22,14
8.464791316306961,49.48490239273461,44.5828,35.3758,22,14
8.464790826082575,49.484947365057785,43.6581,35.3201,22,14
8.464790335856966,49.484992337380596,44.3658,35.2848,22,14
8.464789845630127,49.485037309703046,35.8068,33.4568,22,14
8.464789355402063,49.48508228202515,44.9029,34.4309,21,14
8.464788865172773,49.48512725434689,44.9484,34.4305,21,14
8.464788374942255,49.48517222666828,44.949,34.43,21,14
8.464787884710509,49.48521719898931,44.9484,34.4294,21,14
8.464787394477538,49.48526217131001,44.6679,34.4289,21,14
8.46478690424334,49.48530714363034,42.7687,33.7167,22,14
8.464786414007914,49.48535211595029,40.7574,31.7024,22,14
8.464785923771263,49.48539708826991,30.6418,30.9468,24,14
8.464785433533383,49.48544206058917,31.2701,29.9221,22,14
8.464784943294278,49.485487032908075,33.5846,31.9947,22,14
8.464784453053944,49.48553200522663,45.7656,35.3716,20,14
8.464783962812385,49.48557697754483,45.7985,35.3995,20,14
8.464783472569598,49.48562194986266,45.2308,35.4408,20,14
8.464782982325586,49.48566692218015,36.3502,33.9642,20,14
8.464782492080344,49.485711894497285,36.455,33.962,20,14
8.464782001833877,49.48575686681405,45.7766,35.4586,20,14
8.464781511586184,49.485801839130474,45.8391,35.4551,20,14
8.464781021337263,49.48584681144654,45.8336,35.4516,20,14
8.464780531087113,49.485891783762256,45.8333,35.4493,20,14
8.46478004083574,49.485936756077606,44.8867,35.4477,20,14
8.464779550583136,49.4859817283926,33.9307,33.7027,24,14
8.46477906032931,49.48602670070725,41.8241,34.3341,22,14
8.464778570074253,49.48607167302155,41.992,34.611,22,14
8.464778079817972,49.486116645335464,41.9366,34.6197,22,14
8.46477758956046,49.48616161764905,41.739,34.581,22,14
8.464777099301724,49.48620658996228,41.8545,34.6375,22,14
8.46477660904176,49.48625156227514,41.9061,34.6391,22,14
8.46477611878057,49.486296534587666,41.7997,34.4427,22,14
8.464775628518153,49.48634150689981,34.6895,33.0475,22,14
8.46477513825451,49.48638647921162,35.0048,32.9058,22,14
8.464774647989639,49.48643145152307,45.6929,35.4399,20,14
8.46477415772354,49.48647642383416,45.7606,35.4406,20,14
8.464773667456214,49.4865213961449,45.8256,35.4406,20,14
8.464773177187663,49.48656636845529,45.8259,35.4399,20,14
8.464772686917883,49.486611340765315,45.8251,35.4381,20,14
8.464772196646877,49.486656313074995,45.8205,35.4355,20,14
8.464771706374645,49.486701285384314,35.7884,33.8724,20,14
8.464771216101184,49.486746257693284,45.2785,35.4295,20,14
8.464770725826497,49.48679123000188,45.8198,35.4268,20,14
8.464770235550583,49.48683620231012,45.8188,35.4248,20,14
8.464769745273442,49.48688117461804,45.8181,35.4231,20,14
8.464769254995074,49.48692614692557,45.8175,35.4215,20,14
8.464768764715478,49.48697111923276,45.8166,35.4196,20,14
8.464768274434658,49.48701609153959,45.6079,35.4179,20,14
8.464767784152608,49.48706106384608,36.5105,33.9666,22,14
8.464767293869333,49.4871060361522,45.8057,35.4137,20,14
8.46476680358483,49.487151008457964,45.7371,35.4111,20,14
8.4647663132991,49.48719598076337,36.2725,33.9496,22,14
8.464765823012144,49.48724095306844,36.1415,33.9095,22,14
8.464765332723958,49.487285925373136,44.1165,35.3445,22,14
8.464764842434548,49.48733089767748,43.5277,35.2987,22,14
8.46486279638703,49.484677850469275,45.8575,35.4745,20,14
8.464862306232,49.48472282279472,45.7299,35.465,20,14
8.464861816075743,49.484767795119815,36.1834,33.9694,22,14
8.464861325918259,49.48481276744454,35.8756,33.9116,22,14
8.464860835759549,49.48485773976893,44.529,35.4301,22,14
8.464860345599613,49.48490271209295,45.8128,35.4488,20,14
8.464859855438448,49.484947684416625,44.4523,35.3893,22,14
8.464859365276057,49.48499265673995,44.2004,35.3344,22,14
8.46485887511244,49.485037629062894,35.6361,33.6562,22,14
8.464858384947597,49.4850826013855,35.6551,33.4231,22,14
8.464857894781526,49.48512757370776,44.8631,34.4312,21,14
8.464857404614229,49.48517254602965,44.8827,34.4308,21,14
8.464856914445706,49.48521751835119,44.9493,34.4303,21,14
8.464856424275954,49.48526249067238,44.9469,34.43,21,14
8.464855934104978,49.48530746299321,44.9476,34.4297,21,14
8.464855443932775,49.485352435313686,45.4907,35.3488,20,14
8.464854953759344,49.4853974076338,41.6393,33.4223,22,14
8.464854463584686,49.48544237995357,40.9433,33.8213,22,14
8.464853973408802,49.48548735227297,42.957,34.593,22,14
8.46485348323169,49.485532324592036,45.7869,35.3829,20,14
8.464852993053354,49.48557729691074,45.0709,35.4129,20,14
8.464852502873791,49.485622269229076,44.4401,35.3801,20,14
8.464852012693,49.48566724154706,44.4272,35.4662,20,14
8.464851522510981,49.4857122138647,44.7126,35.4637,20,14
8.464851032327738,49.48575718618198,45.1434,35.4604,20,14
8.464850542143266,49.485802158498906,45.8396,35.4566,20,14
8.464850051957567,49.48584713081547,45.8382,35.4532,20,14
8.464849561770643,49.48589210313168,44.9613,35.4503,20,14
8.464849071582492,49.485937075447545,35.6497,33.6958,22,14
8.464848581393113,49.485982047763045,34.5345,32.9355,22,14
8.464848091202509,49.486027020078204,34.497,33.151,22,14
8.464847601010678,49.486071992392986,42.1549,34.7,22,14
8.464847110817619,49.48611696470743,42.0875,34.7005,22,14
8.464846620623334,49.48616193702151,41.9436,34.6976,22,14
8.464846130427821,49.486206909335245,41.9166,34.7106,22,14
8.464845640231083,49.48625188164861,41.9041,34.7111,22,14
8.464845150033117,49.48629685396163,41.9425,34.6675,22,14
8.464844659833924,49.4863418262743,42.1562,34.5013,22,14
8.464844169633505,49.48638679858661,33.8496,33.6406,24,14
8.46484367943186,49.48643177089856,34.5171,32.5151,22,14
8.464843189228986,49.48647674321016,35.1051,32.7132,22,14
8.464842699024887,49.48652171552139,45.6886,35.4366,20,14
8.464842208819562,49.48656668783229,45.7374,35.4364,20,14
8.464841718613007,49.48661166014281,45.8203,35.4354,20,14
8.464841228405229,49.486656632453005,45.8192,35.4332,20,14
8.464840738196221,49.48670160476282,45.7166,35.4306,20,14
8.464840247985986,49.48674657707229,36.4931,33.9821,22,14
8.464839757774527,49.4867915493814,45.8193,35.4253,20,14
8.46483926756184,49.48683652169016,45.8185,35.4235,20,14
8.464838777347925,49.48688149399856,45.8179,35.4219,20,14
8.464838287132785,49.4869264663066,45.8172,35.4202,20,14
8.464837796916417,49.486971438614304,45.8145,35.4185,20,14
8.464837306698822,49.48701641092163,45.8116,35.4167,20,14
8.46483681648,49.487061383228614,45.8075,35.4146,20,14
8.464836326259952,49.487106355535246,45.802,35.412,20,14
8.464835836038677,49.48715132784152,45.085,35.409,20,14
8.464835345816175,49.48719630014743,35.9982,33.9222,22,14
8.464834855592445,49.487241272453005,35.9873,33.8983,22,14
8.46483436536749,49.487286244758195,44.1357,35.3697,22,14
8.464833875141307,49.48733121706305,44.6404,35.3694,22,14
8.464931825364811,49.484678169783905,45.8575,35.4735,20,14
8.464931335273,49.484723142109864,45.1103,35.4633,20,14
8.464930845179962,49.48476811443546,36.1183,33.9613,22,14
8.464930355085698,49.48481308676069,36.0057,33.9388,22,14
8.464929864990207,49.48485805908558,45.8326,35.4477,20,14
8.46492937489349,49.484903031410106,45.8321,35.4471,20,14
8.464928884795548,49.48494800373429,45.8328,35.4478,20,14
8.464928394696377,49.48499297605811,45.7328,35.4488,20,14
8.46492790459598,49.48503794838157,44.416,35.31,22,14
8.464927414494356,49.48508292070467,43.6904,35.1595,22,14
8.464926924391506,49.48512789302743,35.6863,33.5033,22,14
8.464926434287431,49.48517286534983,35.6714,33.3814,22,14
8.464925944182129,49.48521783767187,44.8631,34.4312,21,14
8.464925454075598,49.485262809993564,44.9139,34.4309,21,14
8.464924963967844,49.485307782314905,45.8439,35.4599,20,14
8.464924473858861,49.485352754635876,45.8444,35.4604,20,14
8.464923983748651,49.4853977269565,45.6962,35.4572,20,14
8.464923493637215,49.48544269927677,43.0613,34.9583,22,14
8.464923003524554,49.48548767159668,45.785,35.393,20,14
8.464922513410665,49.485532643916244,45.8162,35.4182,20,14
8.46492202329555,49.485577616235446,45.1388,35.4629,20,14
8.46492153317921,49.48562258855429,44.3227,35.4657,20,14
8.46492104306164,49.48566756087279,44.0318,35.3918,20,14
8.464920552942845,49.48571253319093,44.9186,35.4306,20,14
8.464920062822824,49.485757505508715,45.8448,35.4608,20,14
8.464919572701575,49.48580247782615,45.8395,35.4565,20,14
8.464919082579101,49.48584745014321,45.7147,35.4527,20,14
8.4649185924554,49.48589242245992,35.9542,33.8652,22,14
8.464918102330472,49.48593739477629,35.6124,33.6815,22,14
8.464917612204317,49.485982367092305,34.9933,33.3994,22,14
8.464917122076937,49.48602733940795,42.5838,34.8268,22,14
8.464916631948329,49.48607231172324,42.4066,34.8076,22,14
8.464916141818494,49.4861172840382,42.3133,34.8153,22,14
8.464915651687434,49.48616225635278,42.2021,34.8301,22,14
8.464915161555146,49.48620722866702,42.1065,34.8245,22,14
8.464914671421631,49.486252200980886,41.9515,34.7995,22,14
8.46491418128689,49.48629717329441,42.0122,34.7752,22,14
8.464913691150922,49.48634214560758,42.0859,34.7019,22,14
8.46491320101373,49.486387117920394,41.9822,34.3962,22,14
8.464912710875309,49.48643209023285,42.5874,34.3744,22,14
8.46491222073566,49.48647706254496,33.7038,33.4778,24,14
8.464911730594785,49.48652203485669,34.5786,32.5947,22,14
8.464911240452686,49.48656700716809,35.7038,33.5818,22,14
8.464910750309357,49.48661197947913,45.808,35.432,20,14
8.464910260164805,49.48665695178982,45.8177,35.4308,20,14
8.464909770019025,49.48670192410014,45.8146,35.4286,20,14
8.464909279872016,49.48674689641011,45.8194,35.4264,20,14
8.464908789723783,49.48679186871973,45.8182,35.4242,20,14
8.464908299574322,49.486836841028996,45.8175,35.4225,20,14
8.464907809423636,49.4868818133379,45.8169,35.4209,20,14
8.464907319271722,49.486926785646446,45.8164,35.4194,20,14
8.46490682911858,49.48697175795465,45.8114,35.4174,20,14
8.464906338964212,49.487016730262496,45.8082,35.4153,20,14
8.464905848808618,49.48706170256997,45.8049,35.4129,20,14
8.4649053586518,49.487106674877104,45.7702,35.4102,20,14
8.464904868493752,49.48715164718387,36.024,33.932,22,14
8.464904378334476,49.487196619490284,35.8561,33.8961,22,14
8.464903888173975,49.48724159179637,43.9857,35.3847,22,14
8.464903398012247,49.48728656410208,44.6942,35.3912,22,14
8.464902907849295,49.48733153640744,45.7985,35.3995,20,14
8.465000854343819,49.484678489057345,45.7647,35.4697,20,14
8.465000364315227,49.48472346138381,36.2978,33.9918,22,14
8.464999874285407,49.48476843370991,36.1019,33.9699,22,14
8.464999384254364,49.48481340603564,44.7701,35.4671,22,14
8.464998894222093,49.48485837836103,45.831,35.445,20,14
8.464998404188595,49.48490335068607,45.7369,35.4449,20,14
8.464997914153873,49.484948323010755,45.7322,35.4462,20,14
8.464997424117922,49.48499329533507,45.8324,35.4474,20,14
8.464996934080744,49.48503826765904,45.7319,35.4479,20,14
8.464996444042344,49.48508323998266,44.5142,35.3332,22,14
8.464995954002715,49.485128212305916,44.2316,35.2556,22,14
8.46499546396186,49.48517318462883,35.5494,33.6394,22,14
8.464994973919778,49.48521815695136,35.6414,33.5404,22,14
8.464994483876469,49.48526312927357,35.839,33.607,22,14
8.464993993831934,49.4853081015954,45.7389,35.4539,20,14
8.464993503786173,49.485353073916876,45.8383,35.4543,20,14
8.464993013739186,49.485398046238004,45.8387,35.4547,20,14
8.464992523690972,49.48544301855879,45.8391,35.4551,20,14
8.464992033641531,49.4854879908792,45.839,35.4561,20,14
8.464991543590866,49.48553296319926,45.1269,35.3839,20,14
8.464991053538972,49.48557793551897,44.1593,35.2863,9,14
8.464990563485854,49.48562290783832,43.5865,35.3365,20,14
8.464990073431508,49.485667880157315,43.7875,35.3745,20,14
8.464989583375935,49.48571285247596,45.8455,35.4615,20,14
8.464989093319137,49.48575782479425,45.8407,35.4587,20,14
8.464988603261112,49.485802797112186,45.8386,35.4546,20,14
8.46498811320186,49.48584776942976,45.3526,35.4507,20,14
8.464987623141383,49.48589274174699,35.7762,33.7802,22,14
8.464987133079678,49.485937714063844,35.5195,33.6495,22,14
8.464986643016747,49.48598268638036,43.1096,35.0027,22,14
8.46498615295259,49.486027658696514,42.7846,34.9357,22,14
8.464985662887205,49.48607263101232,42.646,34.939,22,14
8.464985172820596,49.48611760332776,42.7667,34.9948,22,14
8.464984682752759,49.486162575642865,42.9594,35.0634,22,14
8.464984192683696,49.486207547957605,42.5962,35.0482,22,14
8.464983702613406,49.48625252027197,42.1102,34.9602,22,14
8.46498321254189,49.486297492586004,42.1504,34.9084,22,14
8.464982722469147,49.486342464899685,42.2368,34.8678,22,14
8.46498223239518,49.48638743721298,42.3424,34.8024,22,14
8.464981742319983,49.48643240952595,42.6122,34.7492,22,14
8.464981252243563,49.48647738183857,42.6085,34.5015,22,14
8.464980762165913,49.486522354150814,35.1324,33.2634,22,14
8.464980272087038,49.48656732646271,35.5874,33.5714,22,14
8.464979782006937,49.486612298774254,35.987,33.762,22,14
8.46497929192561,49.48665727108544,45.6525,35.4275,20,14
8.464978801843055,49.486702243396266,45.6834,35.4264,20,14
8.464978311759275,49.48674721570674,45.8188,35.4248,20,14
8.464977821674267,49.486792188016864,45.8181,35.4231,20,14
8.464977331588031,49.48683716032664,45.8175,35.4216,20,14
8.464976841500572,49.48688213263604,45.817,35.42,20,14
8.464976351411885,49.48692710494509,45.8153,35.4183,20,14
8.464975861321971,49.486972077253796,45.8123,35.4163,20,14
8.46497537123083,49.48701704956214,45.805,35.4141,20,14
8.464974881138465,49.48706202187013,45.8013,35.4113,20,14
8.464974391044871,49.48710699417777,44.3352,35.4082,20,14
8.464973900950051,49.48715196648504,35.6766,33.8846,22,14
8.464973410854006,49.48719693879197,35.681,33.851,22,14
8.464972920756733,49.48724191109854,44.3074,35.3784,22,14
8.464972430658234,49.48728688340476,45.7993,35.4004,20,14
8.464971940558508,49.48733185571061,45.8,35.4,20,14
8.465069883324054,49.4846788082896,45.3753,35.4643,20,14
8.46506939335868,49.48472378061657,36.2529,33.9989,22,14
8.465068903392082,49.48476875294317,36.3127,33.9707,22,14
8.465068413424257,49.48481372526941,45.8276,35.4446,20,14
8.465067923455205,49.4848586975953,45.7853,35.4423,20,14
8.465067433484927,49.48490366992085,36.5033,34.0023,22,14
8.465066943513424,49.484948642246025,36.5117,33.9987,22,14
8.465066453540695,49.484993614570854,45.7358,35.4459,20,14
8.465065963566738,49.48503858689533,45.8311,35.4462,20,14
8.465065473591556,49.485083559219454,45.8311,35.4462,20,14
8.465064983615148,49.485128531543204,45.7524,35.4464,20,14
8.465064493637513,49.48517350386661,44.3805,35.3305,22,14
8.465064003658652,49.485218476189665,43.9221,35.2821,22,14
8.465063513678565,49.48526344851236,35.5623,33.7563,22,14
8.465063023697251,49.485308420834706,36.0547,33.9137,22,14
8.465062533714711,49.48535339315669,45.7151,35.4501,20,14
8.465062043730946,49.48539836547833,45.6827,35.4507,20,14
8.465061553745954,49.4854433377996,45.8343,35.4513,20,14
8.465061063759736,49.485488310120516,45.8372,35.4522,20,14
8.465060573772291,49.48553328244109,45.6564,35.4534,20,14
8.465060083783621,49.48557825476131,44.3197,35.3867,22,14
8.465059593793724,49.485623227081156,43.496,35.3361,22,14
8.465059103802602,49.48566819940066,43.7033,35.3843,22,14
8.465058613810251,49.48571317171981,45.8395,35.4555,20,14
8.465058123816675,49.48575814403859,45.8381,35.4542,20,14
8.465057633821873,49.48580311635705,45.7122,35.4513,20,14
8.465057143825847,49.48584808867511,35.4538,33.0238,22,14
8.465056653828592,49.48589306099285,35.5776,33.5366,22,14
8.46505616383011,49.48593803331022,43.6524,35.0894,22,14
8.465055673830403,49.485983005627226,43.1425,35.0445,22,14
8.46505518382947,49.48602797794389,43.013,35.0381,22,14
8.465054693827309,49.486072950260194,43.1314,35.1044,22,14
8.465054203823925,49.48611792257615,44.2099,35.2429,22,14
8.465053713819312,49.48616289489174,45.8247,35.4388,20,14
8.465053223813474,49.486207867206986,45.7443,35.4373,20,14
8.465052733806408,49.48625283952187,43.8207,35.2747,22,14
8.465052243798118,49.48629781183641,43.3742,35.1772,22,14
8.4650517537886,49.486342784150565,42.6383,35.0543,22,14
8.465051263777855,49.4863877564644,42.6729,34.9949,22,14
8.465050773765885,49.48643272877787,42.8075,34.9345,22,14
8.465050283752689,49.48647770109098,42.9645,34.8545,22,14
8.465049793738265,49.48652267340373,43.5118,34.8608,22,14
8.465049303722616,49.48656764571612,44.0563,34.9903,22,14
8.46504881370574,49.486612618028175,44.0762,34.9142,22,14
8.46504832368764,49.48665759033986,34.6164,32.5674,22,14
8.465047833668311,49.4867025626512,31.4222,31.1432,24,14
8.465047343647756,49.48674753496219,45.5978,35.3508,20,14
8.465046853625974,49.486792507272796,45.8175,35.4215,20,14
8.465046363602967,49.48683747958307,45.8172,35.4202,20,14
8.465045873578735,49.48688245189299,45.8159,35.4189,20,14
8.465045383553274,49.48692742420254,45.8123,35.4173,20,14
8.465044893526589,49.48697239651175,45.8082,35.4153,20,14
8.465044403498675,49.48701736882062,45.8026,35.4126,20,14
8.465043913469538,49.487062341129096,44.4644,35.4094,20,14
8.465043423439171,49.487107313437235,35.6266,33.9026,22,14
8.465042933407577,49.487152285745026,35.5181,33.8392,22,14
8.46504244337476,49.487197258052454,43.4747,35.3507,22,14
8.465041953340716,49.487242230359534,44.578,35.408,22,14
8.465041463305445,49.48728720266624,45.801,35.401,20,14
8.465040973268946,49.48733217497261,45.801,35.401,20,14
8.465138912305513,49.48467912748066,36.6244,34.0124,22,14
8.46513842240336,49.48472409980812,36.4221,34.0051,22,14
8.46513793249998,49.48476907213524,45.8313,35.4463,20,14
8.465137442595376,49.484814044461984,45.827,35.443,20,14
8.465136952689543,49.48485901678839,45.6196,35.4406,20,14
8.465136462782485,49.48490398911443,36.3635,33.9765,22,14
8.465135972874203,49.48494896144012,44.9179,35.4689,22,14
8.465135482964692,49.484993933765445,36.4325,33.9525,22,14
8.465134993053958,49.48503890609042,45.6956,35.4436,20,14
8.465134503141996,49.48508387841504,45.7535,35.4425,20,14
8.465134013228807,49.485128850739315,45.8271,35.4431,20,14
8.465133523314394,49.48517382306323,45.8277,35.4447,20,14
8.465133033398754,49.48521879538677,45.7983,35.4463,20,14
8.465132543481888,49.48526376770998,44.231,35.413,22,14
8.465132053563796,49.48530874003283,43.5968,35.4128,22,14
8.465131563644478,49.48535371235531,35.9803,33.9433,22,14
8.465131073723933,49.48539868467746,36.2231,33.9581,22,14
8.465130583802164,49.48544365699923,45.6909,35.4479,20,14
8.465130093879166,49.48548862932065,45.6766,35.4486,20,14
8.465129603954944,49.48553360164173,45.8326,35.4486,20,14
8.465129114029498,49.485578573962464,45.7429,35.4479,20,14
8.465128624102823,49.4856235462828,44.4938,35.4458,22,14
8.465128134174922,49.485668518602814,44.6976,35.4356,9,14
8.465127644245795,49.485713490922464,45.8326,35.4486,20,14
8.465127154315441,49.48575846324176,45.8328,35.4488,20,14
8.465126664383861,49.485803435560705,45.0921,35.4471,20,14
8.465126174451058,49.48584840787929,32.8282,32.5792,24,14
8.465125684517027,49.48589338019751,35.0803,33.3033,22,14
8.46512519458177,49.48593835251538,43.3961,35.0461,22,14
8.465124704645286,49.485983324832915,43.1427,35.0877,22,14
8.465124214707576,49.48602829715008,43.2336,35.1556,22,14
8.46512372476864,49.486073269466885,44.0997,35.2907,22,14
8.465123234828479,49.48611824178334,45.8251,35.4381,20,14
8.46512274488709,49.48616321409945,45.8218,35.4378,20,14
8.465122254944475,49.48620818641519,45.8215,35.4375,20,14
8.465121765000635,49.48625315873057,45.8204,35.4364,20,14
8.46512127505557,49.48629813104561,45.8087,35.4347,20,14
8.465120785109276,49.48634310336029,44.0528,35.3058,22,14
8.465120295161759,49.48638807567461,43.8567,35.1927,22,14
8.465119805213014,49.48643304798858,43.215,35.0341,22,14
8.465119315263042,49.48647802030221,43.4022,34.7743,22,14
8.465118825311846,49.486522992615456,43.9096,34.4076,22,14
8.46511833535942,49.486567964928355,44.2991,34.8062,22,14
8.465117845405771,49.486612937240906,44.5044,34.8394,22,14
8.465117355450896,49.4866579095531,43.0718,34.2308,22,14
8.465116865494794,49.48670288186496,33.5622,33.3322,25,14
8.465116375537466,49.486747854176436,34.8475,32.3596,22,14
8.46511588557891,49.48679282648755,45.592,35.373,20,14
8.46511539561913,49.486837798798334,45.7284,35.4184,20,14
8.465114905658124,49.48688277110875,45.8134,35.4174,20,14
8.465114415695892,49.48692774341881,45.8109,35.4159,20,14
8.465113925732432,49.48697271572853,45.8058,35.4138,20,14
8.465113435767746,49.48701768803788,45.5939,35.4109,20,14
8.465112945801835,49.48706266034687,35.5484,33.8554,22,14
8.465112455834696,49.48710763265551,35.2034,33.7524,22,14
8.465111965866333,49.4871526049638,35.3987,33.7797,22,14
8.465111475896743,49.48719757727173,44.082,35.361,22,14
8.465110985925927,49.48724254957932,45.8028,35.4019,20,14
8.465110495953882,49.48728752188654,45.8029,35.4019,20,14
8.465110005980614,49.48733249419342,35.8188,33.9019,20,14
8.465207941288199,49.48467944663054,36.4093,34.0223,22,14
8.465207451449265,49.48472441895851,36.5544,34.0054,22,14
8.465206961609104,49.48476939128612,45.8318,35.4458,20,14
8.46520647176772,49.484814363613374,45.7756,35.4436,20,14
8.465205981925108,49.48485933594027,35.734,33.942,20,14
8.46520549208127,49.48490430826682,36.2171,33.9421,22,14
8.465205002236207,49.48494928059302,44.7906,35.4247,22,14
8.465204512389917,49.48499425291885,44.5678,35.4068,22,14
8.465204022542402,49.48503922524433,36.1616,33.9066,22,14
8.46520353269366,49.48508419756945,36.3557,33.9287,22,14
8.465203042843694,49.48512916989422,45.7308,35.4388,20,14
8.465202552992501,49.48517414221864,45.8263,35.4424,20,14
8.465202063140081,49.485219114542694,45.8313,35.4453,20,14
8.465201573286436,49.4852640868664,45.8154,35.4464,20,14
8.465201083431566,49.48530905918976,44.4978,35.4638,22,14
8.465200593575469,49.48535403151275,44.1344,35.4514,22,14
8.465200103718148,49.48539900383539,35.8173,33.9313,22,14
8.465199613859598,49.485443976157676,44.0357,35.4467,22,14
8.465199123999824,49.485488948479606,36.1369,33.9699,22,14
8.465198634138824,49.48553392080118,45.7712,35.4452,20,14
8.465198144276597,49.4855788931224,45.8271,35.4442,20,14
8.465197654413146,49.485623865443266,45.8272,35.4432,20,14
8.465197164548467,49.485668837763775,45.8271,35.4431,20,14
8.465196674682563,49.48571381008393,45.8271,35.4441,20,14
8.465196184815433,49.48575878240373,45.7174,35.4444,20,14
8.465195694947077,49.48580375472318,35.9379,33.7459,22,14
8.465195205077496,49.48584872704226,35.1935,33.2375,22,14
8.465194715206689,49.485893699360986,43.5173,34.9993,22,14
8.465194225334654,49.48593867167937,43.3111,35.0821,22,14
8.465193735461394,49.48598364399739,43.2508,35.1519,22,14
8.465193245586908,49.48602861631506,44.2475,35.2975,22,14
8.465192755711197,49.48607358863238,45.8204,35.4365,20,14
8.46519226583426,49.48611856094934,45.8204,35.4364,20,14
8.465191775956097,49.486163533265945,45.8213,35.4373,20,14
8.465191286076706,49.4862085055822,45.8249,35.4379,20,14
8.46519079619609,49.48625347789808,45.8249,35.4379,20,14
8.465190306314248,49.486298450213624,45.8211,35.4371,20,14
8.465189816431181,49.486343422528805,45.8203,35.4354,20,14
8.465189326546888,49.48638839484364,45.6947,35.4327,20,14
8.465188836661367,49.486433367158114,43.9639,35.1109,22,14
8.465188346774621,49.486478339472235,42.9619,34.2079,22,14
8.46518785688665,49.486523311785994,34.4793,33.7983,24,14
8.465187366997451,49.4865682840994,43.3567,34.4518,22,14
8.46518687710703,49.48661325641246,43.8501,34.9821,22,14
8.465186387215379,49.48665822872516,43.2345,34.7956,22,14
8.465185897322504,49.4867032010375,42.5433,34.3243,22,14
8.4651854074284,49.48674817334949,34.4713,32.6724,22,14
8.465184917533074,49.48679314566112,33.5283,33.3013,25,14
8.46518442763652,49.48683811797239,34.7595,32.4055,22,14
8.46518393773874,49.48688309028332,45.5809,35.3589,20,14
8.465183447839733,49.486928062593876,45.7,35.4141,20,14
8.465182957939502,49.486973034904096,45.802,35.412,20,14
8.465182468038044,49.48701800721396,43.6693,35.4093,20,14
8.465181978135359,49.487062979523444,34.8932,33.6122,22,14
8.46518148823145,49.487107951832606,34.7436,33.5086,22,14
8.465180998326312,49.48715292414139,35.4103,33.7263,22,14
8.46518050841995,49.48719789644983,44.5085,35.3825,22,14
8.465180018512362,49.48724286875792,45.8066,35.4026,20,14
8.465179528603548,49.487287841065644,45.8048,35.4028,20,14
8.465179038693506,49.48733281337301,35.8194,33.9025,20,14
8.465276970272111,49.48467976573923,36.3221,33.9921,22,14
8.465276480496398,49.48472473806769,45.8324,35.4474,20,14
8.465275990719455,49.48476971039581,45.7758,35.4468,20,14
8.46527550094129,49.484814682723574,36.3557,33.9868,22,14
8.465275011161896,49.48485965505098,36.0964,33.9514,22,14
8.46527452138128,49.48490462737803,45.2604,35.4324,22,14
8.465274031599437,49.48494959970472,44.9771,35.4111,22,14
8.465273541816366,49.484994572031056,44.5679,35.3839,22,14
8.465273052032073,49.48503954435704,44.3562,35.3672,22,14
8.465272562246552,49.48508451668267,35.9889,33.8749,22,14
8.465272072459806,49.48512948900795,44.7615,35.3975,22,14
8.465271582671834,49.48517446133287,45.7252,35.4412,20,14
8.465271092882634,49.48521943365743,45.7157,35.4457,20,14
8.465270603092211,49.485264405981646,45.8324,35.4474,20,14
8.465270113300562,49.48530937830551,45.8322,35.4473,20,14
8.465269623507687,49.485354350628995,45.8312,35.4462,20,14
8.465269133713585,49.485399322952134,44.5268,35.4688,22,14
8.465268643918261,49.48544429527494,44.0158,35.4549,22,14
8.465268154121707,49.48548926759736,43.4487,35.4377,22,14
8.465267664323928,49.48553423991944,44.2528,35.4678,22,14
8.465267174524925,49.48557921224116,45.7709,35.4419,20,14
8.465266684724696,49.48562418456253,45.7451,35.4411,20,14
8.46526619492324,49.48566915688355,45.826,35.4411,20,14
8.465265705120558,49.4857141292042,45.7104,35.4415,20,14
8.465265215316652,49.4857591015245,35.3439,33.1179,22,14
8.465264725511519,49.485804073844456,35.9725,33.5276,22,14
8.46526423570516,49.48584904616405,35.4049,33.5469,22,14
8.465263745897575,49.485894018483286,43.4678,35.0768,22,14
8.465263256088766,49.48593899080217,43.3002,35.1152,22,14
8.46526276627873,49.485983963120695,43.4078,35.2038,22,14
8.465262276467467,49.486028935438874,45.8204,35.4364,20,14
8.46526178665498,49.48607390775668,45.8203,35.4354,20,14
8.465261296841264,49.48611888007415,45.8209,35.4359,20,14
8.465260807026326,49.48616385239125,45.8215,35.4375,20,14
8.465260317210161,49.486208824708,45.8251,35.4391,20,14
8.46525982739277,49.48625379702441,45.826,35.44,20,14
8.465259337574153,49.48629876934044,45.8254,35.4405,20,14
8.46525884775431,49.486343741656135,45.8257,35.4397,20,14
8.465258357933243,49.486388713971465,45.8251,35.4381,20,14
8.465257868110948,49.486433686286446,45.8206,35.4356,20,14
8.465257378287427,49.48647865860107,45.8184,35.4324,20,14
8.465256888462681,49.48652363091533,45.7509,35.4289,20,14
8.46525639863671,49.486568603229244,43.9987,35.1747,22,14
8.46525590880951,49.486613575542805,43.6533,35.2073,22,14
8.465255418981089,49.48665854785601,43.0415,35.0705,22,14
8.465254929151438,49.48670352016885,42.5779,34.8499,22,14
8.465254439320564,49.48674849248135,42.1884,34.6345,22,14
8.465253949488462,49.48679346479348,41.6087,34.1847,22,14
8.465253459655134,49.48683843710526,33.8167,32.4688,22,14
8.465252969820583,49.48688340941669,31.8005,31.7425,24,14
8.465252479984802,49.486928381727765,34.5275,32.8165,22,14
8.465251990147797,49.486973354038476,43.9539,35.4099,20,14
8.465251500309567,49.48701832634884,35.0248,33.5988,22,14
8.46525101047011,49.487063298658846,34.4923,33.3393,22,14
8.465250520629427,49.4871082709685,34.4155,33.3085,22,14
8.46525003078752,49.48715324327778,43.9146,35.2537,22,14
8.465249540944384,49.48719821558672,45.807,35.403,20,14
8.465249051100024,49.48724318789532,45.8055,35.4035,20,14
8.465248561254437,49.48728816020355,35.8225,33.9035,20,14
8.465248071407625,49.48733313251143,35.821,33.903,20,14
8.465345999257249,49.484680084806726,44.9832,35.4872,22,14
8.465345509544754,49.48472505713569,45.8323,35.4474,20,14
8.465345019831032,49.484770029464315,45.8323,35.4483,20,14
8.465344530116086,49.484815001792576,45.7505,35.4496,20,14
8.465344040399913,49.48485997412049,45.7404,35.4504,20,14
8.465343550682515,49.48490494644804,45.7016,35.4507,20,14
8.465343060963892,49.484949918775236,45.8181,35.4221,20,14
8.465342571244042,49.48499489110208,45.7791,35.3681,20,14
8.465342081522968,49.485039863428575,45.3828,35.3778,20,14
8.465341591800668,49.4850848357547,44.5767,35.3727,22,14
8.465341102077144,49.48512980808048,44.073,35.328,22,14
8.46534061235239,49.485174780405906,44.2384,35.1984,22,14
8.465340122626415,49.48521975273097,36.199,33.082,23,14
8.465339632899212,49.48526472505569,45.6825,35.4496,20,14
8.465339143170784,49.48530969738004,45.8331,35.4492,20,14
8.46533865344113,49.485354669704044,45.8326,35.4477,20,14
8.46533816371025,49.485399642027694,45.8318,35.4459,20,14
8.465337673978146,49.48544461435098,45.8031,35.4441,20,14
8.465337184244815,49.48548958667392,44.2696,35.4677,22,14
8.46533669451026,49.485534558996505,43.5827,35.4427,22,14
8.465336204774477,49.485579531318734,35.955,33.947,22,14
8.46533571503747,49.4856245036406,36.223,33.951,22,14
8.465335225299237,49.48566947596212,45.724,35.4391,20,14
8.465334735559779,49.48571444828328,45.6552,35.4392,20,14
8.465334245819095,49.48575942060409,32.8016,32.5887,24,14
8.465333756077186,49.48580439292455,35.3272,33.2222,22,14
8.46533326633405,49.48584936524464,43.5386,35.0336,22,14
8.465332776589689,49.48589433756438,43.3126,35.0866,22,14
8.465332286844102,49.485939309883776,43.243,35.1451,22,14
8.465331797097289,49.48598428220279,43.6872,35.2702,22,14
8.465331307349253,49.486029254521476,45.82,35.4361,20,14
8.465330817599988,49.4860742268398,45.8203,35.4354,20,14
8.465330327849498,49.48611919915776,45.8204,35.4364,20,14
8.465329838097784,49.48616417147538,45.8245,35.4386,20,14
8.465329348344843,49.486209143792635,45.8258,35.4408,20,14
8.465328858590677,49.48625411610953,45.8269,35.4429,20,14
8.465328368835284,49.48629908842608,45.8273,35.4443,20,14
8.465327879078668,49.486344060742276,45.831,35.445,20,14
8.465327389320823,49.4863890330581,45.8312,35.4452,20,14
8.465326899561754,49.486434005373575,45.8273,35.4443,20,14
8.46532640980146,49.486478977688726,45.8263,35.4424,20,14
8.465325920039938,49.48652395000348,45.8253,35.4394,20,14
8.465325430277193,49.4865689223179,45.8206,35.4356,20,14
8.46532494051322,49.48661389463196,45.7752,35.4312,20,14
8.465324450748023,49.486658866945675,43.9916,35.3217,22,14
8.4653239609816,49.486703839259015,42.8591,35.0901,22,14
8.46532347121395,49.48674881157202,42.3171,34.8541,22,14
8.465322981445077,49.48679378388465,41.7694,34.5374,22,14
8.465322491674975,49.48683875619694,41.1146,33.9116,22,14
8.46532200190365,49.486883728508865,32.7451,32.7141,24,14
8.465321512131098,49.486928700820435,33.8126,32.6916,22,14
8.465321022357319,49.486973673131665,34.5225,33.2535,22,14
8.465320532582316,49.48701864544254,34.2047,33.1967,22,14
8.465320042806086,49.48706361775304,33.9538,33.0668,22,14
8.465319553028632,49.4871085900632,34.0922,33.1503,22,14
8.465319063249952,49.487153562372995,45.807,35.403,20,14
8.465318573470045,49.48719853468244,45.8059,35.4039,20,14
8.465318083688912,49.48724350699154,45.8093,35.4043,20,14
8.465317593906555,49.48728847930026,35.8232,33.9042,20,14
8.46531710412297,49.48733345160864,45.8055,35.4035,20,14
8.465415028243614,49.484680403833025,45.8321,35.4471,20,14
8.465414538594334,49.48472537616251,45.8329,35.4479,20,14
8.465414048943835,49.48477034849163,45.4316,35.4497,20,14
8.465413559292108,49.484815320820395,36.4445,33.9795,22,14
8.465413069639155,49.4848602931488,36.4648,33.9508,22,14
8.465412579984976,49.48490526547687,45.4952,35.4262,20,14
8.465412090329572,49.48495023780457,45.4919,35.4169,20,14
8.465411600672944,49.48499521013191,45.8042,35.4012,20,14
8.46541111101509,49.4850401824589,45.7701,35.3741,20,14
8.46541062135601,49.485085154785544,45.3369,35.3899,20,14
8.465410131695705,49.48513012711182,44.7209,35.373,20,14
8.465409642034174,49.485175099437754,44.2405,35.1705,22,14
8.46540915237142,49.485220071763315,34.8919,34.2659,25,14
8.465408662707437,49.48526504408853,35.449,33.077,22,14
8.465408173042231,49.4853100164134,35.7035,33.8645,20,14
8.4654076833758,49.48535498873791,45.7267,35.4497,20,14
8.465407193708142,49.48539996106206,45.8327,35.4478,20,14
8.465406704039259,49.485444933385864,45.8318,35.4458,20,14
8.465406214369152,49.485489905709294,45.7989,35.4439,20,14
8.465405724697815,49.48553487803239,44.4988,35.4688,22,14
8.465405235025257,49.485579850355116,44.1227,35.4458,22,14
8.465404745351472,49.48562482267749,35.7687,33.8987,22,14
8.46540425567646,49.48566979499951,35.8046,33.8616,22,14
8.465403766000225,49.48571476732118,35.9568,33.7779,22,14
8.465403276322764,49.48575973964248,35.436,33.355,22,14
8.465402786644077,49.485804711963446,43.739,35.0171,22,14
8.465402296964166,49.485849684284034,43.3856,35.0696,22,14
8.465401807283028,49.48589465660429,43.2799,35.101,22,14
8.465401317600664,49.48593962892417,43.4326,35.1866,22,14
8.465400827917076,49.48598460124371,44.3827,35.3547,22,14
8.465400338232262,49.48602957356289,45.8202,35.4362,20,14
8.465399848546221,49.48607454588171,45.8209,35.4359,20,14
8.465399358858956,49.48611951820019,45.8215,35.4375,20,14
8.465398869170466,49.486164490518306,45.8259,35.4399,20,14
8.46539837948075,49.48620946283607,45.8269,35.4429,20,14
8.46539788978981,49.48625443515347,45.8317,35.4457,20,14
8.465397400097642,49.48629940747052,45.8323,35.4483,20,14
8.465396910404248,49.48634437978721,45.8339,35.451,20,14
8.46539642070963,49.48638935210356,45.8382,35.4532,20,14
8.465395931013786,49.48643432441955,45.8391,35.4551,20,14
8.465395441316717,49.48647929673517,45.8389,35.4559,20,14
8.465394951618421,49.48652426905044,45.8397,35.4557,20,14
8.465394461918901,49.486569241365366,45.838,35.454,20,14
8.465393972218155,49.486614213679935,45.8339,35.451,20,14
8.465393482516182,49.48665918599414,45.7519,35.4459,20,14
8.465392992812987,49.48670415830799,43.8647,35.3037,22,14
8.465392503108564,49.48674913062149,42.6536,35.0436,22,14
8.465392013402916,49.48679410293464,41.9765,34.7695,22,14
8.465391523696042,49.48683907524743,41.3386,34.4446,22,14
8.465391033987942,49.486884047559855,40.6564,34.0984,22,14
8.465390544278616,49.486929019871944,41.0067,34.3027,22,14
8.465390054568067,49.486973992183664,41.0765,34.4015,22,14
8.465389564856292,49.487018964495036,33.7562,32.8732,22,14
8.465389075143289,49.487063936806045,33.583,32.854,22,14
8.46538858542906,49.487108909116714,40.8898,34.5188,22,14
8.465388095713609,49.487153881427,45.5628,35.4038,20,14
8.465387605996929,49.487198853736956,45.8095,35.4045,20,14
8.465387116279027,49.48724382604655,45.8098,35.4048,20,14
8.465386626559898,49.487288798355785,45.8097,35.4047,20,14
8.465386136839541,49.48733377066467,45.807,35.404,20,14
8.465484057231201,49.48468072281815,45.8322,35.4473,20,14
8.465483567645144,49.484725695148136,45.7608,35.4489,20,14
8.465483078057861,49.484770667477754,36.5326,33.9886,22,14
8.465482588469355,49.484815639807024,36.469,33.9821,22,14
8.46548209887962,49.48486061213593,36.4244,33.9594,22,14
8.465481609288663,49.4849055844645,45.223,35.456,20,14
8.465481119696479,49.4849505567927,44.9921,35.4391,22,14
8.465480630103071,49.48499552912055,45.8335,35.4516,20,14
8.465480140508436,49.485040501448054,45.8324,35.4485,20,14
8.465479650912577,49.485085473775186,45.7433,35.4463,20,14
8.465479161315494,49.48513044610198,45.2521,35.4461,20,14
8.465478671717184,49.485175418428405,45.8335,35.4496,20,14
8.465478182117648,49.48522039075448,45.8371,35.4521,20,14
8.465477692516888,49.48526536308021,45.2031,35.4531,20,14
8.465477202914904,49.485310335405565,35.9881,33.8561,22,14
8.465476713311693,49.48535530773057,36.5413,33.8673,9,14
8.465476223707258,49.48540028005524,45.8328,35.4498,20,14
8.465475734101597,49.485445252379535,45.832,35.448,20,14
8.465475244494709,49.48549022470347,45.8312,35.4462,20,14
8.465474754886598,49.48553519702707,45.8276,35.4436,20,14
8.46547426527726,49.485580169350314,45.7381,35.4411,20,14
8.465473775666698,49.48562514167318,44.6611,35.4161,22,14
8.46547328605491,49.4856701139957,44.2773,35.3643,22,14
8.465472796441897,49.485715086317875,35.8421,33.7871,22,14
8.465472306827658,49.485760058639684,35.5345,33.6555,22,14
8.465471817212196,49.48580503096115,43.5929,35.1149,22,14
8.465471327595507,49.48585000328225,43.2515,35.0945,22,14
8.465470837977593,49.485894975603,43.2062,35.1212,22,14
8.465470348358451,49.48593994792339,43.6659,35.235,22,14
8.465469858738087,49.48598492024343,45.8218,35.4378,20,14
8.465469369116496,49.48602989256312,45.8204,35.4364,20,14
8.465468879493681,49.48607486488245,45.8206,35.4366,20,14
8.46546838986964,49.48611983720142,45.8244,35.4384,20,14
8.465467900244375,49.48616480952005,45.8264,35.4414,20,14
8.465467410617881,49.486209781838305,45.8276,35.4446,20,14
8.465466920990165,49.48625475415621,45.8323,35.4483,20,14
8.465466431361222,49.48629972647377,45.8375,35.4525,20,14
8.465465941731054,49.486344698790965,45.84,35.457,20,14
8.465465452099663,49.4863896711078,45.8449,35.4619,20,14
8.465464962467042,49.4864346434243,45.8508,35.4668,20,14
8.4654644728332,49.486479615740436,45.8528,35.4718,20,14
8.465463983198129,49.486524588056206,45.8583,35.4763,20,14
8.465463493561835,49.48656956037163,45.8599,35.4799,20,14
8.465463003924315,49.4866145326867,45.8637,35.4817,20,14
8.46546251428557,49.48665950500141,45.745,35.479,20,14
8.4654620246456,49.486704477315776,35.8506,33.9056,22,14
8.465461535004403,49.48674944962978,43.1673,35.2443,22,14
8.46546104536198,49.48679442194342,42.3214,34.9974,22,14
8.465460555718334,49.48683939425671,41.659,34.7,22,14
8.465460066073462,49.486884366569655,40.7681,34.3811,22,14
8.465459576427364,49.486929338882234,40.6881,34.2451,22,14
8.46545908678004,49.48697431119446,40.5277,34.1647,22,14
8.46545859713149,49.48701928350634,40.4055,34.0985,22,14
8.465458107481716,49.48706425581785,40.2677,34.0977,22,14
8.465457617830717,49.48710922812902,40.4316,34.2856,22,14
8.46545712817849,49.48715420043982,42.5253,34.9373,22,14
8.465456638525042,49.487199172750266,45.7028,35.4048,20,14
8.465456148870365,49.48724414506037,45.8101,35.4051,20,14
8.465455659214463,49.48728911737011,45.811,35.405,20,14
8.465455169557337,49.48733408967951,45.8093,35.4043,20,14
8.465553086220016,49.484681041762066,45.8074,35.4474,20,14
8.465552596697178,49.48472601409256,45.8335,35.4495,20,14
8.465552107173114,49.48477098642269,45.8342,35.4513,20,14
8.465551617647826,49.484815958752456,45.7762,35.4532,20,14
8.465551128121312,49.48486093108188,45.302,35.472,22,14
8.465550638593575,49.48490590341095,45.3217,35.4597,22,14
8.465550149064612,49.48495087573964,44.6602,35.4442,22,14
8.465549659534423,49.484995848068,45.839,35.455,20,14
8.465549170003008,49.48504082039602,45.8375,35.4525,20,14
8.465548680470372,49.48508579272365,45.7496,35.4507,20,14
8.465548190936508,49.48513076505093,36.4384,33.9504,20,14
8.465547701401418,49.48517573737787,45.8379,35.4519,20,14
8.465547211865106,49.48522070970444,45.6987,35.4537,20,14
8.465546722327565,49.485265682030686,36.3997,33.8877,22,14
8.465546232788801,49.48531065435655,44.9869,35.3829,22,14
8.465545743248812,49.48535562668206,45.7878,35.3939,20,14
8.4655452537076,49.485400599007214,45.8336,35.4516,20,14
8.465544764165159,49.48544557133202,35.8731,33.9501,20,14
8.465544274621495,49.48549054365646,45.8332,35.4482,20,14
8.465543785076605,49.48553551598057,45.8318,35.4459,20,14
8.465543295530491,49.48558048830431,45.8267,35.4427,20,14
8.46554280598315,49.48562546062768,45.47,35.439,20,14
8.465542316434584,49.485670432950705,44.7543,35.3884,22,14
8.465541826884795,49.48571540527339,44.455,35.325,22,14
8.465541337333779,49.485760377595696,43.9564,35.2415,22,14
8.465540847781538,49.48580534991767,43.5725,35.1736,22,14
8.465540358228072,49.48585032223927,43.2124,35.1254,22,14
8.465539868673382,49.48589529456053,43.1363,35.1413,22,14
8.465539379117464,49.48594026688142,43.5868,35.2528,22,14
8.465538889560325,49.485985239201966,45.8206,35.4366,20,14
8.465538400001957,49.486030211522156,45.8209,35.4359,20,14
8.465537910442366,49.48607518384198,45.8207,35.4367,20,14
8.46553742088155,49.48612015616146,45.8248,35.4388,20,14
8.465536931319507,49.486165128480586,45.826,35.442,20,14
8.46553644175624,49.486210100799354,45.8318,35.4459,20,14
8.465535952191747,49.48625507311777,45.8336,35.4506,20,14
8.46553546262603,49.48630004543581,45.839,35.4561,20,14
8.465534973059087,49.48634501775352,45.8456,35.4626,20,14
8.465534483490918,49.48638999007087,45.8522,35.4702,20,14
8.465533993921525,49.486434962387875,45.8599,35.4789,20,14
8.465533504350907,49.4864799347045,45.8704,35.4885,20,14
8.465533014779062,49.48652490702078,45.8786,35.4986,20,14
8.465532525205994,49.486569879336706,45.8891,35.5091,20,14
8.465532035631702,49.48661485165229,45.8969,35.5179,20,14
8.465531546056182,49.486659823967514,45.8983,35.5213,20,14
8.465531056479437,49.48670479628237,45.8918,35.5139,20,14
8.465530566901466,49.48674976859687,45.7411,35.4962,20,14
8.465530077322272,49.48679474091101,44.0306,35.3086,22,14
8.465529587741852,49.48683971322482,42.4277,34.9937,22,14
8.465529098160205,49.486884685538264,40.6677,34.4237,22,14
8.465528608577335,49.486929657851334,40.4415,34.1606,22,14
8.465528118993237,49.486974630164084,40.2841,33.9651,22,14
8.465527629407916,49.48701960247645,40.0287,33.8058,22,14
8.46552713982137,49.48706457478848,39.8493,33.6963,22,14
8.465526650233597,49.48710954710014,39.973,33.89,22,14
8.4655261606446,49.48715451941144,40.8338,34.3698,22,14
8.465525671054378,49.48719949172241,34.6723,33.4353,22,14
8.46552518146293,49.487244464033004,45.7688,35.4048,20,14
8.465524691870257,49.487289436343254,45.7637,35.4047,20,14
8.46552420227636,49.48733440865314,45.8083,35.4043,20,14
8.465622115210053,49.48468136066481,36.0128,33.9218,22,14
8.465621625750435,49.4847263329958,45.7872,35.4492,20,14
8.46562113628959,49.484771305326426,45.834,35.451,20,14
8.465620646827523,49.48481627765671,45.8379,35.4529,20,14
8.46562015736423,49.48486124998663,45.8389,35.4549,20,14
8.465619667899713,49.4849062223162,45.7743,35.4563,20,14
8.465619178433968,49.48495119464541,45.0232,35.4572,22,14
8.465618688967002,49.48499616697426,45.8396,35.4556,20,14
8.465618199498808,49.48504113930277,45.8388,35.4538,20,14
8.465617710029388,49.48508611163092,45.4085,35.4525,20,14
8.465617220558746,49.485131083958706,36.406,33.972,22,14
8.465616731086879,49.48517605628614,45.838,35.453,20,14
8.465616241613786,49.48522102861323,45.6815,35.4545,20,14
8.465615752139469,49.485266000939966,36.5587,33.7977,9,14
8.465615262663924,49.48531097326634,44.8955,35.3475,22,14
8.465614773187157,49.485355945592346,45.8175,35.4215,20,14
8.465614283709165,49.48540091791801,45.8377,35.4527,20,14
8.465613794229947,49.48544589024332,45.5972,35.4512,20,14
8.465613304749505,49.48549086256826,36.6333,34.0073,22,14
8.465612815267837,49.48553583489288,45.8321,35.4471,20,14
8.465612325784946,49.48558080721711,45.7466,35.4436,20,14
8.465611836300827,49.485625779540996,36.3686,33.9716,22,14
8.465611346815484,49.48567075186453,36.2646,33.9377,22,14
8.465610857328917,49.4857157241877,44.7536,35.3946,22,14
8.465610367841125,49.48576069651052,44.1029,35.331,22,14
8.465609878352106,49.485805668832995,43.6437,35.2677,22,14
8.465609388861864,49.4858506411551,43.1619,35.178,22,14
8.465608899370396,49.485895613476856,43.0808,35.1658,22,14
8.465608409877705,49.48594058579826,43.2746,35.2797,22,14
8.465607920383787,49.4859855581193,45.7191,35.4351,20,14
8.465607430888644,49.48603053043999,45.7741,35.4351,20,14
8.465606941392277,49.48607550276033,45.82,35.4361,20,14
8.465606451894685,49.48612047508031,45.8245,35.4385,20,14
8.465605962395866,49.48616544739995,45.8269,35.442,20,14
8.465605472895822,49.486210419719214,45.8311,35.4462,20,14
8.465604983394554,49.48625539203813,45.8337,35.4518,20,14
8.465604493892062,49.486300364356694,45.8406,35.4586,20,14
8.465604004388345,49.4863453366749,45.8513,35.4673,20,14
8.465603514883401,49.486390308992746,45.8588,35.4778,20,14
8.465603025377234,49.48643528131024,45.871,35.4901,20,14
8.465602535869841,49.48648025362738,45.884,35.504,20,14
8.465602046361223,49.48652522594416,45.8977,35.5197,20,14
8.465601556851379,49.486570198260594,45.9112,35.5362,20,14
8.465601067340312,49.48661517057666,45.9284,35.5515,20,14
8.465600577828017,49.4866601428924,45.9353,35.5593,20,14
8.465600088314499,49.48670511520776,45.9302,35.5552,20,14
8.465599598799756,49.48675008752278,45.9113,35.5353,20,14
8.465599109283788,49.486795059837426,45.8837,35.5037,20,14
8.465598619766594,49.48684003215172,45.7823,35.4673,20,14
8.465598130248175,49.48688500446566,41.0205,34.5406,22,14
8.46559764072853,49.48692997677926,40.3211,34.0981,22,14
8.465597151207662,49.4869749490925,39.9264,33.7584,22,14
8.465596661685568,49.487019921405384,39.5234,33.3835,22,14
8.465596172162249,49.4870648937179,39.1743,32.7293,22,14
8.465595682637705,49.48710986603007,39.1978,33.1268,22,14
8.465595193111936,49.48715483834187,39.9722,33.6752,22,14
8.46559470358494,49.48719981065334,40.7176,34.2686,22,14
8.46559421405672,49.487244782964446,34.5747,33.3537,22,14
8.465593724527276,49.487289755275185,34.9019,33.6269,22,14
8.465593234996605,49.48733472758559,45.7195,35.4035,20,14
8.465691144201317,49.48468167952637,35.6671,33.8541,22,14
8.465690654804918,49.48472665185785,36.0379,33.9139,22,14
8.465690165407295,49.48477162418899,45.7787,35.4497,20,14
8.465689676008445,49.484816596519764,45.7717,35.4518,20,14
8.465689186608373,49.4848615688502,45.8386,35.4536,20,14
8.465688697207074,49.484906541180266,45.8389,35.4549,20,14
8.46568820780455,49.484951513509984,45.8395,35.4555,20,14
8.465687718400803,49.48499648583934,45.8389,35.455,20,14
8.46568722899583,49.485041458168354,45.5348,35.4538,20,14
8.465686739589632,49.485086430497006,36.5072,33.9862,22,14
8.465686250182209,49.485131402825296,36.4872,33.9772,22,14
8.465685760773562,49.48517637515324,45.8383,35.4534,20,14
8.465685271363691,49.485221347480824,45.8386,35.4546,20,14
8.465684781952595,49.485266319808055,45.8092,35.4163,20,14
8.465684292540274,49.48531129213494,45.7962,35.3982,20,14
8.465683803126728,49.485356264461444,45.827,35.444,20,14
8.465683313711956,49.48540123678762,45.8372,35.4522,20,14
8.465682824295959,49.485446209113434,45.834,35.451,20,14
8.46568233487874,49.485491181438874,45.8335,35.4496,20,14
8.465681845460294,49.48553615376399,45.8321,35.4471,20,14
8.465681356040625,49.485581126088725,45.4902,35.4432,20,14
8.46568086661973,49.485626098413114,36.2837,33.9827,22,14
8.465680377197609,49.48567107073716,36.5095,34.0195,22,14
8.465679887774265,49.48571604306083,45.5472,35.5022,22,14
8.465679398349694,49.485761015384156,45.8194,35.4344,20,14
8.4656789089239,49.48580598770714,45.7359,35.4349,20,14
8.46567841949688,49.485850960029744,44.2427,35.3357,22,14
8.465677930068637,49.48589593235201,43.3792,35.2972,22,14
8.465677440639167,49.48594090467391,42.7253,35.2813,22,14
8.465676951208474,49.48598587699545,43.2022,35.3312,22,14
8.465676461776555,49.48603084931665,35.9251,33.9001,22,14
8.465675972343412,49.48607582163749,45.7906,35.4346,20,14
8.465675482909042,49.48612079395797,45.7439,35.437,20,14
8.46567499347345,49.486165766278106,45.8253,35.4403,20,14
8.465674504036631,49.48621073859788,45.831,35.445,20,14
8.465674014598589,49.48625571091729,45.8344,35.4514,20,14
8.465673525159321,49.486300683236365,45.8448,35.4599,20,14
8.465673035718828,49.48634565555508,45.8525,35.4705,20,14
8.465672546277109,49.48639062787342,45.8645,35.4835,20,14
8.465672056834165,49.48643560019143,45.8783,35.4993,20,14
8.465671567389998,49.48648057250908,45.8964,35.5174,20,14
8.465671077944608,49.48652554482635,45.9153,35.5373,20,14
8.46567058849799,49.48657051714329,45.9307,35.5577,20,14
8.465670099050147,49.48661548945987,45.9487,35.5747,20,14
8.46566960960108,49.48666046177609,45.9554,35.5834,20,14
8.465669120150787,49.48670543409196,45.9493,35.5773,20,14
8.46566863069927,49.48675040640748,45.9296,35.5556,20,14
8.465668141246528,49.48679537872263,45.8977,35.5197,20,14
8.465667651792561,49.486840351037436,44.6754,35.4774,20,14
8.465667162337368,49.48688532335189,33.8568,33.0388,22,14
8.465666672880953,49.48693029566597,40.2188,34.0028,22,14
8.465666183423311,49.48697526797972,39.5451,33.5131,22,14
8.465665693964445,49.4870202402931,38.4324,32.5675,22,14
8.465665204504353,49.487065212606126,30.1934,30.7754,24,14
8.465664715043035,49.487110184918805,37.7543,31.3983,22,14
8.465664225580493,49.487155157231115,39.1049,32.5789,22,14
8.465663736116728,49.48720012954308,39.6197,33.5468,22,14
8.465663246651737,49.48724510185469,40.5704,34.1564,22,14
8.46566275718552,49.48729007416594,33.8833,33.0713,22,14
8.465662267718077,49.48733504647684,34.8214,33.5655,22,14
8.465760173193805,49.484681998346716,44.9673,35.4134,22,14
8.465759683860625,49.48472697067871,44.1814,35.3834,22,14
8.465759194526221,49.484771943010365,35.8592,33.8742,22,14
8.465758705190591,49.48481691534163,36.195,33.912,22,14
8.46575821585374,49.484861887672565,45.7835,35.4515,20,14
8.46575772651566,49.48490686000314,45.838,35.453,20,14
8.465757237176359,49.48495183233336,45.8386,35.4536,20,14
8.46575674783583,49.48499680466323,45.8207,35.4537,20,14
8.465756258494077,49.48504177699274,36.6283,33.9944,22,14
8.465755769151102,49.48508674932188,36.618,33.994,22,14
8.4657552798069,49.48513172165069,45.8379,35.4529,20,14
8.465754790461473,49.48517669397914,45.7456,35.4536,20,14
8.465754301114822,49.48522166630722,45.5865,35.4545,20,14
8.465753811766946,49.485266638634954,45.8386,35.4536,20,14
8.465753322417845,49.48531161096235,45.8372,35.4522,20,14
8.465752833067523,49.48535658328936,45.6756,35.4516,20,14
8.465752343715973,49.48540155561603,45.7084,35.4504,20,14
8.4657518543632,49.48544652794235,45.8335,35.4496,20,14
8.465751365009199,49.485491500268296,45.8322,35.4482,20,14
8.465750875653976,49.485536472593914,45.3958,35.4458,20,14
8.465750386297529,49.48558144491916,36.3266,33.9746,22,14
8.465749896939856,49.48562641724404,36.3017,33.9757,22,14
8.465749407580958,49.48567138956858,45.4474,35.5174,22,14
8.465748918220836,49.48571636189278,45.8205,35.4355,20,14
8.46574842885949,49.485761334216605,45.8206,35.4357,20,14
8.465747939496918,49.48580630654007,45.8202,35.4362,20,14
8.465747450133122,49.48585127886319,45.82,35.4361,20,14
8.4657469607681,49.485896251185956,45.7364,35.4354,20,14
8.465746471401857,49.48594122350836,44.0625,35.3895,22,14
8.465745982034385,49.48598619583041,43.3503,35.3053,22,14
8.465745492665691,49.48603116815212,35.4341,33.7731,22,14
8.465745003295773,49.48607614047346,35.5252,33.7993,22,14
8.465744513924628,49.48612111279444,35.9369,33.8809,22,14
8.465744024552258,49.48616608511508,45.7822,35.4372,20,14
8.465743535178664,49.48621105743536,45.8262,35.4422,20,14
8.465743045803846,49.486256029755275,45.8331,35.4491,20,14
8.465742556427802,49.48630100207483,45.8404,35.4585,20,14
8.465742067050536,49.48634597439406,45.853,35.471,20,14
8.465741577672041,49.486390946712916,45.8666,35.4867,20,14
8.465741088292324,49.486435919031415,45.8847,35.5057,20,14
8.465740598911383,49.486480891349565,45.9046,35.5276,20,14
8.465740109529216,49.486525863667346,45.9249,35.5509,20,14
8.465739620145824,49.48657083598479,45.9443,35.5723,20,14
8.465739130761207,49.48661580830187,45.961,35.587,20,14
8.465738641375367,49.486660780618614,45.9618,35.5888,20,14
8.465738151988301,49.486705752934974,45.9486,35.5756,20,14
8.46573766260001,49.48675072525099,45.7847,35.5477,20,14
8.465737173210494,49.48679569756665,45.1333,35.5093,20,14
8.465736683819754,49.48684066988196,35.0756,33.5466,22,14
8.46573619442779,49.48688564219692,33.6598,32.8829,22,14
8.4657357050346,49.4869306145115,32.8275,32.3795,22,14
8.465735215640185,49.48697558682576,39.451,33.449,22,14
8.465734726244545,49.487020559139644,38.5944,32.8374,22,14
8.46573423684768,49.48706553145317,37.3997,31.7767,22,14
8.465733747449592,49.48711050376635,29.9008,30.5128,24,14
8.465733258050278,49.48715547607916,30.0401,30.5521,24,14
8.46573276864974,49.487200448391626,38.624,32.666,22,14
8.465732279247977,49.48724542070374,39.7126,33.5446,22,14
8.465731789844988,49.4872903930155,40.2668,33.9818,22,14
8.465731300440774,49.48733536532691,41.1184,34.4054,22,14
8.46582920218752,49.48468231712588,36.0742,33.9002,22,14
8.46582871291756,49.4847272894584,43.9094,35.3414,22,14
8.465828223646373,49.48477226179053,43.7753,35.3113,22,14
8.465827734373963,49.48481723412232,35.8436,33.8366,22,14
8.46582724510033,49.48486220645374,36.1338,33.8889,22,14
8.465826755825471,49.48490717878482,45.7585,35.4505,20,14
8.465826266549389,49.48495215111555,45.8035,35.4515,20,14
8.465825777272082,49.48499712344592,45.8372,35.4522,20,14
8.46582528799355,49.48504209577594,45.8372,35.4522,20,14
8.465824798713793,49.48508706810558,45.8375,35.4525,20,14
8.465824309432811,49.48513204043489,45.7919,35.4529,20,14
8.465823820150607,49.48517701276385,45.5634,35.4534,20,14
8.465823330867178,49.48522198509243,45.5056,35.4536,20,14
8.465822841582522,49.48526695742068,45.8378,35.4529,20,14
8.465822352296643,49.485311929748555,45.2372,35.4513,20,14
8.46582186300954,49.485356902076084,44.694,35.467,22,14
8.465821373721214,49.48540187440325,44.9507,35.4587,22,14
8.465820884431661,49.48544684673008,45.8326,35.4477,20,14
8.465820395140884,49.485491819056534,45.7923,35.4464,20,14
8.465819905848882,49.48553679138264,36.2811,33.9701,22,14
8.465819416555657,49.48558176370839,36.19,33.953,22,14
8.465818927261207,49.48562673603379,36.2139,33.9569,22,14
8.465818437965533,49.48567170835883,45.3436,35.4726,22,14
8.465817948668633,49.485716680683524,45.8206,35.4366,20,14
8.46581745937051,49.48576165300784,45.8215,35.4375,20,14
8.465816970071161,49.485806625331826,45.8252,35.4382,20,14
8.465816480770588,49.485851597655454,45.8252,35.4383,20,14
8.46581599146879,49.485896569978706,45.8216,35.4376,20,14
8.46581550216577,49.48594154230163,45.6352,35.4362,20,14
8.465815012861523,49.48598651462417,44.6599,35.362,22,14
8.465814523556052,49.48603148694637,43.666,35.252,22,14
8.465814034249355,49.48607645926822,43.2727,35.1897,22,14
8.465813544941435,49.48612143158972,35.4699,33.7039,22,14
8.46581305563229,49.48616640391086,35.8591,33.8341,22,14
8.465812566321922,49.48621137623164,45.7584,35.4374,20,14
8.465812077010328,49.48625634855206,45.8274,35.4444,20,14
8.46581158769751,49.48630132087213,45.8383,35.4543,20,14
8.465811098383467,49.48634629319184,45.8512,35.4682,20,14
8.4658106090682,49.486391265511216,45.8661,35.4861,20,14
8.465810119751707,49.48643623783022,45.8853,35.5084,20,14
8.46580963043399,49.48648121014887,45.9099,35.5339,20,14
8.465809141115049,49.48652618246716,45.935,35.56,20,14
8.465808651794884,49.486571154785096,45.9547,35.5807,20,14
8.465808162473493,49.48661612710269,45.9614,35.5894,20,14
8.465807673150879,49.486661099419926,45.9545,35.5805,20,14
8.465807183827039,49.48670607173679,45.7986,35.5546,20,14
8.465806694501975,49.486751044053314,35.6871,33.8561,22,14
8.465806205175685,49.48679601636948,34.9647,33.5137,22,14
8.465805715848171,49.486840988685294,34.1416,33.0786,22,14
8.465805226519432,49.486885961000745,33.2779,32.6049,22,14
8.46580473718947,49.48693093331584,32.6742,32.2143,22,14
8.465804247858284,49.486975905630594,39.4428,33.3828,22,14
8.465803758525873,49.487020877944985,38.99,32.818,9,14
8.465803269192236,49.48706585025901,38.2264,32.4535,22,14
8.465802779857373,49.48711082257269,37.8516,31.9796,22,14
8.465802290521287,49.487155794886014,37.744,31.291,22,14
8.465801801183977,49.487200767199,31.233,30.832,22,14
8.465801311845441,49.487245739511614,39.191,32.971,22,14
8.465800822505681,49.48729071182387,39.6205,33.3775,22,14
8.465800333164696,49.487335684135765,40.1037,33.7338,22,14
8.465898231182457,49.48468263586388,35.7184,33.8314,22,14
8.465897741975715,49.48472760819688,43.422,35.295,22,14
8.46589725276775,49.484772580529516,43.5263,35.2893,22,14
8.46589676355856,49.484817552861806,43.6575,35.3035,22,14
8.465896274348145,49.48486252519374,43.7391,35.3261,22,14
8.465895785136507,49.48490749752533,35.791,33.8311,22,14
8.465895295923644,49.48495246985656,36.1122,33.8922,22,14
8.465894806709557,49.48499744218742,45.7618,35.4498,20,14
8.465894317494246,49.48504241451795,45.7926,35.4506,20,14
8.465893828277709,49.48508738684809,45.8342,35.4512,20,14
8.46589333905995,49.48513235917791,45.8379,35.4519,20,14
8.465892849840964,49.48517733150735,45.8375,35.4525,20,14
8.465892360620757,49.485222303836444,45.8374,35.4525,20,14
8.465891871399323,49.485267276165196,45.7013,35.4513,20,14
8.465891382176666,49.485312248493585,45.1999,35.4269,9,14
8.465890892952784,49.48535722082161,45.1046,35.4487,22,14
8.465890403727679,49.485402193149284,45.8315,35.4465,20,14
8.465889914501348,49.48544716547661,45.8318,35.4458,20,14
8.465889425273794,49.48549213780357,45.1644,35.4444,20,14
8.465888936045014,49.485537110130196,36.0874,33.9334,22,14
8.465888446815011,49.48558208245644,36.1477,33.9277,22,14
8.465887957583783,49.485627054782334,44.9009,35.442,22,14
8.46588746835133,49.48567202710789,45.8213,35.4373,20,14
8.465886979117656,49.48571699943307,45.8251,35.4381,20,14
8.465886489882754,49.485761971757896,45.8252,35.4392,20,14
8.465886000646629,49.48580694408239,45.8253,35.4403,20,14
8.46588551140928,49.48585191640651,45.826,35.441,20,14
8.465885022170704,49.48589688873028,45.8259,35.4409,20,14
8.465884532930907,49.4859418610537,45.6435,35.4395,20,14
8.465884043689885,49.48598683337675,35.8311,33.8221,22,14
8.465883554447636,49.48603180569946,43.5576,35.1826,22,14
8.465883065204165,49.48607677802181,43.1381,35.0911,22,14
8.46588257595947,49.48612175034381,42.9944,35.0774,22,14
8.465882086713549,49.48616672266544,43.1371,35.1382,22,14
8.465881597466405,49.486211694986736,35.8491,33.8131,22,14
8.465881108218035,49.48625666730766,45.7456,35.4376,20,14
8.465880618968441,49.48630163962822,45.8321,35.4471,20,14
8.465880129717624,49.48634661194845,45.8454,35.4614,20,14
8.46587964046558,49.486391584268304,45.864,35.481,20,14
8.465879151212315,49.486436556587826,45.8851,35.5061,20,14
8.465878661957824,49.48648152890698,45.9112,35.5352,20,14
8.465878172702107,49.486526501225775,45.937,35.564,20,14
8.465877683445168,49.486571473544224,45.9562,35.5842,20,14
8.465877194187003,49.4866164458623,45.9574,35.5864,20,14
8.465876704927613,49.48666141818005,45.9373,35.5653,20,14
8.465876215667,49.48670639049742,45.3219,35.5269,20,14
8.465875726405162,49.48675136281445,35.21,33.62,22,14
8.4658752371421,49.48679633513111,34.2751,33.1521,22,14
8.465874747877814,49.48684130744742,33.5795,32.7186,22,14
8.465874258612303,49.48688627976339,32.9057,32.3408,22,14
8.465873769345567,49.48693125207898,39.5788,33.5268,22,14
8.465873280077606,49.48697622439424,39.2352,33.2542,22,14
8.465872790808422,49.48702119670912,38.8837,32.9408,22,14
8.465872301538013,49.48706616902366,38.6624,32.4974,9,14
8.46587181226638,49.48711114133786,37.9035,32.0815,22,14
8.46587132299352,49.48715611365167,30.483,30.772,24,14
8.465870833719437,49.487201085965154,37.7892,31.1712,22,14
8.46587034444413,49.487246058278274,38.7463,32.1393,22,14
8.4658698551676,49.48729103059103,38.9346,32.4346,22,14
8.465869365889843,49.48733600290344,39.1769,32.679,22,14
8.46596726017862,49.48468295456066,35.754,33.835,22,14
8.465966771035097,49.48472792689416,44.3281,35.3781,22,14
8.465966281890351,49.48477289922732,45.7296,35.4427,20,14
8.46596579274438,49.4848178715601,45.0568,35.4128,22,14
8.465965303597185,49.48486284389255,44.3962,35.3692,22,14
8.465964814448768,49.48490781622463,43.9436,35.3236,22,14
8.465964325299124,49.48495278855637,35.7414,33.8224,22,14
8.465963836148259,49.484997760887744,43.7208,35.3448,22,14
8.465963346996165,49.48504273321876,36.1016,33.9137,22,14
8.46596285784285,49.48508770554942,45.7866,35.4486,20,14
8.465962368688311,49.485132677879726,45.8335,35.4496,20,14
8.465961879532548,49.48517765020968,45.8334,35.4504,20,14
8.46596139037556,49.48522262253928,45.8333,35.4503,20,14
8.465960901217349,49.48526759486853,45.8335,35.4495,20,14
8.465960412057912,49.48531256719742,45.8329,35.4479,20,14
8.465959922897252,49.48535753952595,45.8314,35.4464,20,14
8.465959433735367,49.485402511854126,45.8313,35.4453,20,14
8.46595894457226,49.48544748418196,45.8011,35.4441,20,14
8.465958455407927,49.48549245650941,36.1365,33.9475,22,14
8.46595796624237,49.48553742883654,36.0065,33.9125,22,14
8.46595747707559,49.48558240116329,44.5249,35.4199,22,14
8.465956987907584,49.48562737348969,45.1199,35.4449,22,14
8.465956498738354,49.48567234581575,45.8251,35.4381,20,14
8.4659560095679,49.48571731814145,45.8253,35.4393,20,14
8.465955520396223,49.48576229046677,45.8258,35.4408,20,14
8.46595503122332,49.48580726279176,45.8263,35.4423,20,14
8.465954542049195,49.48585223511638,45.8276,35.4436,20,14
8.465954052873842,49.48589720744066,45.8271,35.4441,20,14
8.46595356369727,49.48594217976457,44.6209,35.4429,20,14
8.46595307451947,49.485987152088136,35.5576,33.7276,22,14
8.465952585340446,49.48603212441135,43.2188,35.0788,22,14
8.465952096160198,49.48607709673419,42.9042,34.9882,22,14
8.465951606978727,49.4861220690567,42.708,34.96,22,14
8.465951117796031,49.48616704137884,42.6973,34.9953,22,14
8.465950628612111,49.48621201370063,42.9228,35.1129,22,14
8.465950139426965,49.48625698602206,35.7485,33.8126,22,14
8.465949650240598,49.48630195834314,45.6818,35.4378,20,14
8.465949161053006,49.48634693066385,45.7178,35.4508,20,14
8.465948671864188,49.48639190298423,45.8525,35.4705,20,14
8.465948182674147,49.486436875304236,45.8773,35.4973,20,14
8.46594769348288,49.4864818476239,45.9056,35.5296,20,14
8.465947204290389,49.486526819943194,45.9356,35.5616,20,14
8.465946715096678,49.48657179226214,45.9555,35.5826,20,14
8.465946225901739,49.48661676458074,45.9539,35.5799,20,14
8.465945736705574,49.486661736898974,45.7937,35.5497,20,14
8.465945247508186,49.48670670921686,35.6076,33.8026,22,14
8.465944758309575,49.48675168153439,34.6091,33.3332,22,14
8.465944269109741,49.48679665385155,33.7638,32.8448,22,14
8.465943779908681,49.48684162616836,40.2632,33.9373,22,14
8.465943290706397,49.48688659848484,39.6589,33.5909,22,14
8.465942801502887,49.486931570800934,39.2711,33.2611,22,14
8.465942312298154,49.4869765431167,39.1427,32.8427,9,14
8.465941823092198,49.48702151543209,38.8743,32.8383,22,14
8.465941333885015,49.48706648774712,38.8295,32.4895,9,14
8.46594084467661,49.48711146006182,38.1354,31.8354,9,14
8.46594035546698,49.48715643237615,30.2314,30.6184,25,14
8.465939866256123,49.48720140469012,30.0241,30.4711,24,14
8.465939377044045,49.48724637700375,30.2215,30.5185,24,14
8.465938887830742,49.487291349317005,30.1586,30.4726,24,14
8.465938398616215,49.48733632162992,29.9361,30.3881,24,14
8.466036289176005,49.484683273216255,44.3364,35.3984,22,14
8.466035800095701,49.48472824555027,45.826,35.442,20,14
8.466035311014176,49.48477321788393,45.826,35.442,20,14
8.466034821931425,49.48481819021722,45.6615,35.4425,20,14
8.46603433284745,49.48486316255016,44.5189,35.3919,22,14
8.46603384376225,49.48490813488275,43.8179,35.3269,22,14
8.466033354675828,49.484953107214984,43.4909,35.309,22,14
8.466032865588183,49.48499807954687,43.4338,35.3238,22,14
8.46603237649931,49.48504305187839,43.5071,35.3561,22,14
8.466031887409216,49.48508802420955,44.2716,35.4236,22,14
8.466031398317899,49.48513299654037,45.8172,35.4462,20,14
8.466030909225355,49.485177968870815,45.7349,35.4469,20,14
8.466030420131588,49.48522294120091,45.8324,35.4474,20,14
8.466029931036598,49.48526791353068,35.8691,33.9471,20,14
8.466029441940382,49.48531288586006,45.8314,35.4464,20,14
8.466028952842946,49.4853578581891,45.8313,35.4453,20,14
8.466028463744282,49.48540283051777,45.8269,35.4439,20,14
8.466027974644396,49.48544780284612,44.84,35.442,20,14
8.466027485543284,49.48549277517408,35.8608,33.8928,22,14
8.466026996440949,49.485537747501695,35.9033,33.8863,22,14
8.466026507337391,49.48558271982896,36.2657,33.9218,22,14
8.466026018232608,49.48562769215586,45.8216,35.4376,20,14
8.466025529126602,49.485672664482415,45.8248,35.4388,20,14
8.46602504001937,49.485717636808616,45.8255,35.4405,20,14
8.466024550910914,49.48576260913445,45.8263,35.4423,20,14
8.466024061801235,49.485807581459945,45.8273,35.4443,20,14
8.466023572690332,49.48585255378507,45.8319,35.446,20,14
8.466023083578206,49.485897526109845,44.6156,35.4467,20,14
8.466022594464855,49.48594249843427,35.5541,33.7411,22,14
8.466022105350278,49.48598747075833,35.3986,33.5916,22,14
8.46602161623448,49.48603244308204,43.0267,34.9777,22,14
8.466021127117457,49.48607741540539,42.7697,34.8997,22,14
8.46602063799921,49.48612238772839,42.5497,34.8537,22,14
8.466020148879737,49.48616736005104,42.3999,34.8369,22,14
8.466019659759041,49.48621233237334,42.4415,34.9485,22,14
8.466019170637122,49.486257304695265,42.6357,35.1168,22,14
8.466018681513978,49.48630227701685,35.4086,33.7877,22,14
8.46601819238961,49.48634724933808,36.0021,33.9601,22,14
8.466017703264018,49.48639222165895,45.7267,35.4547,20,14
8.466017214137203,49.48643719397946,45.7513,35.4803,20,14
8.466016725009162,49.48648216629963,45.7678,35.5139,20,14
8.466016235879898,49.48652713861943,45.9237,35.5487,20,14
8.466015746749408,49.48657211093887,45.9435,35.5715,20,14
8.466015257617697,49.48661708325798,45.9422,35.5682,20,14
8.46601476848476,49.48666205557672,45.7144,35.5344,20,14
8.466014279350599,49.4867070278951,35.2107,33.6227,22,14
8.466013790215214,49.48675200021313,34.0815,33.0836,22,14
8.466013301078604,49.4867969725308,33.3589,32.598,22,14
8.466012811940772,49.48684194484812,39.896,33.708,22,14
8.466012322801713,49.486886917165094,39.2762,33.3303,22,14
8.466011833661431,49.4869318894817,38.8575,32.6765,9,14
8.466011344519927,49.486976861797956,38.9507,32.6617,9,14
8.466010855377196,49.48702183411386,39.1474,32.7014,9,14
8.466010366233242,49.487066806429404,39.0191,32.7351,22,14
8.466009877088064,49.48711177874459,39.2274,32.5365,9,14
8.466009387941662,49.487156751059416,38.8333,32.2184,22,14
8.466008898794035,49.4872017233739,30.6909,30.0499,9,14
8.466008409645184,49.487246695688036,30.5482,30.7952,24,14
8.466007920495109,49.48729166800179,30.32,30.528,24,14
8.46600743134381,49.487336640315206,30.0865,30.4625,24,14
8.466105318174614,49.48468359183069,45.8268,35.4418,20,14
8.466104829157532,49.48472856416519,45.8268,35.4418,20,14
8.466104340139223,49.48477353649935,45.8268,35.4418,20,14
8.466103851119692,49.48481850883314,45.721,35.442,20,14
8.466103362098938,49.484863481166585,35.9349,33.8709,22,14
8.46610287307696,49.48490845349968,43.5546,35.3276,22,14
8.466102384053755,49.484953425832416,44.3951,35.3581,22,14
8.466101895029329,49.4849983981648,45.7544,35.4434,20,14
8.46610140600368,49.485043370496825,44.4354,35.4164,22,14
8.466100916976805,49.48508834282849,43.6101,35.3891,22,14
8.466100427948708,49.48513331515981,43.7393,35.4034,22,14
8.466099938919387,49.48517828749077,35.9894,33.9355,22,14
8.46609944988884,49.48522325982137,35.8609,33.9439,20,14
8.466098960857071,49.48526823215163,35.8431,33.9441,20,14
8.466098471824077,49.48531320448152,45.8269,35.4439,20,14
8.466097982789861,49.485358176811054,45.8272,35.4432,20,14
8.466097493754418,49.48540314914024,44.8245,35.4415,20,14
8.466097004717755,49.48544812146908,35.9488,33.8968,22,14
8.466096515679865,49.485493093797544,35.8293,33.8563,22,14
8.466096026640754,49.48553806612567,35.9642,33.8792,22,14
8.466095537600417,49.485583038453434,45.8207,35.4367,20,14
8.466095048558858,49.485628010780836,45.8249,35.4379,20,14
8.466094559516073,49.4856729831079,45.8257,35.4398,20,14
8.466094070472064,49.4857179554346,45.8268,35.4418,20,14
8.466093581426833,49.48576292776093,45.8268,35.4438,20,14
8.466093092380376,49.48580790008693,45.8312,35.4462,20,14
8.466092603332696,49.485852872412565,45.5779,35.4479,20,14
8.466092114283793,49.48589784473784,35.0858,33.2008,22,14
8.466091625233664,49.48594281706276,35.2724,33.4494,22,14
8.466091136182314,49.48598778938733,43.2328,34.9558,22,14
8.466090647129738,49.48603276171155,42.9399,34.8979,22,14
8.46609015807594,49.486077734035405,42.6912,34.8312,22,14
8.466089669020915,49.48612270635891,42.4232,34.7263,22,14
8.466089179964667,49.486167678682065,41.8935,34.4675,22,14
8.466088690907197,49.48621265100486,42.0871,34.7281,22,14
8.466088201848502,49.48625762332728,42.4166,34.9716,22,14
8.466087712788584,49.48630259564937,42.9459,35.1979,22,14
8.46608722372744,49.486347567971094,35.7505,33.9256,22,14
8.466086734665073,49.48639254029248,36.2248,33.9958,22,14
8.466086245601481,49.4864375126135,36.0915,34.0085,22,14
8.466085756536668,49.48648248493417,36.188,34.021,22,14
8.466085267470628,49.48652745725447,45.7221,35.5211,20,14
8.466084778403367,49.486572429574416,45.9219,35.5459,20,14
8.46608428933488,49.48661740189402,45.9216,35.5446,20,14
8.466083800265169,49.48666237421327,45.7619,35.5139,20,14
8.466083311194234,49.48670734653214,34.9305,33.4605,22,14
8.466082822122075,49.48675231885069,33.6983,32.8564,22,14
8.466082333048693,49.48679729116887,40.0334,33.8834,22,14
8.466081843974086,49.486842263486686,39.5046,33.5256,22,14
8.466081354898256,49.486887235804154,39.0942,33.1882,22,14
8.466080865821201,49.48693220812126,38.9178,32.7118,9,14
8.466080376742921,49.48697718043803,38.8614,32.6414,9,14
8.466079887663419,49.48702215275443,39.2555,32.7275,9,14
8.466079398582693,49.487067125070475,39.5003,32.8953,22,14
8.466078909500743,49.48711209738617,39.6817,32.8957,22,14
8.466078420417567,49.487157069701496,39.8294,32.8514,22,14
8.46607793133317,49.487202042016484,39.5684,32.5614,22,14
8.466077442247547,49.48724701433112,38.7262,31.6622,22,14
8.4660769531607,49.48729198664538,30.7956,30.9776,25,14
8.46607646407263,49.487336958959304,30.1807,30.5567,25,14
8.466174347174448,49.484683910403895,45.8264,35.4414,20,14
8.466173858220584,49.48472888273891,45.8262,35.4412,20,14
8.466173369265496,49.484773855073584,45.826,35.441,20,14
8.466172880309184,49.484818827407864,44.341,35.441,20,14
8.46617239135165,49.484863799741824,35.709,33.838,22,14
8.46617190239289,49.48490877207542,43.8571,35.3451,22,14
8.466171413432908,49.48495374440866,45.8265,35.4425,20,14
8.466170924471703,49.48499871674154,45.8262,35.4422,20,14
8.466170435509271,49.48504368907408,45.7794,35.4414,20,14
8.466169946545618,49.485088661406245,44.5372,35.4322,22,14
8.466169457580742,49.485133633738066,43.8592,35.4052,22,14
8.46616896861464,49.48517860606952,35.6553,33.8743,22,14
8.466168479647315,49.48522357840062,35.6393,33.8823,22,14
8.466167990678768,49.485268550731384,35.9382,33.9113,22,14
8.466167501708997,49.485313523061784,45.7673,35.4403,20,14
8.466167012738,49.48535849539183,44.7086,35.4396,20,14
8.46616652376578,49.48540346772151,35.9066,33.8666,22,14
8.466166034792339,49.485448440050845,35.8259,33.8199,22,14
8.46616554581767,49.485493412379824,35.7991,33.8251,22,14
8.466165056841781,49.48553838470845,36.1729,33.8929,22,14
8.466164567864666,49.485583357036724,45.8201,35.4361,20,14
8.46616407888633,49.48562832936463,45.8251,35.4381,20,14
8.466163589906769,49.48567330169218,45.8253,35.4403,20,14
8.466163100925982,49.48571827401938,45.8267,35.4427,20,14
8.466162611943973,49.485763246346224,45.8313,35.4453,20,14
8.46616212296074,49.48580821867273,45.8327,35.4478,20,14
8.466161633976284,49.48585319099886,45.2842,35.4062,20,14
8.466161144990604,49.48589816332465,33.3533,32.4803,25,14
8.4661606560037,49.48594313565008,43.1689,34.5189,22,14
8.466160167015572,49.48598810797514,42.9994,34.8374,22,14
8.466159678026221,49.486033080299855,42.8406,34.8507,22,14
8.466159189035645,49.486078052624215,42.6041,34.7931,22,14
8.466158700043845,49.48612302494823,42.1384,34.5414,22,14
8.466158211050821,49.48616799727188,33.8659,33.672,24,14
8.466157722056575,49.48621296959518,42.8651,34.2861,22,14
8.466157233061105,49.486257941918126,45.7977,35.4087,20,14
8.466156744064412,49.4863029142407,45.7225,35.4055,20,14
8.466156255066492,49.48634788656294,44.9296,35.4656,22,14
8.466155766067352,49.48639285888481,44.2779,35.477,22,14
8.466155277066987,49.48643783120633,35.6253,33.9383,22,14
8.466154788065397,49.48648280352751,35.515,33.8711,22,14
8.466154299062584,49.486527775848316,35.7025,33.8396,22,14
8.466153810058547,49.486572748168776,45.6406,35.5056,20,14
8.466153321053287,49.48661772048887,45.6192,35.5082,20,14
8.466152832046802,49.48666269280862,43.8928,35.4848,20,14
8.466152343039093,49.486707665128016,34.3544,33.1794,22,14
8.46615185403016,49.48675263744705,33.2366,32.5566,22,14
8.466151365020005,49.48679760976572,39.6025,33.6455,22,14
8.466150876008625,49.486842582084066,39.1733,33.3123,22,14
8.466150386996022,49.486887554402024,39.0243,32.8113,9,14
8.466149897982193,49.48693252671963,39.0145,32.6935,9,14
8.466149408967143,49.486977499036904,39.097,32.7,9,14
8.466148919950868,49.48702247135381,39.5312,32.8062,9,14
8.466148430933368,49.48706744367036,39.8543,32.9943,22,14
8.466147941914645,49.48711241598656,40.2814,33.0844,22,14
8.466147452894699,49.487157388302386,40.565,33.14,22,14
8.466146963873527,49.48720236061787,40.5806,33.0696,22,14
8.466146474851135,49.487247332933016,40.2393,32.8444,22,14
8.466145985827515,49.48729230524778,39.6438,32.5518,22,14
8.466145496802673,49.487337277562204,39.1064,32.4254,22,14
8.466243376175505,49.48468422893593,45.8255,35.4405,20,14
8.46624288728486,49.48472920127145,45.826,35.44,20,14
8.466242398392993,49.48477417360662,44.2776,35.4396,20,14
8.466241909499901,49.484819145941415,35.6664,33.8875,22,14
8.466241420605584,49.48486411827587,35.66,33.84,22,14
8.466240931710045,49.48490909060997,44.4065,35.3985,22,14
8.466240442813284,49.48495406294371,45.826,35.4411,20,14
8.466239953915297,49.4849990352771,45.7817,35.4407,20,14
8.466239465016088,49.48504400761013,45.7239,35.4399,20,14
8.466238976115656,49.485088979942795,45.8248,35.4388,20,14
8.466238487214,49.48513395227511,45.7539,35.4379,20,14
8.466237998311119,49.485178924607084,44.6074,35.4294,22,14
8.466237509407016,49.48522389693869,43.8232,35.3952,22,14
8.466237020501689,49.48526886926996,43.3598,35.3348,22,14
8.466236531595138,49.48531384160086,43.4419,35.3039,22,14
8.466236042687365,49.4853588139314,35.6441,33.7621,22,14
8.466235553778366,49.485403786261585,35.6827,33.7507,22,14
8.466235064868146,49.48544875859144,35.7373,33.7574,22,14
8.466234575956701,49.48549373092091,44.1226,35.3146,22,14
8.466234087044032,49.485538703250036,45.8192,35.4332,20,14
8.46623359813014,49.48558367557881,45.8204,35.4355,20,14
8.466233109215025,49.48562864790721,45.8251,35.4381,20,14
8.466232620298687,49.48567362023528,45.8259,35.4409,20,14
8.466232131381124,49.48571859256299,45.8268,35.4438,20,14
8.466231642462338,49.485763564890334,45.8316,35.4467,20,14
8.466231153542328,49.48580853721734,45.6383,35.4493,20,14
8.466230664621095,49.48585350954397,35.8156,33.6996,22,14
8.466230175698637,49.485898481870265,35.7353,33.3223,9,14
8.466229686774957,49.485943454196196,43.4299,34.8589,22,14
8.466229197850053,49.48598842652176,43.1134,34.8844,22,14
8.466228708923925,49.486033398846985,42.8858,34.8778,22,14
8.466228219996575,49.48607837117184,42.7544,34.8725,22,14
8.466227731067999,49.48612334349637,42.7056,34.8236,22,14
8.466227242138201,49.486168315820514,43.2831,34.4851,22,14
8.466226753207179,49.48621328814432,45.8113,35.4063,20,14
8.466226264274933,49.48625826046775,45.7911,35.3951,20,14
8.466225775341464,49.48630323279085,45.7994,35.3894,20,14
8.466225286406772,49.486348205113586,45.7808,35.3908,20,14
8.466224797470854,49.486393177435964,45.748,35.398,20,14
8.466224308533715,49.48643814975798,43.6662,35.3983,22,14
8.46622381959535,49.48648312207966,42.1501,35.1081,22,14
8.466223330655763,49.486528094400974,41.0222,34.7092,22,14
8.466222841714952,49.486573066721924,33.905,33.0081,22,14
8.466222352772917,49.48661803904253,33.7557,32.9407,22,14
8.466221863829658,49.48666301136278,33.5267,32.7838,22,14
8.466221374885176,49.48670798368267,33.1654,32.4965,22,14
8.466220885939471,49.48675295600222,32.3735,32.0555,22,14
8.46622039699254,49.486797928321394,39.1664,33.3474,22,14
8.466219908044389,49.48684290064022,38.9139,33.1209,22,14
8.46621941909501,49.48688787295871,38.8077,32.9127,22,14
8.46621893014441,49.48693284527681,38.9172,32.8232,22,14
8.466218441192586,49.486977817594585,39.1503,32.8304,22,14
8.466217952239539,49.487022789912,39.6187,32.9267,22,14
8.466217463285266,49.487067762229046,40.1618,33.0638,22,14
8.466216974329772,49.48711273454574,40.7436,33.2116,22,14
8.466216485373053,49.487157706862085,41.219,33.295,22,14
8.466215996415112,49.48720267917807,41.3345,33.3045,22,14
8.466215507455944,49.48724765149372,41.0371,33.2151,22,14
8.466215018495555,49.48729262380899,40.616,32.996,9,14
8.46621452953394,49.487337596123915,40.1129,32.8879,9,14
8.466312405177787,49.48468454742678,45.8253,35.4393,20,14
8.46631191635036,49.48472951976281,44.3935,35.4385,20,14
8.466311427521712,49.48477449209847,35.6488,33.8718,22,14
8.46631093869184,49.48481946443376,35.5286,33.8227,22,14
8.466310449860744,49.484864436768724,44.1774,35.3885,22,14
8.466309961028426,49.484909409103324,45.8253,35.4393,20,14
8.466309472194883,49.484954381437575,45.6356,35.4396,20,14
8.466308983360118,49.48499935377146,36.1504,33.7504,22,14
8.466308494524128,49.485044326105,35.7071,33.1851,22,14
8.466308005686916,49.485089298438176,45.6495,35.3955,20,14
8.466307516848481,49.48513427077099,45.821,35.436,20,14
8.46630702800882,49.48517924310347,45.8198,35.4348,20,14
8.466306539167938,49.48522421543558,45.7166,35.4337,20,14
8.466306050325832,49.485269187767344,44.5714,35.4005,22,14
8.466305561482503,49.48531416009875,44.0251,35.3331,22,14
8.466305072637951,49.485359132429785,35.7169,33.7649,22,14
8.466304583792175,49.48540410476048,35.7456,33.7356,22,14
8.466304094945176,49.48544907709082,44.0865,35.2545,22,14
8.466303606096954,49.4854940494208,44.6601,35.3281,22,14
8.466303117247508,49.48553902175044,45.8188,35.4318,20,14
8.466302628396837,49.48558399407972,45.8195,35.4346,20,14
8.466302139544945,49.485628966408626,45.8249,35.4379,20,14
8.466301650691829,49.48567393873718,45.8264,35.4414,20,14
8.466301161837489,49.48571891106539,45.8309,35.4449,20,14
8.466300672981925,49.485763883393254,45.8321,35.4481,20,14
8.46630018412514,49.48580885572075,45.1967,35.4507,20,14
8.46629969526713,49.485853828047894,35.9407,33.5817,9,14
8.466299206407895,49.48589880037468,43.8513,35.0133,22,14
8.46629871754744,49.48594377270112,43.4231,34.9551,22,14
8.466298228685758,49.485988745027186,43.1095,34.9225,22,14
8.466297739822854,49.48603371735292,42.9345,34.9275,22,14
8.466297250958728,49.48607868967828,43.0132,34.9862,22,14
8.466296762093377,49.4861236620033,43.951,35.121,22,14
8.466296273226803,49.48616863432795,45.7994,35.4094,20,14
8.466295784359005,49.48621360665225,45.7824,35.3914,20,14
8.466295295489983,49.4862585789762,45.7721,35.3752,20,14
8.46629480661974,49.48630355129979,45.7773,35.3673,20,14
8.466294317748272,49.48634852362303,45.7635,35.3705,20,14
8.46629382887558,49.48639349594591,45.7824,35.3804,20,14
8.466293340001666,49.486438468268446,45.7853,35.3923,20,14
8.466292851126527,49.48648344059062,45.6783,35.4043,20,14
8.466292362250165,49.486528412912435,42.6842,35.0592,22,14
8.46629187337258,49.4865733852339,40.9526,34.4786,22,14
8.46629138449377,49.486618357554995,33.1697,32.4937,22,14
8.466290895613739,49.48666332987575,32.7714,32.2464,22,14
8.466290406732483,49.48670830219615,32.3228,31.8868,22,14
8.466289917850004,49.4867532745162,31.1558,31.1048,22,14
8.4662894289663,49.48679824683588,38.3241,32.7292,22,14
8.466288940081375,49.48684321915521,38.5272,32.5902,9,14
8.466288451195224,49.486888191474186,38.5727,32.5277,9,14
8.46628796230785,49.48693316379279,38.9014,32.5395,9,14
8.466287473419253,49.48697813611108,39.304,32.616,9,14
8.466286984529434,49.48702310842899,39.638,32.838,22,14
8.466286495638391,49.48706808074654,40.3381,33.0401,22,14
8.466286006746122,49.487113053063744,41.0535,33.2175,22,14
8.466285517852631,49.48715802538059,41.8065,33.3495,22,14
8.466285028957916,49.487202997697075,42.1917,33.4167,22,14
8.466284540061979,49.487247970013215,41.6423,33.3823,22,14
8.466284051164818,49.487292942329,40.9175,33.2465,22,14
8.466283562266431,49.48733791464443,40.3255,33.1355,22,14
8.46638143418129,49.48468486587644,45.6626,35.4376,20,14
8.466380945417084,49.484729838212964,35.7697,33.8657,22,14
8.466380456651654,49.484774810549126,35.502,33.778,22,14
8.466379967885002,49.484819782884934,43.5089,35.3209,22,14
8.466379479117126,49.4848647552204,45.8211,35.4371,20,14
8.466378990348026,49.4849097275555,45.8251,35.4381,20,14
8.466378501577704,49.48495469989024,45.5752,35.4382,20,14
8.46637801280616,49.48499967222464,35.7568,33.4148,22,14
8.466377524033392,49.48504464455867,33.5475,33.3185,25,14
8.4663770352594,49.485089616892346,34.0113,33.8483,25,14
8.466376546484184,49.48513458922567,45.67,35.348,20,14
8.466376057707748,49.48517956155865,45.6645,35.4325,20,14
8.466375568930086,49.48522453389126,45.8178,35.4308,20,14
8.4663750801512,49.48526950622353,45.6493,35.4293,20,14
8.466374591371093,49.48531447855543,45.0125,35.3936,22,14
8.46637410258976,49.48535945088698,44.2815,35.3195,22,14
8.466373613807207,49.485404423218185,44.046,35.274,22,14
8.466373125023429,49.485449395549026,44.1321,35.2801,22,14
8.466372636238429,49.48549436787951,44.6283,35.3373,22,14
8.466372147452207,49.485539340209655,45.7707,35.4307,20,14
8.466371658664759,49.48558431253943,45.8197,35.4337,20,14
8.466371169876089,49.48562928486884,45.8214,35.4374,20,14
8.466370681086195,49.48567425719791,45.8264,35.4415,20,14
8.466370192295077,49.48571922952662,45.8318,35.4458,20,14
8.466369703502737,49.48576420185497,45.2645,35.4495,20,14
8.466369214709173,49.48580917418298,35.9008,33.8029,22,14
8.466368725914386,49.48585414651062,35.7059,33.6429,22,14
8.466368237118376,49.485899118837914,43.7458,35.0438,22,14
8.466367748321144,49.485944091164846,43.3312,34.9732,22,14
8.466367259522688,49.48598906349143,43.0765,34.9485,22,14
8.466366770723008,49.48603403581765,42.9653,34.9813,22,14
8.466366281922104,49.48607900814353,43.1197,35.0837,22,14
8.466365793119978,49.48612398046904,44.1026,35.2646,22,14
8.466365304316628,49.4861689527942,45.7941,35.3971,20,14
8.466364815512057,49.486213925119,45.7663,35.3723,20,14
8.466364326706259,49.48625889744345,45.6999,35.3509,20,14
8.46636383789924,49.486303869767546,45.7017,35.3427,20,14
8.466363349090996,49.48634884209129,45.7624,35.3494,20,14
8.466362860281532,49.48639381441468,45.7706,35.3646,20,14
8.466362371470842,49.48643878673771,45.7821,35.3801,20,14
8.466361882658928,49.48648375906038,45.7838,35.3929,20,14
8.46636139384579,49.4865287313827,45.6213,35.4023,20,14
8.466360905031431,49.486573703704664,42.0876,34.3556,22,14
8.46636041621585,49.48661867602627,39.6417,33.1077,22,14
8.466359927399042,49.48666364834754,39.46,33.148,22,14
8.466359438581014,49.48670862066843,39.2993,32.6074,22,14
8.46635894976176,49.48675359298898,29.6614,30.3334,24,14
8.466358460941283,49.486798565309165,37.0938,31.6888,22,14
8.466357972119583,49.486843537629,37.7948,32.2488,22,14
8.466357483296662,49.486888509948486,38.2946,32.2766,9,14
8.466356994472516,49.4869334822676,38.522,32.274,9,14
8.466356505647147,49.486978454586364,38.5946,31.9896,9,14
8.466356016820551,49.48702342690479,39.1161,32.2861,22,14
8.466355527992736,49.48706839922284,40.1087,32.6887,22,14
8.466355039163696,49.48711337154055,41.047,33.029,22,14
8.466354550333433,49.48715834385789,41.989,33.262,22,14
8.466354061501946,49.48720331617489,42.7984,33.4034,22,14
8.466353572669238,49.48724828849154,41.742,33.385,22,14
8.466353083835305,49.487293260807824,41.0831,33.1591,9,14
8.466352595000146,49.48733823312375,40.541,33.045,9,14
8.466450463186018,49.484685184284906,44.1341,35.4351,20,14
8.46644997448503,49.48473015662193,35.3635,33.7605,22,14
8.466449485782821,49.4847751289586,42.6718,35.2308,22,14
8.466448997079388,49.48482010129491,44.0693,35.3604,22,14
8.466448508374732,49.48486507363087,45.8207,35.4357,20,14
8.466448019668853,49.48491004596649,45.6287,35.4367,20,14
8.466447530961752,49.484955018301726,36.1568,33.9378,22,14
8.466447042253426,49.484999990636624,36.2803,33.8144,22,14
8.466446553543879,49.48504496297116,45.3577,35.3148,20,14
8.466446064833107,49.48508993530534,34.9888,32.5568,22,14
8.466445576121112,49.485134907639164,33.1012,32.8792,25,14
8.466445087407894,49.48517987997265,35.454,32.522,9,14
8.466444598693455,49.48522485230576,45.8204,35.4274,20,14
8.466444109977791,49.485269824638536,45.426,35.426,20,14
8.466443621260906,49.48531479697095,36.1953,33.9213,22,14
8.466443132542794,49.485359769302995,44.2396,35.3666,22,14
8.466442643823465,49.48540474163469,43.9892,35.3313,22,14
8.466442155102907,49.48544971396604,43.8618,35.3239,22,14
8.46644166638113,49.48549468629702,43.6992,35.3172,22,14
8.466441177658126,49.48553965862766,44.38,35.38,22,14
8.466440688933902,49.485584630957945,45.8007,35.4327,20,14
8.466440200208455,49.48562960328786,45.7336,35.4366,20,14
8.466439711481783,49.48567457561744,45.826,35.4411,20,14
8.46643922275389,49.48571954794665,45.6639,35.4459,20,14
8.466438734024772,49.485764520275495,36.0946,33.8366,22,14
8.466438245294432,49.48580949260402,36.0478,33.5238,9,14
8.466437756562867,49.48585446493215,43.8884,35.0584,22,14
8.466437267830083,49.48589943725995,43.5213,35.0063,22,14
8.466436779096073,49.48594440958738,43.1898,34.9678,22,14
8.46643629036084,49.48598938191447,43.0028,34.9758,22,14
8.466435801624382,49.4860343542412,43.1165,35.0475,22,14
8.466435312886704,49.48607932656757,44.0649,35.196,22,14
8.466434824147802,49.48612429889359,45.8143,35.4083,20,14
8.466434335407676,49.48616927121926,45.7869,35.3829,20,14
8.466433846666328,49.48621424354456,45.6898,35.3528,20,14
8.466433357923757,49.48625921586952,36.5879,33.9879,22,14
8.466432869179963,49.48630418819411,36.5894,33.9534,22,14
8.466432380434943,49.48634916051835,45.7327,35.3338,20,14
8.466431891688703,49.48639413284225,35.7809,33.8539,20,14
8.46643140294124,49.48643910516578,45.7683,35.3733,20,14
8.466430914192552,49.48648407748896,45.7943,35.3873,20,14
8.46643042544264,49.48652904981178,43.6522,35.3962,20,14
8.466429936691506,49.48657402213425,33.5865,32.1885,22,14
8.46642944793915,49.486618994456364,31.097,31.485,24,14
8.46642895918557,49.486663966778124,38.1345,32.2265,22,14
8.466428470430767,49.486708939099515,38.7632,32.4202,22,14
8.466427981674741,49.48675391142057,30.0696,30.5586,24,14
8.46642749291749,49.48679888374126,29.6113,30.2703,24,14
8.466427004159017,49.4868438560616,37.0933,31.4503,22,14
8.466426515399322,49.48688882838158,37.8321,31.8691,22,14
8.466426026638402,49.4869338007012,38.4748,31.8549,22,14
8.46642553787626,49.48697877302049,30.1239,30.3099,25,14
8.466425049112894,49.4870237453394,30.3347,30.5127,25,14
8.466424560348305,49.487068717657955,39.2085,31.4425,9,14
8.466424071582493,49.48711368997616,40.2669,32.374,22,14
8.466423582815459,49.487158662294014,41.2612,32.8632,22,14
8.466423094047201,49.487203634611504,41.4709,33.1749,22,14
8.466422605277717,49.48724860692866,41.2103,33.2353,22,14
8.466422116507013,49.487293579245446,40.7493,33.0283,9,14
8.466421627735086,49.487338551561876,40.3623,32.9593,9,14
8.466519492191969,49.48468550265218,35.4752,33.7592,22,14
8.4665190035542,49.48473047498971,35.168,33.65,22,14
8.46651851491521,49.48477544732689,43.0591,35.2421,22,14
8.466518026274997,49.48482041966369,45.8184,35.4325,20,14
8.46651753763356,49.48486539200016,45.8196,35.4336,20,14
8.466517048990902,49.484910364336265,44.7892,35.4343,20,14
8.46651656034702,49.484955336672016,36.077,33.923,22,14
8.466516071701914,49.48500030900741,45.7932,35.3953,20,14
8.466515583055587,49.48504528134246,45.7809,35.3799,20,14
8.466515094408036,49.485090253677136,44.8552,35.4272,20,14
8.466514605759263,49.48513522601147,33.4967,33.2667,25,14
8.466514117109268,49.485180198345454,45.7671,35.3511,20,14
8.466513628458047,49.48522517067907,45.6569,35.4229,20,14
8.466513139805606,49.48527014301234,36.4739,33.995,22,14
8.466512651151941,49.48531511534525,36.2667,33.9478,22,14
8.466512162497054,49.48536008767782,45.0264,35.4204,22,14
8.466511673840941,49.48540506001002,45.8188,35.4248,20,14
8.46651118518361,49.48545003234186,45.7004,35.4265,20,14
8.46651069652505,49.485495004673346,44.4963,35.3843,22,14
8.466510207865271,49.48553997700449,43.7738,35.3578,22,14
8.46650971920427,49.48558494933528,43.994,35.377,22,14
8.466509230542044,49.4856299216657,36.1554,33.8974,22,14
8.466508741878595,49.48567489399577,45.7437,35.4397,20,14
8.466508253213924,49.48571986632548,45.1454,35.4444,20,14
8.46650776454803,49.48576483865484,36.0215,33.7745,22,14
8.466507275880913,49.48580981098386,44.098,35.068,22,14
8.466506787212573,49.48585478331251,43.6399,34.9809,22,14
8.46650629854301,49.4858997556408,43.315,34.967,22,14
8.466505809872224,49.485944727968736,43.1151,34.9711,22,14
8.466505321200215,49.48598970029633,43.0664,35.0214,22,14
8.466504832526981,49.48603467262357,43.2507,35.1257,22,14
8.466504343852527,49.486079644950436,44.1884,35.3045,22,14
8.46650385517685,49.48612461727695,45.7998,35.3998,20,14
8.466503366499948,49.486169589603115,45.7849,35.3709,20,14
8.466502877821824,49.48621456192894,45.4197,35.3387,20,14
8.466502389142477,49.48625953425438,36.5249,33.9689,22,14
8.466501900461909,49.486304506579486,45.734,35.313,20,14
8.466501411780115,49.48634947890423,45.7426,35.3286,20,14
8.4665009230971,49.48639445122863,45.7474,35.3514,20,14
8.466500434412861,49.48643942355266,45.765,35.372,20,14
8.4664999457274,49.48648439587634,45.6834,35.3864,20,14
8.466499457040713,49.48652936819966,34.7672,33.4492,22,14
8.466498968352806,49.48657434052264,33.576,32.503,22,14
8.466498479663674,49.48661931284524,31.5304,30.6714,22,14
8.466497990973322,49.486664285167514,30.9654,31.4494,24,14
8.466497502281744,49.48670925748942,38.7945,32.9345,22,14
8.466497013588944,49.48675422981097,38.7035,32.7435,22,14
8.46649652489492,49.48679920213217,38.0777,31.3588,22,14
8.466496036199676,49.486844174453005,30.2888,30.6268,24,14
8.466495547503206,49.486889146773485,29.7539,30.2919,24,14
8.466495058805513,49.48693411909361,37.1807,31.2288,22,14
8.4664945701066,49.486979091413396,37.1017,30.3977,22,14
8.46649408140646,49.48702406373282,29.9137,30.1947,25,14
8.466493592705099,49.48706903605188,30.48,30.64,24,14
8.466493104002515,49.48711400837059,30.7391,30.8011,25,14
8.466492615298707,49.48715898068894,39.7166,31.5476,22,14
8.466492126593675,49.48720395300693,40.4027,32.6007,9,14
8.466491637887422,49.48724892532459,40.5208,32.8788,9,14
8.466491149179946,49.48729389764188,40.4103,32.9273,9,14
8.466490660471246,49.48733886995881,40.1444,32.9004,9,14
8.466588521199142,49.48468582097827,34.8276,33.4406,22,14
8.466588032624593,49.48473079331631,42.1174,35.0154,22,14
8.466587544048823,49.48477576565397,43.6259,35.2879,22,14
8.466587055471829,49.484820737991285,45.8142,35.4292,20,14
8.466586566893612,49.48486571032825,45.1568,35.4298,20,14
8.466586078314174,49.48491068266486,36.0883,33.9673,22,14
8.46658558973351,49.484955655001116,35.8428,33.9288,20,14
8.466585101151628,49.48500062733703,45.6504,35.4264,20,14
8.46658461256852,49.48504559967257,45.7955,35.4236,20,14
8.46658412398419,49.485090572007756,44.9612,35.4352,22,14
8.466583635398637,49.48513554434259,45.7902,35.3852,20,14
8.46658314681186,49.485180516677076,45.8144,35.4184,20,14
8.466582658223864,49.48522548901119,45.4396,35.4176,20,14
8.466582169634643,49.48527046134497,36.3842,33.9583,22,14
8.466581681044199,49.48531543367838,45.2474,35.4534,22,14
8.466581192452534,49.48536040601143,45.8169,35.4209,20,14
8.466580703859643,49.48540537834413,45.8188,35.4239,20,14
8.466580215265532,49.485450350676494,45.8193,35.4264,20,14
8.466579726670197,49.485495323008486,45.7041,35.4282,20,14
8.46657923807364,49.48554029534013,44.5994,35.4064,22,14
8.46657874947586,49.48558526767142,43.9937,35.3857,22,14
8.466578260876856,49.48563024000233,43.488,35.325,22,14
8.46657777227663,49.48567521233291,43.5348,35.3058,22,14
8.466577283675182,49.48572018466313,35.6248,33.7619,22,14
8.46657679507251,49.48576515699299,35.5386,33.6236,22,14
8.466576306468617,49.48581012932251,43.6484,34.8104,9,14
8.4665758178635,49.48585510165166,43.341,34.7231,9,14
8.46657532925716,49.48590007398045,43.0683,34.9133,22,14
8.466574840649598,49.4859450463089,43.0687,34.9917,22,14
8.466574352040812,49.48599001863698,43.2714,35.1004,22,14
8.466573863430805,49.48603499096472,44.212,35.2701,22,14
8.466573374819573,49.4860799632921,45.8095,35.4155,20,14
8.46657288620712,49.48612493561913,45.7882,35.3942,20,14
8.466572397593444,49.4861699079458,45.6977,35.3647,20,14
8.466571908978544,49.48621488027211,36.4683,33.9224,22,14
8.46657142036242,49.48625985259807,36.4667,33.9277,22,14
8.466570931745077,49.486304824923664,45.7216,35.3177,20,14
8.466570443126509,49.48634979724892,45.7344,35.3344,20,14
8.466569954506717,49.48639476957381,45.7545,35.3566,20,14
8.466569465885705,49.48643974189835,45.7723,35.3753,20,14
8.466568977263467,49.48648471422254,43.7849,35.3879,20,14
8.466568488640009,49.486529686546355,34.5824,33.3604,22,14
8.466568000015327,49.486574658869834,33.9735,32.8645,22,14
8.466567511389423,49.48661963119295,33.7213,32.4573,22,14
8.466567022762295,49.48666460351572,42.0427,33.7937,22,14
8.466566534133943,49.48670957583812,45.7435,35.3286,20,14
8.46656604550437,49.486754548160164,45.442,35.333,20,14
8.466565556873574,49.486799520481874,41.9214,34.0134,22,14
8.466565068241554,49.48684449280321,39.9497,33.0798,22,14
8.466564579608312,49.48688946512421,31.4107,30.3087,22,14
8.466564090973847,49.48693443744483,29.8944,30.1794,24,14
8.466563602338159,49.48697940976512,29.0362,29.5432,25,14
8.466563113701248,49.487024382085046,36.8914,30.3384,22,14
8.466562625063116,49.48706935440461,29.7732,29.0692,22,14
8.466562136423757,49.48711432672382,30.0242,30.3152,25,14
8.466561647783177,49.487159299042666,30.4103,30.5823,25,14
8.466561159141376,49.48720427136117,39.3816,32.1836,9,14
8.46656067049835,49.48724924367932,39.7528,32.6768,9,14
8.466560181854103,49.48729421599711,39.7974,32.9214,22,14
8.46655969320863,49.48733918831456,39.7563,32.8024,9,14
8.466657550207538,49.48468613926316,33.8433,32.8123,22,14
8.466657061696209,49.4847311116017,42.8485,34.9975,22,14
8.466656573183657,49.48477608393988,45.819,35.425,20,14
8.466656084669884,49.484821056277696,45.529,35.425,20,14
8.466655596154887,49.48486602861517,36.3327,33.9657,22,14
8.466655107638667,49.48491100095227,36.3147,33.9457,22,14
8.466654619121226,49.48495597328903,45.1075,35.4216,20,14
8.46665413060256,49.485000945625444,44.6897,35.4157,22,14
8.466653642082674,49.485045917961486,45.7597,35.4167,20,14
8.466653153561566,49.48509089029717,45.8078,35.4148,20,14
8.466652665039232,49.48513586263252,45.8036,35.4136,20,14
8.466652176515678,49.4851808349675,45.6568,35.4128,20,14
8.466651687990902,49.485225807302115,36.374,33.942,22,14
8.466651199464902,49.4852707796364,36.2136,33.9307,22,14
8.46665071093768,49.48531575197032,44.8249,35.4309,22,14
8.466650222409235,49.485360724303874,45.8159,35.4189,20,14
8.466649733879569,49.48540569663708,45.8176,35.4227,20,14
8.466649245348679,49.48545066896994,45.8188,35.4258,20,14
8.466648756816566,49.48549564130242,45.8197,35.4277,20,14
8.46664826828323,49.48554061363457,45.8151,35.4292,20,14
8.466647779748673,49.48558558596637,45.7166,35.4306,20,14
8.466647291212892,49.48563055829779,44.55,35.39,22,14
8.466646802675887,49.48567553062887,43.8714,35.3445,22,14
8.466646314137662,49.485720502959595,43.5024,35.2425,22,14
8.466645825598214,49.485765475289945,43.3932,35.1022,22,14
8.466645337057544,49.485810447619976,43.3475,34.8285,9,14
8.46664484851565,49.48585541994962,43.1166,34.7627,9,14
8.466644359972534,49.48590039227892,42.9273,34.9364,22,14
8.466643871428195,49.48594536460788,43.1149,35.0459,22,14
8.466643382882632,49.48599033693647,44.0072,35.2112,22,14
8.46664289433585,49.4860353092647,45.8196,35.4267,20,14
8.46664240578784,49.48608028159257,45.8063,35.4133,20,14
8.466641917238613,49.48612525392011,45.7838,35.3929,20,14
8.46664142868816,49.486170226247275,45.7755,35.3675,20,14
8.466640940136486,49.4862151985741,45.7486,35.3427,20,14
8.466640451583588,49.48626017090055,45.7446,35.3296,20,14
8.466639963029468,49.48630514322666,45.7524,35.3324,20,14
8.466639474474125,49.48635011555241,45.7601,35.3481,20,14
8.46663898591756,49.4863950878778,45.7733,35.3663,20,14
8.466638497359773,49.48644006020285,44.3802,35.3813,20,14
8.46663800880076,49.48648503252753,35.2952,33.7632,22,14
8.466637520240527,49.48653000485186,34.6475,33.4016,22,14
8.46663703167907,49.486574977175835,34.2961,32.9461,22,14
8.466636543116392,49.486619949499456,43.1095,34.8445,22,14
8.46663605455249,49.48666492182273,45.7852,35.3932,20,14
8.466635565987366,49.48670989414563,45.7837,35.3918,20,14
8.466635077421019,49.48675486646819,45.7823,35.3903,20,14
8.466634588853449,49.48679983879039,45.78,35.389,20,14
8.466634100284656,49.486844811112235,45.7804,35.3894,20,14
8.466633611714641,49.486889783433725,45.253,35.292,20,14
8.466633123143403,49.48693475575486,40.8396,32.3566,22,14
8.466632634570942,49.48697972807565,29.9191,30.0641,24,14
8.46663214599726,49.48702470039607,29.5149,29.9029,25,14
8.466631657422353,49.48706967271613,29.7048,30.1828,24,14
8.466631168846224,49.48711464503585,37.2654,30.6054,22,14
8.466630680268873,49.48715961735521,30.3112,29.6722,22,14
8.466630191690298,49.48720458967421,31.0642,30.7352,22,14
8.4666297031105,49.487249561992876,39.1577,32.5437,9,14
8.466629214529481,49.48729453431116,39.2147,32.7547,22,14
8.466628725947237,49.4873395066291,39.1569,32.499,9,14
8.466726579217156,49.48468645750687,41.8547,34.1948,22,14
8.466726090769045,49.48473142984591,45.7065,35.3896,20,14
8.466725602319714,49.484776402184586,45.817,35.421,20,14
8.46672511386916,49.484821374522916,45.621,35.42,20,14
8.466724625417383,49.484866346860876,36.2501,33.9631,22,14
8.466724136964384,49.4849113191985,43.6674,35.4145,22,14
8.466723648510163,49.48495629153577,43.3972,35.3832,22,14
8.46672316005472,49.48500126387267,43.3755,35.3775,22,14
8.466722671598053,49.485046236209214,44.3546,35.4387,22,14
8.466722183140163,49.4850912085454,45.7969,35.4089,20,14
8.466721694681052,49.48513618088125,45.8143,35.4083,20,14
8.466721206220718,49.48518115321672,45.2978,35.4078,20,14
8.466720717759163,49.48522612555186,36.212,33.908,22,14
8.466720229296385,49.48527109788663,44.5299,35.3829,22,14
8.466719740832383,49.48531607022105,45.0742,35.4012,22,14
8.466719252367161,49.48536104255513,45.811,35.417,20,14
8.466718763900715,49.48540601488883,45.8171,35.4211,20,14
8.466718275433047,49.48545098722219,45.7193,35.4243,20,14
8.466717786964157,49.48549595955517,45.7143,35.4264,20,14
8.466717298494043,49.48554093188783,45.8127,35.4277,20,14
8.466716810022707,49.485585904220116,45.8138,35.4288,20,14
8.46671632155015,49.485630876552044,45.8172,35.4302,20,14
8.46671583307637,49.48567584888362,45.7254,35.4325,20,14
8.466715344601367,49.48572082121486,44.4956,35.3356,22,14
8.46671485612514,49.48576579354572,43.583,35.203,22,14
8.466714367647691,49.485810765876245,43.2186,35.0606,22,14
8.466713879169022,49.485855738206396,42.9078,34.9669,22,14
8.46671339068913,49.48590071053619,42.9402,35.0262,22,14
8.466712902208014,49.48594568286565,43.1977,35.1128,22,14
8.466712413725677,49.48599065519474,44.4077,35.3187,22,14
8.466711925242116,49.48603562752348,45.8193,35.4253,20,14
8.466711436757334,49.48608059985187,45.8054,35.4134,20,14
8.466710948271329,49.48612557217989,45.7932,35.3963,20,14
8.466710459784101,49.486170544507566,45.773,35.376,20,14
8.46670997129565,49.48621551683489,35.7903,33.8583,20,14
8.466709482805978,49.48626048916184,35.769,33.849,20,14
8.466708994315082,49.48630546148845,45.7487,35.3527,20,14
8.466708505822966,49.486350433814714,45.772,35.364,20,14
8.466708017329625,49.486395406140616,45.7203,35.3773,20,14
8.466707528835062,49.486440378466156,35.5814,33.7265,22,14
8.466707040339276,49.486485350791334,35.1694,33.6074,22,14
8.466706551842268,49.48653032311617,34.7761,33.2552,22,14
8.466706063344038,49.48657529544065,34.4066,34.1586,24,14
8.466705574844584,49.48662026776477,45.7875,35.3936,20,14
8.466705086343909,49.48666524008854,45.7848,35.3918,20,14
8.466704597842012,49.48671021241196,45.7994,35.3894,20,14
8.466704109338892,49.48675518473501,45.7927,35.3857,20,14
8.466703620834547,49.48680015705771,45.7865,35.3835,20,14
8.466703132328982,49.48684512938006,45.788,35.383,20,14
8.466702643822194,49.48689010170205,45.7914,35.3854,20,14
8.466702155314183,49.48693507402369,45.7518,35.3438,20,14
8.46670166680495,49.486980046344975,45.3724,35.2755,20,14
8.466701178294493,49.48702501866591,41.1636,33.1436,22,14
8.466700689782815,49.487069990986484,30.9165,29.8525,22,14
8.466700201269912,49.48711496330669,29.9889,30.2679,25,14
8.466699712755789,49.48715993562655,30.2997,30.6057,24,14
8.466699224240443,49.48720490794606,38.2126,31.5056,22,14
8.466698735723874,49.48724988026522,38.57,32.201,9,14
8.466698247206082,49.487294852584014,38.7595,32.4236,9,14
8.466697758687069,49.487339824902456,38.29,32.205,22,14
8.466795608227995,49.484686775709385,40.57,34.0251,22,14
8.466795119843106,49.48473174804893,42.3867,34.7977,22,14
8.466794631456994,49.48477672038812,45.6546,35.4167,20,14
8.46679414306966,49.48482169272693,45.545,35.415,20,14
8.466793654681103,49.484866665065404,45.8026,35.4126,20,14
8.466793166291323,49.48491163740353,45.7987,35.4098,20,14
8.46679267790032,49.48495660974129,45.7332,35.4072,20,14
8.466792189508098,49.485001582078695,44.1215,35.4376,22,14
8.466791701114651,49.48504655441575,44.8256,35.4487,22,14
8.466791212719984,49.485091526752456,45.8059,35.4039,20,14
8.466790724324094,49.48513649908878,45.6245,35.4035,20,14
8.46679023592698,49.485181471424774,36.4745,33.9335,22,14
8.466789747528647,49.48522644376041,36.2049,33.8779,22,14
8.466789259129088,49.485271416095685,44.3356,35.3266,22,14
8.46678877072831,49.485316388430604,45.4189,35.3479,20,14
8.466788282326307,49.485361360765175,45.7986,35.3996,20,14
8.466787793923084,49.485406333099384,35.7131,33.9171,20,14
8.466787305518638,49.48545130543325,36.1635,33.9365,22,14
8.46678681711297,49.485496277766735,36.2355,33.9205,22,14
8.466786328706078,49.4855412500999,45.7098,35.4248,20,14
8.466785840297966,49.48558622243269,45.7444,35.4254,20,14
8.46678535188863,49.48563119476511,45.82,35.427,20,14
8.466784863478072,49.4856761670972,45.8143,35.4293,20,14
8.466784375066291,49.48572113942893,45.716,35.432,20,14
8.466783886653289,49.48576611176029,44.5431,35.3291,22,14
8.466783398239064,49.485811084091324,43.8796,35.2386,22,14
8.466782909823618,49.48585605642197,43.0719,35.127,22,14
8.466782421406949,49.48590102875229,43.0173,35.1303,22,14
8.466781932989056,49.48594600108223,43.2306,35.2347,22,14
8.466781444569943,49.48599097341183,45.7065,35.4305,20,14
8.466780956149607,49.486035945741065,45.8188,35.4248,20,14
8.466780467728048,49.48608091806995,45.8082,35.4153,20,14
8.466779979305267,49.48612589039849,45.803,35.402,20,14
8.466779490881263,49.48617086272666,45.7943,35.3873,20,14
8.466779002456038,49.48621583505449,35.7927,33.8748,20,14
8.46677851402959,49.48626080738195,45.7803,35.3693,20,14
8.466778025601919,49.48630577970906,45.7843,35.3713,20,14
8.466777537173027,49.48635075203581,45.7777,35.3787,20,14
8.466777048742912,49.48639572436222,45.0517,35.3867,20,14
8.466776560311574,49.48644069668826,35.1847,33.2037,22,14
8.466776071879014,49.48648566901396,35.2511,33.5511,22,14
8.466775583445232,49.48653064133929,35.2418,33.5448,22,14
8.466775095010227,49.48657561366427,43.8856,34.9226,22,14
8.466774606574,49.4866205859889,45.7852,35.3932,20,14
8.46677411813655,49.48666555831316,45.6601,35.3911,20,14
8.46677362969788,49.48671053063709,45.6169,35.3869,20,14
8.466773141257985,49.48675550296065,45.5632,35.3813,20,14
8.46677265281687,49.48680047528384,45.6551,35.3762,20,14
8.466772164374529,49.4868454476067,45.7728,35.3758,20,14
8.46677167593097,49.486890419929196,45.779,35.379,20,14
8.466771187486184,49.48693539225133,45.789,35.384,20,14
8.466770699040179,49.48698036457312,45.7781,35.3882,20,14
8.46677021059295,49.487025336894554,45.3894,35.3194,20,14
8.466769722144498,49.487070309215625,41.3593,33.2953,22,14
8.466769233694826,49.48711528153635,30.9307,30.7627,24,14
8.46676874524393,49.48716025385671,29.9386,30.4426,24,14
8.466768256791811,49.48720522617672,30.2832,30.6912,24,14
8.46676776833847,49.48725019849638,37.9777,31.6028,22,14
8.466767279883907,49.48729517081568,38.1738,32.0728,9,14
8.466766791428121,49.48734014313461,37.43,31.627,22,14
8.466864637240059,49.484687093870726,40.5717,34.2557,22,14
8.46686414891839,49.48473206621077,40.9007,34.5037,22,14
8.466863660595497,49.48477703855045,41.7886,34.8486,22,14
8.466863172271381,49.48482201088978,35.4417,33.7677,22,14
8.466862683946044,49.48486698322875,45.7928,35.4078,20,14
8.466862195619486,49.48491195556738,45.811,35.405,20,14
8.466861707291704,49.48495692790563,45.7604,35.4024,20,14
8.4668612189627,49.485001900243546,36.3111,33.9501,22,14
8.466860730632474,49.48504687258111,45.7987,35.3997,20,14
8.466860242301028,49.485091844918294,45.7195,35.3995,20,14
8.466859753968357,49.485136817255146,36.3732,33.9542,22,14
8.466859265634467,49.485181789591635,36.3671,33.9521,22,14
8.466858777299352,49.48522676192777,36.0525,33.8045,22,14
8.466858288963017,49.48527173426355,44.7026,35.2196,9,14
8.466857800625458,49.48531670659897,44.8853,35.2813,22,14
8.466857312286677,49.48536167893404,45.3952,35.3942,20,14
8.466856823946676,49.485406651268754,45.8115,35.4055,20,14
8.466856335605451,49.48545162360312,45.4108,35.3798,20,14
8.466855847263005,49.485496595937114,44.6038,35.3279,22,14
8.466855358919336,49.48554156827077,44.4615,35.2415,9,14
8.466854870574446,49.48558654060407,36.2441,33.8251,22,14
8.466854382228332,49.485631512937,45.7388,35.4228,20,14
8.466853893880998,49.485676485269586,45.8197,35.4257,20,14
8.46685340553244,49.485721457601805,45.8138,35.4289,20,14
8.466852917182662,49.48576642993369,45.8184,35.4315,20,14
8.46685242883166,49.485811402265206,45.7638,35.4328,20,14
8.466851940479435,49.485856374596366,44.2853,35.3484,22,14
8.46685145212599,49.48590134692718,43.549,35.308,22,14
8.466850963771321,49.48594631925762,42.8633,35.3123,22,14
8.466850475415432,49.48599129158772,43.9717,35.4318,22,14
8.46684998705832,49.48603626391748,45.7628,35.4248,20,14
8.466849498699984,49.48608123624686,45.7567,35.4177,20,14
8.466849010340427,49.48612620857589,45.8151,35.4081,20,14
8.46684852197965,49.486171180904584,45.7957,35.3977,20,14
8.466848033617648,49.486216153232895,35.8064,33.8894,20,14
8.466847545254424,49.486261125560866,45.7912,35.3852,20,14
8.466847056889979,49.48630609788848,45.793,35.386,20,14
8.46684656852431,49.48635107021573,45.7266,35.3896,20,14
8.466846080157422,49.486396042542644,35.3866,33.0866,22,14
8.466845591789308,49.486441014869186,32.8042,32.6172,24,14
8.466845103419976,49.48648598719538,35.1975,33.5625,22,14
8.46684461504942,49.48653095952122,43.7502,35.2362,22,14
8.466844126677639,49.4865759318467,45.7895,35.3945,20,14
8.466843638304638,49.48662090417183,45.7215,35.3936,20,14
8.466843149930414,49.4866658764966,36.2091,33.9221,22,14
8.466842661554969,49.48671084882102,35.9853,33.8703,22,14
8.466842173178302,49.48675582114508,36.0496,33.8576,22,14
8.466841684800412,49.48680079346878,36.2817,33.8807,22,14
8.4668411964213,49.48684576579214,45.5353,35.3703,20,14
8.466840708040966,49.48689073811513,45.7704,35.3744,20,14
8.46684021965941,49.48693571043777,45.7824,35.3804,20,14
8.46683973127663,49.48698068276007,45.793,35.386,20,14
8.466839242892629,49.48702565508201,45.7997,35.3897,20,14
8.466838754507405,49.487070627403575,45.7835,35.3915,20,14
8.466838266120961,49.4871155997248,45.3641,35.2871,20,14
8.466837777733293,49.48716057204566,33.1775,31.7175,22,14
8.4668372893444,49.48720554436618,38.1771,31.4881,22,14
8.466836800954288,49.487250516686345,30.4666,30.8766,24,14
8.466836312562954,49.48729548900614,37.3436,31.6756,22,14
8.466835824170397,49.48734046132559,30.554,31.011,24,14
8.466933666253343,49.48468741199087,45.7266,35.4116,20,14
8.466933177994894,49.48473238433141,43.6185,35.1685,22,14
8.46693268973522,49.4847773566716,42.8818,35.1958,22,14
8.466932201474325,49.48482232901142,42.4607,35.2267,22,14
8.466931713212208,49.484867301350896,43.4529,35.361,22,14
8.466931224948867,49.48491227369002,45.724,35.401,20,14
8.466930736684306,49.48495724602879,45.6723,35.3983,20,14
8.466930248418523,49.485002218367214,45.7946,35.3966,20,14
8.466929760151519,49.48504719070527,45.7926,35.3956,20,14
8.466929271883293,49.48509216304296,45.0453,35.3953,20,14
8.466928783613842,49.485137135380306,36.1335,33.9275,22,14
8.466928295343173,49.4851821077173,36.1859,33.917,22,14
8.46692780707128,49.48522708005393,44.9878,35.3278,9,14
8.466927318798165,49.48527205239022,45.727,35.32,20,14
8.466926830523828,49.48531702472615,45.4431,35.3521,20,14
8.46692634224827,49.48536199706172,45.3557,35.4478,22,14
8.466925853971489,49.485406969396934,45.375,35.408,20,14
8.466925365693488,49.485451941731796,45.3819,35.3579,20,14
8.466924877414261,49.48549691406629,45.3752,35.3692,20,14
8.466924389133816,49.485541886400455,44.7918,35.1279,9,14
8.466923900852146,49.48558685873425,44.3871,35.1771,9,14
8.466923412569258,49.485631831067685,44.6771,35.3841,22,14
8.466922924285143,49.48567680340078,45.8179,35.4219,20,14
8.46692243599981,49.4857217757335,45.8194,35.4254,20,14
8.466921947713253,49.485766748065885,45.8146,35.4286,20,14
8.466921459425475,49.485811720397905,45.8177,35.4308,20,14
8.466920971136474,49.48585669272957,45.8187,35.4317,20,14
8.466920482846252,49.48590166506087,45.7857,35.4317,20,14
8.466919994554809,49.48594663739184,43.9732,35.4352,22,14
8.466919506262142,49.485991609722426,43.375,35.4351,22,14
8.466919017968253,49.48603658205268,35.8274,33.9595,22,14
8.466918529673142,49.48608155438257,36.2088,33.9818,22,14
8.466918041376811,49.486126526712106,45.7849,35.4129,20,14
8.466917553079256,49.48617149904129,45.7619,35.4059,20,14
8.466917064780478,49.48621647137011,45.8001,35.4001,20,14
8.46691657648048,49.486261443698574,45.7941,35.3971,20,14
8.46691608817926,49.48630641602669,45.7932,35.3963,20,14
8.466915599876817,49.48635138835446,45.108,35.397,20,14
8.466915111573153,49.486396360681866,35.5926,33.5196,22,14
8.466914623268266,49.48644133300892,35.2707,33.4328,22,14
8.466914134962158,49.48648630533562,35.604,33.7091,22,14
8.466913646654827,49.486531277661946,44.6511,35.3411,22,14
8.466913158346273,49.486576249987934,45.7888,35.3948,20,14
8.4669126700365,49.486621222313566,44.7572,35.3942,20,14
8.466912181725501,49.48666619463884,35.9443,33.8603,22,14
8.466911693413282,49.48671116696377,35.8255,33.7885,22,14
8.46691120509984,49.486756139288325,35.921,33.772,22,14
8.466910716785177,49.48680111161252,36.1199,33.8089,22,14
8.466910228469294,49.486846083936385,36.3445,33.8645,22,14
8.466909740152186,49.48689105625989,45.4884,35.3744,20,14
8.466909251833854,49.48693602858303,45.5922,35.3802,20,14
8.466908763514304,49.48698100090583,45.7927,35.3857,20,14
8.466908275193529,49.48702597322827,45.7994,35.3894,20,14
8.466907786871534,49.48707094555033,45.7824,35.3914,20,14
8.466907298548316,49.48711591787206,45.784,35.392,20,14
8.466906810223875,49.48716089019342,45.5481,35.3341,20,14
8.466906321898215,49.487205862514436,41.7643,34.0034,22,14
8.46690583357133,49.487250834835116,39.6358,33.0388,22,14
8.466905345243223,49.48729580715541,31.7702,31.4682,22,14
8.466904856913894,49.48734077947537,38.2251,32.4592,22,14
8.467002695267851,49.48468773006981,45.7987,35.4098,20,14
8.46700220707262,49.48473270241086,45.7979,35.4099,20,14
8.467001718876165,49.48477767475155,45.5902,35.4082,20,14
8.467001230678491,49.484822647091875,43.7649,35.3689,22,14
8.467000742479593,49.48486761943185,42.6895,35.3306,22,14
8.467000254279473,49.48491259177149,43.0648,35.3548,22,14
8.466999766078132,49.48495756411076,35.9011,33.8921,22,14
8.466999277875571,49.48500253644967,45.7457,35.3927,20,14
8.466998789671784,49.48504750878823,44.7816,35.3916,20,14
8.466998301466779,49.485092481126436,36.0049,33.8829,22,14
8.46699781326055,49.485137453464276,36.0003,33.8873,22,14
8.4669973250531,49.485182425801774,44.8289,35.4119,22,14
8.46699683684443,49.48522739813891,45.7957,35.3977,20,14
8.466996348634535,49.4852723704757,45.801,35.401,20,14
8.466995860423422,49.48531734281213,45.8067,35.4037,20,14
8.466995372211084,49.4853623151482,45.5889,35.4059,20,14
8.466994883997526,49.485407287483916,45.1066,35.4156,22,14
8.466994395782743,49.485452259819276,44.5961,35.3451,22,14
8.466993907566742,49.48549723215429,44.6506,35.2726,22,14
8.466993419349517,49.485542204488944,44.5748,35.0498,9,14
8.466992931131072,49.48558717682325,44.8416,35.1556,9,14
8.466992442911403,49.485632149157176,45.8082,35.4153,20,14
8.466991954690513,49.48567712149077,45.8146,35.4186,20,14
8.466991466468402,49.48572209382401,35.8451,33.9221,20,14
8.466990978245068,49.48576706615688,45.8196,35.4257,20,14
8.466990490020514,49.48581203848942,45.8203,35.4283,20,14
8.466990001794738,49.485857010821576,45.8172,35.4302,20,14
8.466989513567738,49.48590198315339,45.8179,35.4309,20,14
8.466989025339517,49.48594695548484,45.7792,35.4302,20,14
8.466988537110074,49.485991927815945,44.543,35.472,22,14
8.46698804887941,49.4860369001467,44.1587,35.4707,22,14
8.466987560647524,49.486081872477094,36.004,33.97,22,14
8.466987072414415,49.48612684480713,36.2201,33.9601,22,14
8.466986584180086,49.486171817136814,36.2031,33.9611,22,14
8.466986095944533,49.48621678946614,45.7662,35.4072,20,14
8.466985607707759,49.486261761795106,45.8093,35.4043,20,14
8.466985119469763,49.48630673412372,45.4002,35.3842,20,14
8.466984631230547,49.486351706451984,34.7455,32.4766,22,14
8.466984142990107,49.4863966787799,35.0292,33.0763,22,14
8.466983654748445,49.486441651107455,35.6131,33.4831,22,14
8.466983166505562,49.48648662343465,44.7118,35.2938,22,14
8.466982678261456,49.48653159576149,45.7903,35.3953,20,14
8.466982190016129,49.48657656808798,44.8961,35.3951,20,14
8.466981701769582,49.48662154041412,35.9218,33.8748,22,14
8.46698121352181,49.48666651273989,35.7233,33.7913,22,14
8.466980725272817,49.48671148506531,43.7338,35.2188,22,14
8.466980237022602,49.486756457390385,43.8592,35.1962,22,14
8.466979748771166,49.48680142971509,44.1112,35.2223,22,14
8.466979260518507,49.48684640203945,44.522,35.282,22,14
8.466978772264627,49.48689137436345,36.2133,33.8503,22,14
8.466978284009524,49.486936346687095,36.374,33.927,22,14
8.466977795753198,49.486981319010404,45.4805,35.3875,20,14
8.466977307495654,49.48702629133333,45.7802,35.3902,20,14
8.466976819236885,49.487071263655906,45.7826,35.3916,20,14
8.466976330976895,49.48711623597814,45.7851,35.3921,20,14
8.466975842715682,49.48716120830001,45.784,35.392,20,14
8.466975354453249,49.48720618062151,45.6587,35.3907,20,14
8.466974866189592,49.48725115294268,42.092,34.454,22,14
8.466974377924714,49.48729612526349,39.7121,33.7991,22,14
8.466973889658615,49.48734109758394,39.2885,33.4525,22,14
8.467071724283581,49.48468804810758,45.6775,35.4085,20,14
8.467071236151567,49.48473302044913,45.7976,35.4096,20,14
8.467070748018333,49.48477799279032,45.8143,35.4083,20,14
8.467070259883878,49.484822965131144,45.7105,35.4045,20,14
8.4670697717482,49.484867937471634,43.9106,35.4096,22,14
8.4670692836113,49.484912909811754,43.0636,35.3737,22,14
8.46706879547318,49.484957882151534,35.3051,33.8131,22,14
8.467068307333838,49.48500285449094,35.3205,33.7935,22,14
8.467067819193273,49.485047826830005,35.4013,33.7813,22,14
8.467067331051489,49.48509279916871,35.4948,33.7738,22,14
8.46706684290848,49.48513777150706,35.6575,33.8125,22,14
8.46706635476425,49.485182743845066,44.4855,35.4016,22,14
8.467065866618801,49.48522771618269,45.7911,35.3951,20,14
8.46706537847213,49.485272688519984,45.7962,35.3982,20,14
8.467064890324234,49.48531766085692,45.7996,35.4007,20,14
8.46706440217512,49.48536263319349,45.8045,35.4025,20,14
8.467063914024783,49.485407605529716,45.7454,35.4014,20,14
8.467063425873224,49.48545257786559,44.3235,35.3235,22,14
8.467062937720442,49.48549755020108,44.3416,35.2606,22,14
8.467062449566441,49.48554252253624,44.6194,35.1924,22,14
8.467061961411217,49.48558749487105,44.3657,35.1617,9,14
8.467061473254772,49.48563246720549,45.71,35.412,20,14
8.467060985097106,49.48567743953958,45.8082,35.4153,20,14
8.467060496938217,49.48572241187331,45.8159,35.4189,20,14
8.467060008778107,49.485767384206696,45.8175,35.4225,20,14
8.467059520616775,49.485812356539725,45.819,35.4261,20,14
8.46705903245422,49.48585732887239,45.8151,35.4291,20,14
8.467058544290445,49.48590230120472,45.8175,35.4305,20,14
8.467058056125447,49.485947273536674,45.8159,35.4299,20,14
8.467057567959229,49.48599224586827,45.8204,35.4274,20,14
8.467057079791788,49.48603721819951,45.7683,35.4243,20,14
8.467056591623127,49.48608219053042,45.5641,35.5081,22,14
8.467056103453242,49.48612716286095,45.2099,35.4739,22,14
8.467055615282137,49.48617213519115,35.915,33.915,22,14
8.46705512710981,49.48621710752098,35.9939,33.869,22,14
8.46705463893626,49.48626207985044,45.1081,35.4081,20,14
8.46705415076149,49.48630705217957,34.5251,32.4651,22,14
8.467053662585498,49.48635202450833,31.3318,31.3318,24,14
8.467053174408282,49.486396996836746,33.8818,31.8998,22,14
8.467052686229847,49.4864419691648,35.3387,33.1887,22,14
8.467052198050188,49.486486941492494,45.792,35.396,20,14
8.46705170986931,49.48653191381984,45.6916,35.3956,20,14
8.467051221687209,49.48657688614683,36.1385,33.9185,22,14
8.467050733503884,49.48662185847346,35.8812,33.8682,22,14
8.46705024531934,49.48666683079975,35.7153,33.7753,22,14
8.467049757133573,49.48671180312567,43.6664,35.1984,22,14
8.467049268946585,49.48675677545125,43.6796,35.1596,22,14
8.467048780758375,49.486801747776454,43.7872,35.1622,22,14
8.467048292568943,49.48684672010132,43.9894,35.2004,22,14
8.467047804378291,49.48689169242582,44.1981,35.2621,22,14
8.467047316186415,49.48693666474996,35.9317,33.8358,22,14
8.467046827993316,49.48698163707376,36.1025,33.8895,22,14
8.467046339798998,49.487026609397205,35.8131,33.8911,20,14
8.467045851603457,49.487071581720286,45.7826,35.3916,20,14
8.467045363406694,49.48711655404302,45.7837,35.3918,20,14
8.467044875208712,49.48716152636538,45.7826,35.3916,20,14
8.467044387009505,49.4872064986874,45.7806,35.3906,20,14
8.467043898809077,49.487251471009074,45.673,35.3881,20,14
8.467043410607427,49.48729644333037,40.1582,34.1603,22,14
8.467042922404556,49.487341415651336,39.6771,33.8061,22,14
8.46714075330053,49.484688366104145,36.2282,33.8662,22,14
8.467140265231738,49.48473333844619,45.3517,35.3347,20,14
8.467139777161723,49.48477831078789,45.6485,35.4085,20,14
8.467139289090486,49.48482328312923,45.6038,35.4048,20,14
8.467138801018029,49.484868255470204,45.7981,35.3992,20,14
8.46713831294435,49.484913227810836,45.7735,35.3935,20,14
8.46713782486945,49.48495820015111,44.1035,35.3715,22,14
8.467137336793327,49.485003172491034,43.4459,35.3049,22,14
8.467136848715983,49.4850481448306,35.5094,33.7515,22,14
8.467136360637417,49.4850931171698,35.5378,33.7418,22,14
8.467135872557632,49.48513808950865,44.2415,35.3116,22,14
8.467135384476624,49.48518306184716,45.7725,35.3885,20,14
8.467134896394393,49.4852280341853,45.7848,35.3918,20,14
8.467134408310942,49.48527300652309,45.7877,35.3947,20,14
8.46713392022627,49.48531797886052,45.7941,35.3971,20,14
8.467133432140376,49.485362951197594,45.7981,35.3992,20,14
8.467132944053262,49.48540792353432,45.461,35.401,20,14
8.467132455964924,49.48545289587068,44.7347,35.3458,22,14
8.467131967875368,49.48549786820671,44.6127,35.2897,22,14
8.467131479784586,49.48554284054235,45.0661,35.2221,20,14
8.467130991692585,49.48558781287767,44.4427,35.2057,9,14
8.467130503599362,49.4856327852126,44.3779,35.3159,22,14
8.467130015504917,49.4856777575472,45.7582,35.4112,20,14
8.467129527409252,49.48572272988144,45.8082,35.4153,20,14
8.467129039312365,49.48576770221532,45.8164,35.4195,20,14
8.467128551214255,49.485812674548846,45.8188,35.4239,20,14
8.467128063114925,49.48585764688202,35.8427,33.9277,20,14
8.467127575014374,49.485902619214826,35.8359,33.9299,20,14
8.4671270869126,49.4859475915473,45.8143,35.4293,20,14
8.467126598809605,49.4859925638794,45.8195,35.4265,20,14
8.467126110705388,49.48603753621116,45.8181,35.4231,20,14
8.46712562259995,49.48608250854255,45.8172,35.4202,20,14
8.46712513449329,49.48612748087359,45.7587,35.4177,20,14
8.46712464638541,49.48617245320428,44.0879,35.3669,22,14
8.467124158276308,49.48621742553462,42.856,35.129,22,14
8.467123670165982,49.48626239786459,34.8399,33.25,22,14
8.467123182054436,49.48630737019421,34.491,32.772,22,14
8.467122693941668,49.48635234252348,33.751,31.843,22,14
8.46712220582768,49.4863973148524,33.2866,33.0556,25,14
8.46712171771247,49.48644228718096,43.346,34.044,22,14
8.467121229596037,49.486487259509154,45.7932,35.3962,20,14
8.467120741478382,49.486532231836996,45.7911,35.3961,20,14
8.467120253359507,49.48657720416449,45.6869,35.3959,20,14
8.46711976523941,49.48662217649163,36.1395,33.9115,22,14
8.467119277118092,49.48666714881841,43.9872,35.3262,22,14
8.46711878899555,49.48671212114484,43.8345,35.2445,22,14
8.46711830087179,49.48675709347091,43.7088,35.1808,22,14
8.467117812746807,49.486802065796624,43.6829,35.1499,22,14
8.4671173246206,49.48684703812199,43.7276,35.1556,22,14
8.467116836493176,49.48689201044699,43.8449,35.1959,22,14
8.467116348364527,49.486936982771645,44.1984,35.2695,22,14
8.467115860234658,49.48698195509594,45.7567,35.3467,20,14
8.467115372103565,49.4870269274199,45.7792,35.3893,20,14
8.467114883971252,49.48707189974346,45.7841,35.3911,20,14
8.467114395837717,49.48711687206671,45.7809,35.3909,20,14
8.467113907702961,49.48716184438957,45.7806,35.3906,20,14
8.467113419566983,49.487206816712096,45.7804,35.3894,20,14
8.467112931429783,49.48725178903427,43.9099,35.3869,20,14
8.467112443291363,49.48729676135607,32.9583,32.3063,22,14
8.467111955151719,49.487341733677525,39.8308,33.8308,22,14
8.467209782318703,49.48468868405953,34.7574,34.5695,24,14
8.467209294313129,49.484733656402085,43.32,35.151,9,14
8.467208806306333,49.48477862874427,43.0457,35.3207,22,14
8.467208318298317,49.48482360108611,35.9114,33.8944,22,14
8.467207830289079,49.48486857342759,45.7546,35.3976,20,14
8.46720734227862,49.484913545768734,45.7842,35.3912,20,14
8.467206854266939,49.4849585181095,45.6298,35.3858,20,14
8.467206366254038,49.48500349044993,44.7806,35.3746,22,14
8.467205878239914,49.48504846278999,43.8773,35.3174,22,14
8.467205390224569,49.48509343512969,43.4793,35.2773,22,14
8.467204902208005,49.48513840746905,43.3607,35.2978,22,14
8.467204414190217,49.48518337980806,44.1449,35.3869,22,14
8.467203926171209,49.48522835214669,45.7339,35.3879,20,14
8.46720343815098,49.48527332448499,45.7146,35.3906,20,14
8.467202950129527,49.48531829682294,45.7851,35.3931,20,14
8.467202462106856,49.4853632691605,45.7915,35.3955,20,14
8.467201974082963,49.48540824149774,45.7957,35.3977,20,14
8.467201486057848,49.4854532138346,45.6217,35.3847,20,14
8.46720099803151,49.48549818617111,45.2997,35.2997,20,14
8.467200510003954,49.48554315850728,45.4561,35.3261,20,14
8.467200021975174,49.485588130843084,45.6743,35.4013,20,14
8.467199533945173,49.48563310317854,44.3232,35.2992,9,14
8.467199045913953,49.485678075513626,44.8465,35.3495,22,14
8.46719855788151,49.48572304784836,45.6959,35.4109,20,14
8.467198069847845,49.485768020182746,45.8091,35.4162,20,14
8.46719758181296,49.485812992516784,45.8172,35.4213,20,14
8.467197093776852,49.48585796485045,45.5978,35.4258,20,14
8.467196605739524,49.48590293718377,36.4192,33.9782,22,14
8.467196117700974,49.485947909516746,45.8203,35.4273,20,14
8.467195629661203,49.48599288184934,45.8183,35.4243,20,14
8.46719514162021,49.4860378541816,45.8171,35.4211,20,14
8.467194653577996,49.4860828265135,45.7299,35.4189,20,14
8.467194165534561,49.48612779884504,45.8122,35.4172,20,14
8.467193677489904,49.486172771176236,45.7231,35.4151,20,14
8.467193189444025,49.48621774350706,43.6355,35.0445,22,14
8.467192701396925,49.486262715837555,41.8534,33.8724,22,14
8.467192213348605,49.48630768816766,34.6187,32.6457,22,14
8.467191725299063,49.486352660497445,35.1296,32.6756,22,14
8.467191237248299,49.48639763282685,43.4862,34.0472,22,14
8.467190749196313,49.486442605155915,44.0242,34.8473,22,14
8.467190261143106,49.486487577484624,45.7935,35.3965,20,14
8.467189773088679,49.486532549812964,45.7935,35.3965,20,14
8.46718928503303,49.48657752214096,45.7932,35.3962,20,14
8.467188796976158,49.4866224944686,45.7917,35.3957,20,14
8.467188308918065,49.48666746679588,45.7411,35.3951,20,14
8.46718782085875,49.48671243912281,44.8364,35.3564,22,14
8.467187332798217,49.48675741144938,44.015,35.264,22,14
8.46718684473646,49.48680238377561,43.7689,35.1969,22,14
8.467186356673482,49.48684735610147,43.6536,35.1676,22,14
8.467185868609283,49.48689232842698,43.5966,35.1826,22,14
8.46718538054386,49.486937300752125,44.5049,35.256,22,14
8.467184892477219,49.48698227307693,45.7401,35.3371,20,14
8.467184404409354,49.48702724540138,45.7958,35.3878,20,14
8.46718391634027,49.487072217725455,45.7815,35.3905,20,14
8.467183428269962,49.48711719004918,45.7801,35.3901,20,14
8.467182940198432,49.48716216237256,45.7994,35.3894,20,14
8.467182452125682,49.48720713469559,44.4129,35.3879,20,14
8.467181964051711,49.487252107018264,34.3933,32.9693,22,14
8.467181475976519,49.48729707934057,30.8664,31.2884,25,14
8.467180987900104,49.48734205166253,39.5194,33.5604,22,14
8.467278811338096,49.48468900197372,45.7932,35.3963,20,14
8.467278323395742,49.484733974316775,45.1186,35.3987,20,14
8.467277835452165,49.484778946659475,44.5825,35.3995,20,14
8.467277347507368,49.48482391900181,43.8474,35.4164,22,14
8.46727685956135,49.484868891343794,44.3739,35.439,22,14
8.467276371614112,49.484913863685435,45.795,35.3871,20,14
8.467275883665652,49.48495883602672,44.8031,35.3821,20,14
8.46727539571597,49.48500380836764,35.8679,33.883,22,14
8.467274907765066,49.485048780708205,43.612,35.3411,22,14
8.467274419812943,49.48509375304841,43.3783,35.3123,22,14
8.467273931859598,49.485138725388275,43.2316,35.3306,22,14
8.467273443905032,49.48518369772777,43.1299,35.351,22,14
8.467272955949245,49.48522867006691,35.6866,33.8776,22,14
8.467272467992236,49.48527364240571,36.0365,33.8925,22,14
8.467271980034006,49.48531861474416,45.74,35.389,20,14
8.467271492074557,49.485363587082226,45.6836,35.3916,20,14
8.467271004113885,49.485408559419966,45.787,35.394,20,14
8.467270516151991,49.48545353175733,45.7919,35.3959,20,14
8.467270028188878,49.485498504094345,45.795,35.397,20,14
8.46726954022454,49.485543476431005,45.7941,35.3971,20,14
8.467269052258985,49.48558844876732,45.2975,35.3965,20,14
8.467268564292207,49.485633421103266,36.0954,33.8495,22,14
8.467268076324208,49.48567839343886,44.5959,35.347,22,14
8.467267588354987,49.485723365774106,45.0971,35.3861,9,14
8.467267100384547,49.48576833810899,45.8049,35.4129,20,14
8.467266612412883,49.48581331044353,45.8153,35.4183,20,14
8.46726612444,49.48585828277769,45.8174,35.4224,20,14
8.467265636465894,49.485903255111516,45.8184,35.4244,20,14
8.467265148490569,49.485948227444986,45.8185,35.4235,20,14
8.467264660514022,49.48599319977809,45.8168,35.4209,20,14
8.467264172536252,49.48603817211085,35.7373,33.9183,20,14
8.467263684557263,49.486083144443256,36.3494,33.9634,22,14
8.467263196577052,49.4861281167753,45.8109,35.4159,20,14
8.46726270859562,49.486173089107,45.8061,35.4141,20,14
8.467262220612966,49.48621806143833,45.0993,35.4113,20,14
8.46726173262909,49.486263033769305,33.4591,33.2242,24,14
8.467261244643996,49.48630800609993,42.8411,33.3441,22,14
8.467260756657677,49.486352978430205,43.8857,34.2917,22,14
8.467260268670138,49.48639795076012,43.7061,34.7601,22,14
8.46725978068138,49.48644292308968,43.9202,35.1072,22,14
8.467259292691399,49.48648789541889,45.7585,35.3965,20,14
8.467258804700196,49.48653286774774,45.7342,35.3962,20,14
8.467258316707772,49.48657784007623,45.792,35.396,20,14
8.467257828714127,49.48662281240437,45.7926,35.3956,20,14
8.46725734071926,49.486667784732155,45.7902,35.3952,20,14
8.467256852723173,49.48671275705959,45.7278,35.3948,20,14
8.467256364725865,49.48675772938667,44.7631,35.3561,22,14
8.467255876727336,49.48680270171339,44.429,35.292,22,14
8.467255388727583,49.48684767403976,43.8285,35.2366,22,14
8.46725490072661,49.48689264636577,43.743,35.229,22,14
8.467254412724417,49.486937618691414,45.697,35.273,20,14
8.467253924721,49.48698259101672,45.7198,35.3168,20,14
8.467253436716364,49.48702756334168,45.7812,35.3903,20,14
8.467252948710506,49.48707253566625,45.7796,35.3896,20,14
8.467252460703428,49.48711750799049,45.78,35.389,20,14
8.467251972695125,49.487162480314375,45.6129,35.3879,20,14
8.467251484685605,49.48720745263789,35.1799,33.4949,22,14
8.467250996674862,49.48725242496106,34.2375,32.7525,22,14
8.467250508662897,49.48729739728388,32.9051,31.9991,22,14
8.46725002064971,49.48734236960634,40.3145,33.9615,22,14
8.467347840358709,49.48468931984672,45.1372,35.3862,20,14
8.467347352479575,49.48473429219029,36.5942,33.8882,9,14
8.46734686459922,49.48477926453348,45.1284,35.3885,20,14
8.467346376717641,49.48482423687632,45.7958,35.3878,20,14
8.467345888834842,49.484869209218814,45.793,35.385,20,14
8.467345400950824,49.48491418156095,45.6987,35.3807,20,14
8.467344913065583,49.484959153902736,36.0071,33.9061,22,14
8.467344425179123,49.48500412624415,35.8008,33.8778,22,14
8.467343937291439,49.48504909858522,44.4746,35.3666,22,14
8.467343449402536,49.48509407092593,45.7754,35.3774,20,14
8.467342961512411,49.485139043266294,45.745,35.379,20,14
8.467342473621068,49.4851840156063,44.6378,35.3948,22,14
8.4673419857285,49.485228987945945,44.321,35.39,22,14
8.467341497834715,49.485273960285234,35.8447,33.8327,22,14
8.467341009939707,49.48531893262418,35.9318,33.8318,22,14
8.467340522043477,49.48536390496277,36.1971,33.8701,22,14
8.467340034146028,49.48540887730099,45.7822,35.3903,20,14
8.467339546247356,49.485453849638866,45.7851,35.3921,20,14
8.467339058347465,49.48549882197638,45.7883,35.3933,20,14
8.467338570446351,49.48554379431356,45.7425,35.3935,20,14
8.467338082544016,49.48558876665036,36.4716,33.9356,22,14
8.46733759464046,49.48563373898681,36.3895,33.9125,22,14
8.467337106735686,49.48567871132292,45.7962,35.3983,20,14
8.467336618829687,49.485723683658655,45.7313,35.4043,20,14
8.46733613092247,49.485768655994036,45.7275,35.4106,20,14
8.46733564301403,49.48581362832908,45.5932,35.4153,20,14
8.46733515510437,49.48585860066375,45.8145,35.4185,20,14
8.467334667193487,49.485903572998076,45.817,35.42,20,14
8.467334179281385,49.485948545332036,45.816,35.4191,20,14
8.467333691368061,49.485993517665655,45.7313,35.4173,20,14
8.467333203453517,49.48603848999892,45.8097,35.4157,20,14
8.467332715537752,49.48608346233182,45.808,35.415,20,14
8.467332227620764,49.486128434664366,45.8072,35.4142,20,14
8.467331739702557,49.48617340699656,45.4234,35.4124,20,14
8.467331251783127,49.48621837932841,35.6052,33.5102,22,14
8.467330763862478,49.48626335165987,34.4532,32.0352,22,14
8.467330275940606,49.486308323991004,33.4674,33.2224,24,14
8.467329788017514,49.486353296321774,42.8705,34.0305,22,14
8.467329300093201,49.4863982686522,43.433,34.941,22,14
8.467328812167665,49.48644324098226,43.4482,35.1892,22,14
8.467328324240912,49.486488213311965,44.0651,35.3401,22,14
8.467327836312933,49.48653318564132,36.1463,33.8953,22,14
8.467327348383735,49.48657815797032,45.7081,35.3951,20,14
8.467326860453317,49.48662313029896,45.736,35.395,20,14
8.467326372521677,49.486668102627256,45.7888,35.3948,20,14
8.467325884588815,49.48671307495519,45.7895,35.3945,20,14
8.467325396654735,49.48675804728277,45.7871,35.3941,20,14
8.46732490871943,49.48680301960998,45.7565,35.3936,20,14
8.467324420782905,49.486847991936855,44.598,35.336,22,14
8.46732393284516,49.48689296426336,44.5235,35.3165,22,14
8.467323444906194,49.48693793658951,45.7479,35.3419,20,14
8.467322956966006,49.48698290891532,45.7812,35.3902,20,14
8.467322469024596,49.48702788124078,45.7994,35.3894,20,14
8.467321981081966,49.487072853565856,45.7976,35.3886,20,14
8.467321493138114,49.48711782589061,45.7958,35.3878,20,14
8.46732100519304,49.487162798214975,44.4307,35.3867,20,14
8.467320517246748,49.487207770539,34.5346,32.9257,22,14
8.467320029299232,49.48725274286269,33.4475,33.2985,24,14
8.467319541350497,49.48729771518599,40.3872,33.7162,22,14
8.467319053400539,49.48734268750896,40.6662,34.1693,22,14
8.467416869380544,49.48468963767855,36.2267,33.8737,9,14
8.467416381564629,49.4847346100226,35.8535,33.8666,22,14
8.467415893747493,49.48477958236629,44.5302,35.3822,22,14
8.467415405929135,49.48482455470964,45.7773,35.3773,20,14
8.467414918109556,49.48486952705263,45.7731,35.3762,20,14
8.467414430288757,49.48491449939527,44.5638,35.3738,20,14
8.467413942466736,49.48495947173756,35.8375,33.8745,22,14
8.467413454643497,49.48500444407948,35.8709,33.875,22,14
8.467412966819035,49.48504941642105,45.7711,35.3741,20,14
8.467412478993353,49.48509438876226,45.7764,35.3764,20,14
8.467411991166449,49.48513936110313,45.7795,35.3785,20,14
8.467411503338324,49.485184333443634,45.7821,35.3801,20,14
8.467411015508981,49.48522930578378,45.6362,35.3813,20,14
8.467410527678414,49.48527427812359,44.9857,35.1727,22,14
8.467410039846627,49.48531925046302,44.4079,35.1989,22,14
8.46740955201362,49.4853642228021,35.889,33.75,22,14
8.46740906417939,49.48540919514083,36.1454,33.8284,22,14
8.467408576343942,49.48545416747921,45.767,35.389,20,14
8.467408088507272,49.48549913981723,45.7633,35.3903,20,14
8.467407600669382,49.4855441121549,45.7841,35.3911,20,14
8.46740711283027,49.48558908449222,45.7826,35.3916,20,14
8.467406624989936,49.48563405682916,45.7875,35.3936,20,14
8.467406137148384,49.485679029165766,45.7157,35.3977,20,14
8.467405649305608,49.48572400150201,36.3797,33.9408,22,14
8.467405161461613,49.4857689738379,36.1411,33.9151,22,14
8.467404673616397,49.485813946173444,44.7218,35.3998,22,14
8.467404185769961,49.48585891850861,45.7016,35.4156,20,14
8.467403697922302,49.48590389084344,45.8091,35.4162,20,14
8.467403210073423,49.48594886317791,45.6295,35.4155,20,14
8.467402722223325,49.48599383551202,45.5711,35.4631,22,14
8.467402234372003,49.48603880784578,45.8036,35.4136,20,14
8.46740174651946,49.486083780179186,45.8051,35.4131,20,14
8.4674012586657,49.48612875251224,45.7831,35.4121,20,14
8.467400770810714,49.48617372484493,35.9942,33.7632,22,14
8.467400282954511,49.486218697177286,35.6981,33.4171,22,14
8.467399795097085,49.486263669509256,35.4478,32.9358,22,14
8.46739930723844,49.486308641840886,34.7963,32.4863,22,14
8.467398819378571,49.486353614172174,45.7674,35.3624,20,14
8.467398331517485,49.48639858650308,45.7532,35.3992,20,14
8.467397843655174,49.48644355883364,44.5007,35.3527,22,14
8.467397355791643,49.48648853116386,44.4349,35.3829,22,14
8.467396867926894,49.48653350349371,36.0034,33.8854,22,14
8.46739638006092,49.486578475823215,36.1467,33.8647,22,14
8.467395892193728,49.48662344815236,36.3357,33.8937,22,14
8.467395404325314,49.486668420481145,45.7413,35.3933,20,14
8.46739491645568,49.486713392809584,45.7852,35.3932,20,14
8.467394428584825,49.48675836513766,45.7859,35.3929,20,14
8.467393940712746,49.48680333746538,45.7857,35.3927,20,14
8.467393452839449,49.48684830979275,45.7839,35.3919,20,14
8.46739296496493,49.48689328211977,45.7841,35.3911,20,14
8.467392477089192,49.48693825444642,45.7812,35.3903,20,14
8.46739198921223,49.486983226772736,45.7993,35.3893,20,14
8.467391501334049,49.48702819909869,45.7784,35.3885,20,14
8.467391013454646,49.48707317142427,45.7945,35.3875,20,14
8.467390525574022,49.48711814374952,45.7045,35.3865,20,14
8.467390037692176,49.487163116074385,35.3224,33.5714,22,14
8.467389549809111,49.48720808839892,34.2732,32.6923,22,14
8.467389061924825,49.487253060723106,33.1969,33.1029,24,14
8.467388574039317,49.48729803304691,40.5819,33.8239,22,14
8.467388086152589,49.48734300537039,40.9738,34.3448,22,14
8.4674858984036,49.48468995546917,45.7823,35.3693,20,14
8.467485410650905,49.484734927813726,45.7794,35.3684,20,14
8.467484922896986,49.48477990015793,45.7795,35.3685,20,14
8.46748443514185,49.48482487250178,45.7809,35.3689,20,14
8.46748394738549,49.484869844845264,44.6618,35.3688,20,14
8.467483459627912,49.484914817188404,35.8799,33.8939,22,14
8.467482971869112,49.48495978953119,35.8078,33.8689,22,14
8.467482484109091,49.48500476187362,44.5433,35.3883,22,14
8.46748199634785,49.48504973421569,45.7664,35.3724,20,14
8.467481508585388,49.485094706557405,45.7736,35.3756,20,14
8.467481020821706,49.485139678898776,45.7793,35.3783,20,14
8.467480533056802,49.485184651239784,45.7815,35.3805,20,14
8.46748004529068,49.48522962358042,45.7818,35.3698,20,14
8.467479557523333,49.48527459592073,44.8633,34.4413,21,14
8.467479069754768,49.48531956826067,44.4723,34.8763,22,14
8.467478581984984,49.48536454060026,43.9648,35.0048,22,14
8.467478094213975,49.48540951293948,43.801,35.171,22,14
8.467477606441749,49.48545448527836,35.8401,33.7991,22,14
8.4674771186683,49.48549945761689,36.1442,33.8712,22,14
8.467476630893632,49.48554442995506,45.7756,35.3896,20,14
8.467476143117743,49.485589402292874,45.7841,35.3911,20,14
8.467475655340634,49.48563437463032,45.7885,35.3935,20,14
8.467475167562302,49.48567934696743,45.7948,35.3978,20,14
8.467474679782752,49.485724319304175,45.565,35.403,20,14
8.467474192001978,49.485769291640565,44.6695,35.4135,22,14
8.467473704219985,49.485814263976614,44.0182,35.3783,22,14
8.46747321643677,49.48585923631228,44.5756,35.3966,22,14
8.467472728652336,49.485904208647604,45.8036,35.4136,20,14
8.46747224086668,49.48594918098258,45.6789,35.4129,20,14
8.467471753079804,49.48599415331721,45.5601,35.4601,22,14
8.467471265291708,49.486039125651466,45.8026,35.4117,20,14
8.467470777502392,49.48608409798537,45.8002,35.4112,20,14
8.467470289711853,49.486129070318924,45.2899,35.4099,20,14
8.467469801920094,49.48617404265212,35.5445,33.4845,22,14
8.467469314127113,49.48621901498496,35.2097,32.8497,22,14
8.467468826332913,49.48626398731744,35.2774,32.9224,22,14
8.467468338537492,49.48630895964958,44.1025,34.9395,22,14
8.46746785074085,49.486353931981355,45.7996,35.4007,20,14
8.467467362942987,49.48639890431278,45.7994,35.3994,20,14
8.467466875143904,49.48644387664385,45.7948,35.3978,20,14
8.467466387343599,49.48648884897455,45.7789,35.3959,20,14
8.467465899542074,49.48653382130492,45.0718,35.3708,22,14
8.467465411739328,49.486578793634905,45.0753,35.1773,22,14
8.467464923935362,49.48662376596456,36.1404,33.7764,22,14
8.467464436130172,49.48666873829385,36.2813,33.8663,22,14
8.467463948323765,49.48671371062279,45.6868,35.3908,20,14
8.467463460516134,49.48675868295137,45.7818,35.3908,20,14
8.467462972707285,49.486803655279594,45.7808,35.3908,20,14
8.467462484897215,49.486848627607465,45.7806,35.3906,20,14
8.467461997085922,49.48689359993498,45.7818,35.3899,20,14
8.46746150927341,49.48693857226213,45.78,35.389,20,14
8.467461021459677,49.48698354458894,45.7781,35.3882,20,14
8.467460533644722,49.4870285169154,45.7943,35.3873,20,14
8.467460045828547,49.48707348924149,45.7933,35.3863,20,14
8.467459558011152,49.48711846156722,44.511,35.385,20,14
8.467459070192534,49.48716343389261,35.1123,33.4523,22,14
8.467458582372696,49.48720840621765,34.5822,33.0002,22,14
8.467458094551638,49.48725337854233,41.1183,33.7923,22,14
8.467457606729358,49.48729835086664,41.2145,34.2895,22,14
8.467457118905859,49.4873433231906,41.5179,34.5779,22,14
8.467554927427877,49.484690273218604,45.7706,35.3646,20,14
8.4675544397384,49.48473524556366,45.7715,35.3635,20,14
8.467553952047703,49.48478021790837,45.7692,35.3632,20,14
8.467553464355785,49.484825190252714,45.6402,35.3632,20,14
8.467552976662645,49.484870162596714,35.9786,33.8956,22,14
8.467552488968286,49.48491513494035,35.8333,33.8823,22,14
8.467552001272708,49.48496010728364,44.5484,35.3814,22,14
8.467551513575906,49.485005079626575,45.7774,35.3674,20,14
8.467551025877887,49.48505005196915,45.7838,35.3708,20,14
8.467550538178644,49.48509502431136,35.7144,33.8744,20,14
8.467550050478183,49.485139996653224,45.7759,35.3779,20,14
8.467549562776501,49.48518496899473,45.7831,35.3811,20,14
8.467549075073599,49.48522994133589,44.9692,34.4412,21,14
8.467548587369475,49.48527491367668,44.97,34.441,21,14
8.467548099664132,49.48531988601713,44.9709,34.4409,21,14
8.467547611957567,49.485364858357215,44.8909,34.4409,21,14
8.467547124249782,49.48540983069696,44.338,34.957,22,14
8.467546636540778,49.485454803036326,44.0209,35.2679,22,14
8.467546148830552,49.48549977537535,35.8434,33.8455,22,14
8.467545661119104,49.48554474771402,44.5226,35.3866,22,14
8.467545173406437,49.48558972005233,45.7492,35.3902,20,14
8.46754468569255,49.48563469239029,45.5948,35.3929,20,14
8.46754419797744,49.485679664727904,45.7935,35.3965,20,14
8.467543710261113,49.48572463706515,45.8011,35.4011,20,14
8.467543222543563,49.48576960940204,45.5993,35.4053,20,14
8.467542734824793,49.485814581738595,44.7122,35.4042,22,14
8.467542247104802,49.48585955407477,44.7446,35.4086,22,14
8.467541759383591,49.4859045264106,45.6889,35.4109,20,14
8.46754127166116,49.485949498746066,45.8007,35.4108,20,14
8.467540783937508,49.48599447108118,45.7994,35.4104,20,14
8.467540296212636,49.48603944341595,45.7979,35.4099,20,14
8.467539808486542,49.486084415750355,45.734,35.409,20,14
8.46753932075923,49.48612938808441,35.4854,33.4984,22,14
8.467538833030694,49.48617436041811,34.9077,32.8187,22,14
8.467538345300937,49.48621933275145,33.8417,33.6227,24,14
8.467537857569962,49.48626430508443,33.7396,33.5026,24,14
8.467537369837768,49.48630927741707,45.788,35.3831,20,14
8.467536882104348,49.48635424974935,45.8016,35.4006,20,14
8.467536394369713,49.48639922208128,45.7993,35.3993,20,14
8.467535906633854,49.48644419441284,45.7945,35.3975,20,14
8.467535418896775,49.48648916674406,45.7917,35.3957,20,14
8.467534931158474,49.48653413907491,45.7877,35.3937,20,14
8.467534443418954,49.48657911140542,44.91,34.44,21,14
8.467533955678213,49.48662408373557,44.9528,34.8938,22,14
8.467533467936253,49.48666905606536,44.9542,35.1453,22,14
8.46753298019307,49.48671402839481,36.1466,33.7846,22,14
8.467532492448667,49.48675900072388,36.2609,33.8769,22,14
8.467532004703044,49.4868039730526,45.6823,35.3883,20,14
8.4675315169562,49.48684894538098,45.7633,35.3883,20,14
8.467531029208136,49.486893917709,45.7961,35.3881,20,14
8.46753054145885,49.48693889003666,45.7945,35.3875,20,14
8.467530053708343,49.48698386236398,45.7939,35.3869,20,14
8.467529565956616,49.487028834690925,45.7909,35.3859,20,14
8.46752907820367,49.48707380701751,44.7667,35.3848,20,14
8.4675285904495,49.48711877934377,35.3548,33.5728,22,14
8.467528102694112,49.48716375166964,34.8232,33.0702,22,14
8.467527614937502,49.48720872399518,42.0967,34.5197,22,14
8.467527127179673,49.48725369632035,41.6871,34.3761,22,14
8.46752663942062,49.487298668645174,41.5037,34.5167,22,14
8.46752615166035,49.48734364096965,42.1085,34.8145,22,14
8.467623956453373,49.48469059092685,45.765,35.361,20,14
8.467623468827115,49.484735563272416,45.763,35.36,20,14
8.46762298119964,49.48478053561761,45.7623,35.3593,20,14
8.467622493570941,49.48482550796246,44.504,35.359,20,14
8.467622005941022,49.48487048030696,35.8104,33.8805,22,14
8.467621518309882,49.48491545265111,44.1797,35.3777,22,14
8.467621030677522,49.484960424994895,45.7666,35.3626,20,14
8.467620543043944,49.48500539733833,45.7738,35.3658,20,14
8.467620055409142,49.4850503696814,45.0823,35.3693,20,14
8.467619567773124,49.48509534202412,36.2379,33.9229,22,14
8.467619080135881,49.48514031436648,45.7773,35.3773,20,14
8.46761859249742,49.4851852867085,45.7613,35.3593,20,14
8.467618104857738,49.48523025905015,44.97,34.441,21,14
8.467617617216836,49.485275231391455,44.9697,34.4407,21,14
8.467617129574714,49.4853202037324,44.9686,34.4406,21,14
8.467616641931372,49.48536517607299,44.9686,34.4406,21,14
8.467616154286809,49.48541014841322,44.9686,34.4406,21,14
8.467615666641025,49.4854551207531,45.657,35.3881,20,14
8.467615178994022,49.485500093092625,44.7054,35.3884,22,14
8.467614691345796,49.4855450654318,44.0099,35.3839,22,14
8.467614203696353,49.48559003777061,44.1774,35.3904,22,14
8.467613716045687,49.48563501010908,36.2222,33.9002,22,14
8.467613228393802,49.48567998244719,45.6793,35.3943,20,14
8.467612740740696,49.48572495478494,45.6738,35.3978,20,14
8.46761225308637,49.48576992712233,45.8025,35.4015,20,14
8.467611765430823,49.48581489945938,45.8095,35.4045,20,14
8.467611277774056,49.48585987179605,45.3368,35.4069,20,14
8.467610790116069,49.48590484413238,44.9467,35.4658,22,14
8.467610302456862,49.48594981646837,45.8144,35.4084,20,14
8.467609814796432,49.48599478880397,45.7965,35.4085,20,14
8.467609327134783,49.48603976113924,45.8151,35.4081,20,14
8.467608839471914,49.48608473347416,45.231,35.368,20,14
8.467608351807826,49.486129705808715,34.5435,32.5385,22,14
8.467607864142513,49.486174678142916,34.9523,32.7903,22,14
8.467607376475984,49.486219650476755,35.3663,32.7154,22,14
8.467606888808232,49.486264622810246,45.758,35.347,20,14
8.467606401139262,49.486309595143375,45.801,35.401,20,14
8.46760591346907,49.48635456747616,45.7999,35.3999,20,14
8.467605425797656,49.48639953980858,45.7986,35.3986,20,14
8.467604938125024,49.48644451214066,45.7937,35.3967,20,14
8.46760445045117,49.48648948447237,45.792,35.3951,20,14
8.467603962776098,49.48653445680373,44.9689,34.4399,21,14
8.467603475099802,49.486579429134736,44.9682,34.4402,21,14
8.467602987422287,49.48662440146537,44.9425,34.4405,21,14
8.467602499743553,49.48666937379567,45.1931,34.8251,22,14
8.467602012063596,49.486714346125616,45.1178,34.9918,22,14
8.46760152438242,49.486759318455206,36.0695,33.6835,22,14
8.467601036700023,49.48680429078443,36.1531,33.8041,22,14
8.467600549016405,49.4868492631133,36.2138,33.9028,22,14
8.467600061331568,49.48689423544182,45.6555,35.3855,20,14
8.46759957364551,49.486939207769986,45.7244,35.3854,20,14
8.46759908595823,49.4869841800978,45.793,35.385,20,14
8.467598598269731,49.48702915242526,45.734,35.384,20,14
8.467598110580012,49.48707412475235,35.5394,33.6764,22,14
8.467597622889071,49.487119097079095,34.8315,33.1055,22,14
8.46759713519691,49.48716406940549,33.8241,33.5992,24,14
8.46759664750353,49.48720904173151,41.734,34.205,22,14
8.467596159808927,49.4872540140572,41.9129,34.1929,22,14
8.467595672113104,49.48729898638252,41.9285,34.4075,9,14
8.467595184416062,49.48734395870749,43.448,35.084,22,14
8.467692985480092,49.48469090859391,45.7564,35.3574,20,14
8.467692497917055,49.484735880939965,45.7567,35.3567,20,14
8.467692010352796,49.484780853285685,45.7339,35.3559,20,14
8.467691522787316,49.484825825631034,35.7571,33.8951,22,14
8.467691035220618,49.48487079797603,35.791,33.887,22,14
8.467690547652698,49.48491577032067,44.6197,35.3927,22,14
8.467690060083559,49.48496074266495,45.7643,35.3613,20,14
8.4676895725132,49.485005715008896,45.1836,35.3647,20,14
8.46768908494162,49.48505068735247,36.2082,33.9193,22,14
8.46768859736882,49.485095659695695,45.7673,35.3723,20,14
8.4676881097948,49.48514063203856,45.7752,35.3772,20,14
8.46768762221956,49.48518560438107,44.9694,34.4414,21,14
8.467687134643098,49.485230576723225,44.9698,34.4408,21,14
8.467686647065419,49.48527554906504,44.9705,34.4405,21,14
8.467686159486517,49.485320521406486,44.9674,34.4404,21,14
8.467685671906397,49.48536549374756,44.9214,34.4404,21,14
8.467685184325054,49.485410466088304,45.8008,35.3898,20,14
8.467684696742493,49.485455438428694,45.781,35.39,20,14
8.467684209158712,49.485500410768715,45.6871,35.3901,20,14
8.46768372157371,49.485545383108395,44.7613,35.4043,22,14
8.467683233987486,49.48559035544771,44.3106,35.4016,22,14
8.467682746400046,49.48563532778667,43.9715,35.3845,22,14
8.467682258811383,49.485680300125274,44.1118,35.3858,22,14
8.4676817712215,49.48572527246353,44.6293,35.3953,22,14
8.467681283630396,49.48577024480142,45.7277,35.3977,20,14
8.467680796038072,49.48581521713896,45.7996,35.4007,20,14
8.467680308444528,49.485860189476156,45.7791,35.4031,20,14
8.467679820849765,49.485905161812994,44.9952,35.4423,22,14
8.46767933325378,49.485950134149455,45.811,35.406,20,14
8.467678845656575,49.48599510648558,45.8113,35.4063,20,14
8.467678358058151,49.48604007882135,45.514,35.404,20,14
8.467677870458507,49.48608505115676,34.8805,32.7395,22,14
8.46767738285764,49.48613002349182,31.9329,31.8049,24,14
8.467676895255556,49.48617499582652,34.0704,32.0264,22,14
8.467676407652249,49.48621996816087,43.8199,34.799,22,14
8.467675920047723,49.486264940494856,45.8011,35.4011,20,14
8.467675432441977,49.48630991282849,45.8002,35.4002,20,14
8.467674944835009,49.486354885161774,45.7968,35.3988,20,14
8.467674457226822,49.48639985749471,45.7942,35.3972,20,14
8.467673969617415,49.48644482982727,45.7915,35.3955,20,14
8.467673482006786,49.48648980215949,45.7878,35.3938,20,14
8.467672994394938,49.48653477449134,44.968,34.44,21,14
8.46767250678187,49.486579746822855,44.9673,34.4403,21,14
8.467672019167582,49.486624719154,44.9686,34.4406,21,14
8.467671531552073,49.486669691484806,44.9709,34.4409,21,14
8.467671043935344,49.48671466381524,44.9392,34.4412,21,14
8.467670556317392,49.48675963614534,44.8964,34.8414,22,14
8.467670068698222,49.48680460847506,44.6895,35.0275,22,14
8.467669581077832,49.48684958080444,35.8854,33.7074,22,14
8.467669093456221,49.48689455313346,36.0488,33.8298,22,14
8.46766860583339,49.48693952546211,36.1139,33.8529,22,14
8.467668118209339,49.48698449779044,45.6566,35.3826,20,14
8.467667630584067,49.48702947011839,44.8406,35.3816,20,14
8.467667142957575,49.48707444244599,35.3268,33.5218,22,14
8.467666655329861,49.48711941477324,34.8831,33.2021,22,14
8.46766616770093,49.48716438710012,41.9172,34.0803,22,14
8.467665680070775,49.487209359426664,41.5908,34.0728,22,14
8.467665192439402,49.487254331752844,33.3902,33.2083,24,14
8.46766470480681,49.48729930407867,41.7443,34.0533,22,14
8.467664217172993,49.48734427640414,45.7688,35.3728,20,14
8.467762014508029,49.48469122621979,45.6922,35.3542,20,14
8.467761527008209,49.484736198566345,45.7506,35.3536,20,14
8.46776103950717,49.48478117091255,44.1731,35.3531,20,14
8.467760552004911,49.484826143258395,35.494,33.864,22,14
8.467760064501434,49.4848711156039,36.0028,33.8918,22,14
8.467759576996734,49.484916087949046,45.7574,35.3574,20,14
8.467759089490816,49.48496106029384,45.123,35.361,20,14
8.467758601983675,49.485006032638275,36.225,33.921,22,14
8.467758114475316,49.48505100498235,35.7963,33.8683,20,14
8.467757626965737,49.48509597732607,45.7688,35.3728,20,14
8.467757139454939,49.485140949669436,45.7759,35.3779,20,14
8.467756651942919,49.485185922012455,44.9713,34.4413,21,14
8.46775616442968,49.48523089435511,44.9697,34.4407,21,14
8.46775567691522,49.48527586669742,44.9714,34.4404,21,14
8.46775518939954,49.48532083903936,44.8293,34.4404,21,14
8.467754701882642,49.48536581138095,35.6621,33.0761,22,14
8.467754214364522,49.485410783722195,45.7809,35.3909,20,14
8.467753726845183,49.48545575606308,45.7848,35.3918,20,14
8.467753239324622,49.48550072840361,45.7844,35.3924,20,14
8.467752751802841,49.48554570074379,45.7844,35.3924,20,14
8.467752264279843,49.48559067308361,45.717,35.392,20,14
8.467751776755623,49.485635645423066,44.8476,35.4076,22,14
8.467751289230183,49.48568061776218,44.3727,35.4037,22,14
8.467750801703524,49.48572559010093,43.9493,35.3913,22,14
8.467750314175644,49.48577056243931,44.5514,35.4124,22,14
8.467749826646543,49.485815534777366,45.7424,35.3974,20,14
8.46774933911622,49.485860507115056,45.7876,35.3997,20,14
8.46774885158468,49.4859054794524,45.8028,35.4019,20,14
8.467748364051921,49.48595045178937,45.8053,35.4033,20,14
8.46774787651794,49.48599542412599,45.718,35.404,20,14
8.467747388982739,49.486040396462265,35.3226,33.5037,22,14
8.467746901446318,49.48608536879817,34.9084,33.0584,22,14
8.467746413908676,49.48613034113372,34.4125,32.2315,22,14
8.467745926369817,49.48617531346894,33.5412,33.3382,25,14
8.467745438829734,49.48622028580378,45.7751,35.3661,20,14
8.467744951288434,49.48626525813828,45.8002,35.4002,20,14
8.46774446374591,49.48631023047241,45.799,35.399,20,14
8.46774397620217,49.48635520280619,45.7944,35.3975,20,14
8.467743488657208,49.48640017513962,45.7926,35.3956,20,14
8.467743001111026,49.48644514747271,45.7889,35.394,20,14
8.467742513563625,49.48649011980542,44.968,34.44,21,14
8.467742026015001,49.48653509213778,44.9682,34.4402,21,14
8.467741538465159,49.486580064469784,44.9705,34.4405,21,14
8.467741050914096,49.486625036801435,44.9697,34.4407,21,14
8.467740563361813,49.486670009132744,44.971,34.441,21,14
8.46774007580831,49.48671498146369,44.9713,34.4413,21,14
8.467739588253586,49.48675995379427,44.9695,34.4415,21,14
8.467739100697644,49.4868049261245,44.9316,34.4416,21,14
8.46773861314048,49.48684989845437,44.4999,34.907,22,14
8.467738125582095,49.48689487078391,44.2368,35.0998,22,14
8.467737638022493,49.486939843113056,35.6427,33.6617,22,14
8.467737150461668,49.486984815441886,35.4138,33.6348,22,14
8.467736662899624,49.48702978777034,35.1954,33.4284,22,14
8.46773617533636,49.48707476009844,34.902,32.9741,22,14
8.467735687771874,49.48711973242619,42.681,34.594,22,14
8.46773520020617,49.487164704753575,42.0839,34.3849,22,14
8.467734712639244,49.48720967708061,41.7853,34.0263,22,14
8.467734225071098,49.4872546494073,41.6726,33.7596,22,14
8.467733737501732,49.48729962173363,35.2506,33.2817,22,14
8.467733249931147,49.48734459405959,45.7688,35.3728,20,14
8.467831043537187,49.48469154380445,36.1143,33.8734,22,14
8.467830556100587,49.48473651615153,44.298,35.351,20,14
8.467830068662767,49.48478148849823,35.7069,33.8599,22,14
8.467829581223729,49.48482646084458,35.5502,33.8412,22,14
8.46782909378347,49.48487143319058,45.7509,35.354,20,14
8.467828606341989,49.484916405536225,45.7143,35.3573,20,14
8.467828118899291,49.484961377881525,36.4567,33.9178,22,14
8.467827631455371,49.48500635022646,45.773,35.365,20,14
8.467827144010235,49.48505132257104,45.7802,35.3692,20,14
8.467826656563876,49.48509629491526,45.7692,35.3742,20,14
8.467826169116297,49.48514126725913,45.7782,35.3792,20,14
8.467825681667499,49.485186239602655,44.9712,34.4412,21,14
8.46782519421748,49.4852312119458,44.9697,34.4407,21,14
8.467824706766242,49.48527618428862,44.9705,34.4405,21,14
8.467824219313783,49.485321156631066,29.457,27.241,31,14
8.467823731860106,49.485366128973155,34.8532,32.1613,9,14
8.467823244405208,49.485411101314895,45.6857,35.2678,20,14
8.467822756949092,49.48545607365627,45.7863,35.3933,20,14
8.467822269491753,49.48550104599732,45.7895,35.3945,20,14
8.467821782033196,49.485546018337985,45.781,35.395,20,14
8.467821294573419,49.48559099067832,45.7885,35.3945,20,14
8.467820807112421,49.48563596301826,45.7878,35.3938,20,14
8.467820319650203,49.485680935357884,45.7323,35.3933,20,14
8.467819832186766,49.485725907697145,44.7081,35.4151,22,14
8.46781934472211,49.485770880036036,44.1498,35.4148,22,14
8.467818857256232,49.485815852374586,35.9986,33.9046,22,14
8.467818369789136,49.485860824712766,36.2027,33.9147,22,14
8.467817882320817,49.485905797050606,45.708,35.399,20,14
8.467817394851282,49.4859507693881,45.7555,35.4005,20,14
8.467816907380525,49.48599574172521,44.6423,35.4013,20,14
8.467816419908548,49.48604071406198,34.2053,32.4053,22,14
8.46781593243535,49.4860856863984,42.4654,34.3294,22,14
8.467815444960934,49.48613065873446,43.4777,34.4677,22,14
8.467814957485299,49.48617563107016,43.6253,34.0263,22,14
8.467814470008442,49.48622060340551,45.7985,35.3996,20,14
8.467813982530364,49.486265575740504,45.7967,35.3987,20,14
8.467813495051066,49.48631054807513,45.7943,35.3974,20,14
8.46781300757055,49.486355520409425,45.7926,35.3956,20,14
8.467812520088813,49.486400492743364,45.787,35.394,20,14
8.467812032605858,49.486445465076926,44.968,34.44,21,14
8.46781154512168,49.48649043741017,44.9682,34.4402,21,14
8.467811057636284,49.48653540974301,44.9714,34.4404,21,14
8.467810570149668,49.48658038207552,44.9686,34.4406,21,14
8.467810082661831,49.486625354407686,44.9698,34.4409,21,14
8.467809595172774,49.48667032673948,44.9691,34.4411,21,14
8.467809107682497,49.48671529907092,44.9713,34.4413,21,14
8.467808620191002,49.48676027140201,44.9715,34.4415,21,14
8.467808132698284,49.486805243732746,44.9717,34.4417,21,14
8.467807645204347,49.48685021606312,44.9308,34.4418,21,14
8.46780715770919,49.48689518839315,44.3612,34.8422,22,14
8.467806670212815,49.48694016072281,43.9663,34.9443,22,14
8.467806182715217,49.48698513305212,43.5362,34.8742,22,14
8.467805695216398,49.487030105381095,34.6559,32.8139,22,14
8.467805207716363,49.48707507770969,33.705,33.475,24,14
8.467804720215105,49.48712005003794,42.1238,34.1738,22,14
8.467804232712629,49.487165022365836,41.6907,34.0958,22,14
8.467803745208931,49.48720999469337,33.3176,33.1646,24,14
8.467803257704015,49.487254967020576,41.8935,33.8085,22,14
8.467802770197876,49.48729993934738,45.7668,35.3729,20,14
8.467802282690519,49.48734491167386,45.7688,35.3728,20,14
8.467900072567565,49.48469186134793,35.7855,33.8555,22,14
8.467899585194184,49.48473683369551,35.5374,33.8025,22,14
8.467899097819584,49.48478180604273,35.5575,33.7845,22,14
8.467898610443765,49.484826778389575,35.6968,33.8208,22,14
8.467898123066725,49.484871750736076,45.7529,35.354,20,14
8.467897635688466,49.48491672308222,45.7585,35.3575,20,14
8.467897148308987,49.48496169542802,45.7655,35.3615,20,14
8.467896660928288,49.48500666777346,45.7726,35.3656,20,14
8.46789617354637,49.48505164011855,35.8004,33.8704,20,14
8.467895686163233,49.48509661246326,45.7728,35.3758,20,14
8.467895198778876,49.48514158480764,45.7819,35.3809,20,14
8.4678947113933,49.48518655715165,45.7905,35.3845,20,14
8.467894224006502,49.485231529495316,45.7947,35.3867,20,14
8.467893736618484,49.48527650183863,44.9677,34.4407,21,14
8.467893249229247,49.48532147418157,45.6699,35.2489,20,14
8.467892761838792,49.48536644652416,45.6709,35.2599,20,14
8.467892274447117,49.48541141886641,45.7175,35.3155,20,14
8.46789178705422,49.485456391208295,45.734,35.394,20,14
8.467891299660105,49.48550136354982,45.5667,35.3957,20,14
8.467890812264768,49.485546335891,36.5797,33.9467,22,14
8.467890324868215,49.485591308231825,45.7946,35.3966,20,14
8.46788983747044,49.485636280572294,45.745,35.396,20,14
8.467889350071445,49.48568125291241,45.7903,35.3953,20,14
8.46788886267123,49.485726225252165,45.7368,35.3948,20,14
8.467888375269796,49.48577119759155,44.9412,35.4372,22,14
8.467887887867143,49.48581616993061,44.4599,35.4149,22,14
8.467887400463269,49.4858611422693,35.9202,33.8782,22,14
8.467886913058175,49.48590611460762,35.8456,33.7966,22,14
8.467886425651862,49.48595108694562,35.5185,33.5576,22,14
8.46788593824433,49.485996059283245,34.4505,32.5966,22,14
8.467885450835576,49.4860410316205,31.3331,31.3901,24,14
8.467884963425604,49.486086003957425,33.5617,31.9057,22,14
8.467884476014412,49.48613097629399,43.6003,34.8114,22,14
8.467883988601999,49.48617594863019,45.7986,35.3986,20,14
8.467883501188368,49.48622092096605,45.796,35.398,20,14
8.467883013773514,49.48626589330154,45.795,35.397,20,14
8.467882526357444,49.48631086563668,45.7903,35.3953,20,14
8.467882038940152,49.48635583797147,45.7876,35.3936,20,14
8.467881551521641,49.486400810305895,45.7839,35.3919,20,14
8.46788106410191,49.486445782639976,44.9683,34.4403,21,14
8.467880576680958,49.4864907549737,44.9705,34.4405,21,14
8.467880089258786,49.48653572730706,44.9686,34.4406,21,14
8.467879601835396,49.486580699640065,44.9698,34.4408,21,14
8.467879114410787,49.486625671972725,44.971,34.441,21,14
8.467878626984955,49.48667064430503,44.9712,34.4412,21,14
8.467878139557904,49.486715616636964,44.9694,34.4414,21,14
8.467877652129635,49.486760588968565,44.9715,34.4415,21,14
8.467877164700145,49.486805561299796,44.9717,34.4417,21,14
8.467876677269436,49.48685053363067,44.9708,34.4419,21,14
8.467876189837504,49.4868955059612,44.97,34.442,21,14
8.467875702404356,49.486940478291366,44.8341,34.4421,21,14
8.467875214969986,49.48698545062119,43.4343,34.5973,22,14
8.467874727534396,49.48703042295065,42.9651,34.4721,22,14
8.467874240097586,49.48707539527975,42.2152,33.9642,22,14
8.467873752659557,49.48712036760851,42.2529,34.3959,22,14
8.467873265220309,49.487165339936894,41.9103,34.3703,22,14
8.467872777779839,49.487210312264935,41.2531,33.7841,22,14
8.46787229033815,49.48725528459263,35.1801,33.2361,22,14
8.46787180289524,49.48730025691995,45.7687,35.3727,20,14
8.467871315451113,49.48734522924693,45.7664,35.3724,20,14
8.467969101599161,49.484692178850246,43.7861,35.3502,22,14
8.467968614289001,49.48473715119831,43.2606,35.2817,22,14
8.467968126977619,49.484782123546026,35.6349,33.7709,22,14
8.46796763966502,49.48482709589337,44.1422,35.3203,22,14
8.467967152351202,49.484872068240385,45.629,35.354,20,14
8.467966665036162,49.484917040587035,45.6494,35.3574,20,14
8.467966177719903,49.48496201293334,45.7643,35.3613,20,14
8.467965690402426,49.48500698527926,45.7738,35.3658,20,14
8.467965203083727,49.485051957624854,45.7839,35.3709,20,14
8.46796471576381,49.48509692997007,45.7746,35.3766,20,14
8.467964228442675,49.48514190231494,45.7836,35.3816,20,14
8.467963741120318,49.48518687465947,45.7898,35.3848,20,14
8.467963253796743,49.48523184700363,45.7952,35.3862,20,14
8.467962766471945,49.48527681934744,45.795,35.3871,20,14
8.467962279145931,49.485321791690886,45.7784,35.3885,20,14
8.467961791818697,49.485366764033984,45.7801,35.3901,20,14
8.467961304490242,49.485411736376726,45.472,35.392,20,14
8.467960817160568,49.48545670871912,45.5022,35.4742,22,14
8.467960329829676,49.485501681061145,45.7932,35.3963,20,14
8.467959842497562,49.48554665340283,45.5896,35.3976,20,14
8.46795935516423,49.48559162574415,45.4639,35.3979,20,14
8.467958867829678,49.485636598085115,36.565,33.9731,22,14
8.467958380493904,49.48568157042573,45.7552,35.3972,20,14
8.467957893156914,49.485726542765995,45.795,35.397,20,14
8.467957405818703,49.48577151510589,45.7946,35.3966,20,14
8.467956918479272,49.48581648744545,45.6675,35.3965,20,14
8.46795643113862,49.48586145978463,45.1508,35.3619,22,14
8.46795594379675,49.48590643212347,43.8138,35.1238,22,14
8.467955456453662,49.48595140446194,35.1061,33.2961,22,14
8.467954969109353,49.485996376800074,34.6439,32.9079,22,14
8.467954481763826,49.48604134913785,33.8011,32.1241,22,14
8.467953994417076,49.48608632147526,33.534,33.303,25,14
8.467953507069108,49.48613129381233,45.7506,35.3536,20,14
8.46795301971992,49.48617626614903,45.7949,35.3969,20,14
8.467952532369512,49.48622123848539,45.792,35.396,20,14
8.467952045017885,49.48626621082139,45.7877,35.3947,20,14
8.467951557665039,49.48631118315703,45.7852,35.3932,20,14
8.467951070310972,49.48635615549231,45.7834,35.3914,20,14
8.467950582955687,49.48640112782725,44.9674,34.4404,21,14
8.46795009559918,49.48644610016182,44.9705,34.4405,21,14
8.467949608241454,49.48649107249606,44.9697,34.4407,21,14
8.46794912088251,49.48653604482991,44.9699,34.4409,21,14
8.467948633522344,49.48658101716343,44.9691,34.4411,21,14
8.46794814616096,49.48662598949658,44.9712,34.4412,21,14
8.467947658798357,49.48667096182938,44.9703,34.4413,21,14
8.467947171434533,49.48671593416183,44.9705,34.4415,21,14
8.467946684069489,49.48676090649393,44.9726,34.4416,21,14
8.467946196703224,49.48680587882566,44.9708,34.4418,21,14
8.467945709335742,49.486850851157044,44.9728,34.4418,21,14
8.467945221967039,49.48689582348807,44.97,34.442,21,14
8.467944734597117,49.48694079581873,43.7922,34.4422,21,14
8.467944247225974,49.48698576814906,34.3741,32.5651,22,14
8.467943759853611,49.48703074047902,42.7884,34.3664,22,14
8.46794327248003,49.487075712808625,42.3673,34.3754,22,14
8.467942785105228,49.48712068513788,42.1658,34.4468,22,14
8.467942297729207,49.48716565746676,41.9596,34.5006,22,14
8.467941810351967,49.4872106297953,41.8399,34.6279,22,14
8.467941322973505,49.48725560212351,45.563,35.372,20,14
8.467940835593826,49.48730057445133,45.7549,35.3719,20,14
8.467940348212926,49.48734554677881,45.7637,35.3717,20,14
8.468038130631978,49.484692496311354,35.4146,33.8187,22,14
8.468037643385037,49.48473746865993,43.0314,35.2855,22,14
8.468037156136875,49.48478244100814,43.7095,35.3055,22,14
8.468036668887496,49.48482741335599,44.4917,35.3697,22,14
8.468036181636895,49.4848723857035,45.2774,35.4245,22,14
8.468035694385076,49.484917358050645,36.2408,33.9288,22,14
8.468035207132038,49.48496233039745,45.6095,35.3605,20,14
8.468034719877782,49.48500730274389,45.5956,35.3646,20,14
8.468034232622303,49.48505227508996,45.7816,35.3696,20,14
8.468033745365608,49.485097247435704,45.771,35.3751,20,14
8.468033258107692,49.485142219781075,45.7818,35.3799,20,14
8.468032770848556,49.4851871921261,45.787,35.383,20,14
8.468032283588203,49.485232164470744,45.7907,35.3847,20,14
8.468031796326626,49.485277136815064,45.7662,35.3862,20,14
8.468031309063834,49.48532210915902,45.7969,35.3879,20,14
8.46803082179982,49.485367081502616,45.7818,35.3899,20,14
8.468030334534589,49.485412053845856,45.7839,35.392,20,14
8.468029847268136,49.485457026188755,45.7895,35.3945,20,14
8.468029360000466,49.485501998531284,45.4576,35.3966,20,14
8.468028872731574,49.485546970873465,45.4808,35.4768,22,14
8.468028385461464,49.48559194321529,45.7986,35.3986,20,14
8.468027898190135,49.48563691555675,45.4766,35.3986,20,14
8.468027410917585,49.48568188789787,45.4959,35.4699,22,14
8.468026923643816,49.48572686023863,45.7968,35.3988,20,14
8.46802643636883,49.485771832579026,45.7968,35.3988,20,14
8.468025949092622,49.48581680491908,45.7986,35.3986,20,14
8.468025461815195,49.485861777258776,45.5616,35.3976,20,14
8.468024974536547,49.48590674959811,43.5807,34.8687,22,14
8.468024487256683,49.4859517219371,42.61,33.952,22,14
8.468023999975596,49.48599669427571,42.7542,34.2572,22,14
8.468023512693293,49.486041666614,42.8931,34.2911,22,14
8.468023025409767,49.48608663895191,43.5693,34.0593,22,14
8.468022538125025,49.48613161128948,45.7493,35.3953,20,14
8.46802205083906,49.48617658362668,45.7407,35.3947,20,14
8.468021563551877,49.48622155596354,45.7875,35.3936,20,14
8.468021076263476,49.486266528300035,45.7851,35.3921,20,14
8.468020588973854,49.48631150063619,45.7826,35.3907,20,14
8.468020101683013,49.48635647297197,44.9705,34.4405,21,14
8.46801961439095,49.486401445307415,44.9677,34.4407,21,14
8.468019127097671,49.48644641764249,44.9698,34.4409,21,14
8.468018639803171,49.4864913899772,44.97,34.441,21,14
8.468018152507453,49.486536362311575,44.9701,34.4411,21,14
8.468017665210514,49.48658133464559,44.9713,34.4413,21,14
8.468017177912355,49.48662630697925,44.9694,34.4414,21,14
8.468016690612977,49.48667127931255,44.9695,34.4415,21,14
8.468016203312379,49.486716251645504,44.9706,34.4416,21,14
8.468015716010562,49.4867612239781,44.9717,34.4417,21,14
8.468015228707525,49.48680619631033,44.9728,34.4418,21,14
8.468014741403268,49.48685116864221,44.9719,34.4419,21,14
8.468014254097792,49.48689614097374,44.8561,34.4421,21,14
8.468013766791097,49.48694111330491,34.1154,32.1944,22,14
8.468013279483182,49.486986085635735,31.7519,31.6109,24,14
8.468012792174049,49.4870310579662,33.9732,32.4212,22,14
8.468012304863695,49.4870760302963,42.0906,34.1506,22,14
8.46801181755212,49.48712100262606,41.7069,33.9849,22,14
8.468011330239328,49.48716597495544,41.6785,34.2996,22,14
8.468010842925315,49.48721094728449,41.5142,34.6242,22,14
8.468010355610081,49.48725591961318,42.377,34.934,22,14
8.46800986829363,49.48730089194151,35.6987,33.7677,22,14
8.468009380975957,49.48734586426949,45.7172,35.3702,20,14
8.468107159666014,49.48469281373127,35.3823,33.8214,22,14
8.46810667248229,49.48473778608034,35.9173,33.8463,22,14
8.46810618529735,49.48478275842906,45.6528,35.3508,20,14
8.46810569811119,49.48482773077742,45.2604,35.4164,22,14
8.46810521092381,49.484872703125426,44.7606,35.4247,22,14
8.468104723735213,49.48491767547308,35.852,33.894,22,14
8.468104236545393,49.484962647820375,35.751,33.857,22,14
8.468103749354357,49.48500762016732,35.7165,33.8495,22,14
8.468103262162101,49.4850525925139,45.5942,35.3672,20,14
8.468102774968624,49.48509756486013,45.7637,35.3717,20,14
8.468102287773927,49.48514253720601,45.7764,35.3764,20,14
8.468101800578014,49.48518750955152,45.7818,35.3799,20,14
8.468101313380881,49.48523248189668,45.6344,35.3824,20,14
8.468100826182528,49.485277454241505,36.6062,33.9412,22,14
8.468100338982955,49.48532242658596,45.795,35.3871,20,14
8.468099851782165,49.48536739893005,45.6774,35.3894,20,14
8.468099364580155,49.4854123712738,45.7397,35.3917,20,14
8.468098877376924,49.485457343617185,45.7871,35.3942,20,14
8.468098390172475,49.48550231596022,45.7946,35.3966,20,14
8.468097902966807,49.485547288302904,45.7962,35.3983,20,14
8.46809741575992,49.48559226064523,45.7971,35.3991,20,14
8.468096928551812,49.4856372329872,45.7993,35.3993,20,14
8.468096441342485,49.48568220532882,45.7985,35.3995,20,14
8.46809595413194,49.48572717767008,45.8,35.4,20,14
8.468095466920175,49.48577215001098,45.7994,35.4005,20,14
8.46809497970719,49.48581712235153,45.8001,35.4001,20,14
8.468094492492988,49.485862094691726,45.5358,35.3988,20,14
8.468094005277564,49.48590706703156,35.0508,32.9278,22,14
8.468093518060922,49.48595203937105,33.3978,33.1748,25,14
8.468093030843061,49.485997011710175,42.1329,33.4209,22,14
8.468092543623978,49.48604198404895,42.3482,34.2942,22,14
8.46809205640368,49.486086956387375,42.5164,34.6805,22,14
8.46809156918216,49.48613192872544,43.0442,35.0942,22,14
8.468091081959422,49.48617690106315,35.8385,33.8075,22,14
8.468090594735463,49.48622187340051,45.7398,35.3908,20,14
8.468090107510285,49.4862668457375,45.7994,35.3894,20,14
8.46808962028389,49.48631181807415,45.7961,35.3881,20,14
8.468089133056273,49.48635679041044,44.9698,34.4409,21,14
8.468088645827436,49.48640176274637,44.9709,34.4409,21,14
8.468088158597382,49.486446735081955,44.9701,34.4411,21,14
8.468087671366106,49.48649170741718,44.9713,34.4413,21,14
8.468087184133614,49.486536679752035,44.9694,34.4414,21,14
8.468086696899901,49.48658165208656,44.9705,34.4415,21,14
8.468086209664968,49.48662662442072,44.9705,34.4416,21,14
8.468085722428816,49.48667159675452,44.9717,34.4417,21,14
8.468085235191445,49.486716569087974,44.9717,34.4417,21,14
8.468084747952854,49.48676154142107,44.9728,34.4418,21,14
8.468084260713043,49.486806513753805,44.9719,34.4419,21,14
8.468083773472015,49.48685148608619,44.9721,34.4421,21,14
8.468083286229767,49.486896458418215,43.8312,34.4422,21,14
8.468082798986298,49.48694143074989,34.7132,32.6912,9,14
8.468082311741611,49.48698640308122,33.8029,32.2199,22,14
8.468081824495703,49.48703137541218,34.0521,32.4771,22,14
8.468081337248577,49.48707634774278,41.4711,33.5431,22,14
8.46808085000023,49.48712132007304,33.0706,32.9326,24,14
8.468080362750666,49.48716629240293,40.9692,33.5382,22,14
8.46807987549988,49.48721126473248,41.5522,34.6112,22,14
8.468079388247878,49.48725623706167,41.6628,34.8039,22,14
8.468078900994653,49.4873012093905,34.8121,33.4981,22,14
8.46807841374021,49.48734618171898,35.5856,33.8366,22,14
8.46817618870127,49.48469313111001,35.5379,33.8269,22,14
8.468175701580767,49.484738103459584,45.7623,35.3493,20,14
8.468175214459045,49.48478307580879,45.7463,35.3513,20,14
8.468174727336104,49.48482804815765,45.7497,35.3538,20,14
8.468174240211944,49.48487302050616,45.6862,35.3562,20,14
8.468173753086566,49.484917992854314,44.551,35.3881,22,14
8.468173265959967,49.48496296520211,43.6247,35.3288,22,14
8.46817277883215,49.485007937549554,35.1563,33.6943,22,14
8.468172291703116,49.485052909896645,35.0233,33.5983,22,14
8.46817180457286,49.48509788224337,45.6519,35.3689,20,14
8.468171317441387,49.48514285458974,45.6276,35.3727,20,14
8.468170830308692,49.48518782693577,45.7732,35.3762,20,14
8.46817034317478,49.48523279928143,45.7807,35.3797,20,14
8.46816985603965,49.48527777162675,45.7869,35.3829,20,14
8.468169368903299,49.4853227439717,45.7368,35.3858,20,14
8.468168881765727,49.48536771631631,35.7047,33.8257,22,14
8.468168394626938,49.485412688660546,35.6017,33.7997,22,14
8.468167907486931,49.485457661004446,45.7446,35.3936,20,14
8.468167420345704,49.48550263334797,45.5923,35.3963,20,14
8.468166933203259,49.48554760569116,45.7962,35.3983,20,14
8.468166446059593,49.48559257803399,45.7993,35.3993,20,14
8.468165958914707,49.48563755037645,45.7998,35.3998,20,14
8.468165471768604,49.48568252271857,45.8002,35.4002,20,14
8.468164984621282,49.48572749506034,45.6836,35.4007,20,14
8.468164497472738,49.48577246740173,45.8011,35.4011,20,14
8.468164010322978,49.485817439742796,45.8016,35.4006,20,14
8.468163523171999,49.485862412083485,45.3151,35.3991,20,14
8.4681630360198,49.485907384423825,35.58,33.388,22,14
8.468162548866381,49.48595235676381,43.7179,33.8249,22,14
8.468162061711745,49.485997329103434,33.5793,33.3543,24,14
8.468161574555888,49.486042301442716,41.8988,33.8589,22,14
8.46816108739881,49.486087273781635,42.4823,34.8233,22,14
8.468160600240514,49.4861322461202,42.7404,35.1084,22,14
8.468160113081,49.48617721845842,35.3448,33.7378,22,14
8.468159625920268,49.48622219079627,35.8018,33.8448,22,14
8.468159138758313,49.48626716313377,45.7357,35.3867,20,14
8.468158651595141,49.48631213547092,44.886,34.441,21,14
8.468158164430752,49.48635710780771,44.9692,34.4412,21,14
8.468157677265141,49.486402080144146,44.9713,34.4413,21,14
8.468157190098312,49.48644705248023,44.9714,34.4414,21,14
8.468156702930264,49.48649202481595,44.9705,34.4416,21,14
8.468156215760995,49.48653699715131,44.9706,34.4417,21,14
8.468155728590508,49.48658196948634,44.9717,34.4417,21,14
8.4681552414188,49.486626941820994,44.9717,34.4417,21,14
8.468154754245877,49.4866719141553,44.9728,34.4418,21,14
8.468154267071732,49.486716886489255,44.9708,34.4419,21,14
8.468153779896367,49.48676185882285,44.972,34.442,21,14
8.468153292719784,49.48680683115609,44.9721,34.4421,21,14
8.468152805541981,49.48685180348898,44.2092,34.4422,21,14
8.468152318362959,49.486896775821506,34.8365,33.0555,22,14
8.468151831182718,49.48694174815367,34.5836,32.9816,22,14
8.468151344001258,49.4869867204855,34.2219,32.7719,22,14
8.468150856818578,49.48703169281696,41.8329,33.808,22,14
8.46815036963468,49.487076665148074,33.1733,32.9923,24,14
8.468149882449561,49.48712163747883,41.6024,32.8425,22,14
8.468149395263223,49.48716660980923,45.7163,35.2933,20,14
8.468148908075667,49.48721158213927,45.784,35.371,20,14
8.468148420886891,49.48725655446897,45.6363,35.3694,20,14
8.468147933696898,49.487301526798305,43.9247,35.3547,22,14
8.468147446505682,49.48734649912728,43.1761,35.3852,22,14
8.468245217737742,49.48469344844755,35.888,33.862,22,14
8.468244730680459,49.484738420797626,45.762,35.349,20,14
8.468244243621958,49.484783393147346,45.7479,35.3519,20,14
8.468243756562236,49.484828365496696,45.7016,35.3557,20,14
8.468243269501297,49.484873337845706,45.7621,35.3591,20,14
8.468242782439138,49.48491831019437,45.7665,35.3625,20,14
8.468242295375761,49.48496328254266,45.7292,35.3652,20,14
8.468241808311165,49.4850082548906,43.4652,35.1082,22,14
8.46824132124535,49.4850532272382,41.0237,34.4567,22,14
8.468240834178314,49.485098199585416,34.1414,32.9655,22,14
8.468240347110061,49.48514317193229,34.6369,33.1899,22,14
8.468239860040589,49.48518814427882,45.6712,35.3692,20,14
8.468239372969897,49.48523311662498,45.7118,35.3769,20,14
8.468238885897987,49.4852780889708,45.7815,35.3805,20,14
8.468238398824859,49.48532306131625,43.8294,35.3835,20,14
8.46823791175051,49.48536803366135,34.8376,33.4736,22,14
8.468237424674943,49.48541300600611,34.6918,33.3159,22,14
8.468236937598157,49.485457978350496,34.9124,33.2144,22,14
8.468236450520152,49.48550295069454,35.0264,32.6574,22,14
8.468235963440927,49.48554792303822,45.4931,35.3651,20,14
8.468235476360485,49.485592895381544,45.7981,35.3992,20,14
8.468234989278823,49.48563786772452,45.8,35.4,20,14
8.468234502195942,49.48568284006714,45.7086,35.4006,20,14
8.468234015111843,49.4857278124094,45.676,35.451,22,14
8.468233528026524,49.485772784751305,45.8011,35.4011,20,14
8.468233040939985,49.48581775709285,45.6471,35.4001,20,14
8.46823255385223,49.485862729434054,36.0042,33.8442,22,14
8.468232066763253,49.48590770177489,35.6435,33.6255,22,14
8.46823157967306,49.48595267411539,43.9426,34.7986,22,14
8.468231092581645,49.48599764645551,44.065,34.382,22,14
8.468230605489012,49.48604261879528,45.7494,35.3434,20,14
8.46823011839516,49.48608759113472,45.7844,35.3924,20,14
8.46822963130009,49.486132563473774,45.6758,35.3908,20,14
8.468229144203798,49.48617753581249,44.15,35.353,22,14
8.468228657106291,49.48622250815085,43.3079,35.2889,22,14
8.468228170007563,49.48626748048885,35.6478,33.7179,22,14
8.468227682907616,49.486312452826496,35.5922,33.4163,22,14
8.468227195806449,49.48635742516379,44.9355,34.4415,21,14
8.468226708704066,49.486402397500726,44.9537,34.4417,21,14
8.46822622160046,49.486447369837315,44.9708,34.4418,21,14
8.468225734495638,49.486492342173534,44.9708,34.4419,21,14
8.468225247389595,49.4865373145094,44.9719,34.4419,21,14
8.468224760282334,49.48658228684492,44.9719,34.4419,21,14
8.468224273173854,49.48662725918008,44.972,34.442,21,14
8.468223786064154,49.486672231514895,44.97,34.442,21,14
8.468223298953236,49.486717203849345,44.9721,34.4421,21,14
8.468222811841098,49.48676217618345,44.9721,34.4421,21,14
8.468222324727742,49.48680714851718,44.8732,34.4422,21,14
8.468221837613166,49.48685212085056,34.4923,32.1323,22,14
8.468221350497371,49.48689709318359,34.6035,32.8115,22,14
8.468220863380358,49.48694206551627,34.6328,33.0048,22,14
8.468220376262124,49.4869870378486,34.4214,32.9194,22,14
8.468219889142674,49.48703201018056,41.7865,33.9025,22,14
8.468219402022001,49.48707698251217,32.9916,32.8406,24,14
8.468218914900111,49.48712195484343,42.7869,33.6589,22,14
8.468218427777002,49.48716692717432,45.7677,35.3727,20,14
8.468217940652673,49.487211899504864,45.7645,35.3715,20,14
8.468217453527126,49.48725687183507,45.7803,35.3694,20,14
8.468216966400359,49.487301844164904,45.7608,35.3669,20,14
8.468216479272373,49.48734681649438,44.3194,35.4365,22,14
8.468314246775437,49.4846937657439,45.7576,35.3456,20,14
8.468313759781372,49.48473873809448,45.7625,35.3485,20,14
8.468313272786089,49.484783710444695,45.6538,35.3528,20,14
8.468312785789589,49.48482868279456,36.6026,33.9186,22,14
8.468312298791869,49.48487365514406,45.7692,35.3632,20,14
8.46831181179293,49.484918627493215,45.7795,35.3685,20,14
8.468311324792772,49.48496359984202,45.7666,35.3727,20,14
8.468310837791396,49.485008572190466,43.9775,35.3745,20,14
8.468310350788801,49.48505354453855,40.2936,33.1166,22,14
8.468309863784988,49.48509851688629,39.0592,32.9732,22,14
8.468309376779954,49.48514348923365,32.5287,31.4677,22,14
8.468308889773704,49.48518846158068,33.4745,32.2085,22,14
8.468308402766233,49.48523343392734,34.4444,32.9474,22,14
8.468307915757546,49.48527840627367,43.2649,35.3779,20,14
8.468307428747638,49.485323378619626,34.3126,33.2186,22,14
8.468306941736511,49.48536835096523,33.8581,32.9001,22,14
8.468306454724166,49.48541332331048,40.7733,34.1613,22,14
8.468305967710602,49.48545829565537,40.7662,33.7253,22,14
8.46830548069582,49.4855032679999,32.9773,32.8713,24,14
8.468304993679817,49.485548240344094,34.4312,32.3503,22,14
8.468304506662598,49.485593212687924,45.6532,35.3962,20,14
8.468304019644158,49.48563818503139,45.7029,35.3999,20,14
8.4683035326245,49.48568315737451,45.7996,35.4007,20,14
8.468303045603623,49.48572812971727,45.801,35.401,20,14
8.468302558581527,49.485773102059674,45.7995,35.4005,20,14
8.468302071558211,49.48581807440174,44.5928,35.3988,20,14
8.468301584533679,49.48586304674343,35.5532,33.7452,22,14
8.468301097507927,49.48590801908478,43.4943,35.1953,22,14
8.468300610480956,49.485952991425776,44.2802,35.2032,22,14
8.468300123452766,49.485997963766394,45.7859,35.3929,20,14
8.468299636423357,49.48604293610667,45.7859,35.3929,20,14
8.46829914939273,49.486087908446606,45.7851,35.3921,20,14
8.468298662360883,49.48613288078617,45.7815,35.3905,20,14
8.468298175327817,49.48617785312538,45.6533,35.3883,20,14
8.468297688293532,49.486222825464225,44.4252,35.3432,22,14
8.46829720125803,49.48626779780274,43.9869,35.2679,22,14
8.468296714221308,49.486312770140884,35.3804,33.5454,22,14
8.468296227183368,49.48635774247867,35.3451,33.3672,22,14
8.468295740144207,49.48640271481611,35.5212,33.2852,22,14
8.468295253103829,49.4864476871532,44.9631,34.4421,21,14
8.468294766062233,49.48649265948993,44.9721,34.4421,21,14
8.468294279019416,49.4865376318263,44.9732,34.4422,21,14
8.468293791975379,49.486582604162315,44.9732,34.4422,21,14
8.468293304930127,49.48662757649797,44.9732,34.4422,21,14
8.468292817883652,49.48667254883329,44.9732,34.4422,21,14
8.46829233083596,49.486717521168245,44.9732,34.4422,21,14
8.468291843787048,49.486762493502845,44.9732,34.4422,21,14
8.468291356736918,49.48680746583707,43.9473,34.4424,21,14
8.46829086968557,49.48685243817097,31.7441,31.5391,24,14
8.468290382633002,49.4868974105045,34.1796,32.4636,22,14
8.468289895579217,49.48694238283767,34.5602,32.9032,22,14
8.46828940852421,49.48698735517049,42.5503,34.4613,22,14
8.468288921467986,49.487032327502966,42.4102,34.3932,22,14
8.468288434410542,49.48707729983508,42.776,33.869,22,14
8.46828794735188,49.487122272166836,45.7437,35.3297,20,14
8.468287460291998,49.487167244498224,45.7683,35.3734,20,14
8.4682869732309,49.48721221682928,45.765,35.372,20,14
8.46828648616858,49.48725718915998,45.7816,35.3696,20,14
8.468285999105042,49.487302161490305,45.7736,35.3666,20,14
8.468285512040284,49.4873471338203,45.7695,35.3636,20,14
8.46837840645107,49.48514380649383,28.8842,29.6132,24,14
8.46837791950804,49.48518877884135,37.1013,31.2393,22,14
8.46837743256379,49.485233751188524,31.296,31.19,22,14
8.468376945618322,49.485278723535345,32.0824,31.9814,22,14
8.468376458671635,49.48532369588181,32.5855,32.2166,22,14
8.46837597172373,49.485368668227906,32.7328,32.1659,22,14
8.468375484774608,49.485413640573654,39.448,33.271,22,14
8.468374997824267,49.48545861291905,39.7204,32.9104,22,14
8.468374510872705,49.48550358526409,32.3788,32.4198,24,14
8.468374023919926,49.48554855760877,40.2439,33.1909,22,14
8.468373536965927,49.4855935299531,34.303,33.028,22,14
8.46837305001071,49.48563850229708,35.2415,33.5045,22,14
8.468372563054276,49.4856834746407,45.6981,35.4001,20,14
8.468372076096621,49.485728446983956,45.6812,35.4002,20,14
8.46837158913775,49.48577341932686,44.0921,35.3991,20,14
8.468371102177658,49.485818391669426,34.9991,33.3181,22,14
8.468370615216347,49.48586336401162,35.1405,33.4695,22,14
8.468370128253818,49.48590833635346,42.9914,35.1544,22,14
8.46836964129007,49.48595330869495,44.1414,35.2894,22,14
8.468369154325105,49.48599828103608,45.7857,35.3927,20,14
8.46836866735892,49.48604325337686,45.7857,35.3927,20,14
8.468368180391517,49.48608822571729,45.7848,35.3918,20,14
8.468367693422895,49.48613319805736,45.5963,35.3903,20,14
8.468367206453054,49.48617817039708,45.7784,35.3885,20,14
8.468366719481994,49.486223142736435,45.793,35.386,20,14
8.468366232509716,49.48626811507543,45.6653,35.3834,20,14
8.46836574553622,49.486313087414075,44.2464,35.0214,22,14
8.468365258561503,49.48635805975238,43.6799,34.9199,22,14
8.468364771585568,49.48640303209031,35.2882,33.3782,22,14
8.468364284608416,49.4864480044279,35.4429,33.282,22,14
8.468363797630044,49.486492976765135,44.9503,34.4423,21,14
8.468363310650453,49.486537949102,44.9734,34.4424,21,14
8.468362823669644,49.48658292143852,44.9724,34.4424,21,14
8.468362336687616,49.486627893774674,44.9724,34.4424,21,14
8.468361849704369,49.48667286611048,44.9713,34.4424,21,14
8.468361362719904,49.48671783844595,44.9713,34.4424,21,14
8.468360875734218,49.486762810781045,44.8934,34.4424,21,14
8.468360388747316,49.48680778311578,34.9474,33.0124,22,14
8.468359901759195,49.48685275545018,34.1474,32.3924,22,14
8.468359414769852,49.4868977277842,34.4734,32.7014,22,14
8.468358927779294,49.48694270011788,42.7313,34.1973,22,14
8.468358440787515,49.48698767245121,42.3013,34.0683,22,14
8.468357953794518,49.487032644784186,43.0478,34.5938,22,14
8.468357466800303,49.48707761711679,45.7683,35.3733,20,14
8.468356979804867,49.487122589449044,45.7698,35.3738,20,14
8.468356492808214,49.48716756178096,45.7683,35.3733,20,14
8.468356005810342,49.487212534112494,45.7648,35.3718,20,14
8.46835551881125,49.4872575064437,45.7816,35.3696,20,14
8.468355031810942,49.48730247877453,45.7756,35.3666,20,14
8.468354544809412,49.48734745110501,45.7704,35.3634,20,14
