x,y,pet,t,ntzg,hour
8.481260418351736,49.46811192895744,42.7919,33.5159,22,14
8.481259943493177,49.468156901530875,31.9432,31.6542,24,14
8.481259468633429,49.46820187410396,42.0921,33.1911,22,14
8.481258993772494,49.46824684667669,42.4591,33.5661,22,14
8.48125851891037,49.46829181924907,42.3721,33.6232,22,14
8.481258044047058,49.46833679182109,42.1524,33.6174,22,14
8.481257569182558,49.46838176439275,41.9723,33.6043,22,14
8.48125709431687,49.46842673696406,41.7276,33.5816,22,14
8.481256619449995,49.468471709535,41.6049,33.6669,22,14
8.48125614458193,49.46851668210561,41.9327,33.7167,9,14
8.481255669712679,49.46856165467586,41.8598,33.8938,22,14
8.48125519484224,49.468606627245734,41.9412,33.9992,22,14
8.481254719970611,49.46865159981528,41.9309,34.0359,22,14
8.481254245097794,49.46869657238445,41.9041,34.0261,22,14
8.48125377022379,49.46874154495328,41.8136,33.9626,22,14
8.481253295348598,49.46878651752174,41.6764,33.8814,22,14
8.481252820472216,49.468831490089855,41.6269,33.8959,22,14
8.481252345594648,49.468876462657626,41.9062,33.9322,9,14
8.48125187071589,49.468921435225035,41.9431,33.9171,9,14
8.481251395835947,49.468966407792074,43.4331,34.8811,22,14
8.481250920954812,49.469011380358765,45.7,35.295,20,14
8.481250446072492,49.469056352925115,44.7054,35.2934,20,14
8.481249971188982,49.469101325491096,43.2313,34.5953,9,14
8.481249496304285,49.469146298056735,42.1111,34.1091,9,14
8.4812490214184,49.469191270622005,41.746,34.204,22,14
8.481248546531326,49.46923624318693,42.0604,34.3824,22,14
8.481248071643064,49.46928121575149,43.2584,34.7354,22,14
8.481247596753613,49.4693261883157,45.4601,35.2852,20,14
8.481247121862976,49.469371160879554,45.7104,35.2904,20,14
8.48124664697115,49.469416133443055,45.7108,35.2908,20,14
8.481246172078135,49.46946110600621,45.7108,35.2908,20,14
8.481245697183933,49.469506078569,45.7093,35.2903,20,14
8.481245222288543,49.46955105113143,45.5402,35.2892,20,14
8.481244747391964,49.46959602369351,36.1361,33.7981,22,14
8.481244272494195,49.469640996255244,44.2822,35.2773,22,14
8.48124379759524,49.46968596881661,45.6841,35.2831,20,14
8.481243322695097,49.469730941377634,45.134,35.28,20,14
8.481242847793766,49.4697759139383,35.8684,33.6984,22,14
8.481242372891245,49.469820886498596,35.4954,33.5424,22,14
8.481241897987537,49.46986585905856,43.0678,34.6708,22,14
8.481241423082642,49.46991083161815,42.4678,34.0678,22,14
8.481240948176556,49.46995580417739,42.8331,34.1342,22,14
8.481240473269283,49.47000077673628,43.0705,34.4505,22,14
8.481239998360822,49.470045749294805,43.7311,35.0111,22,14
8.481239523451173,49.47009072185298,43.8428,35.1238,22,14
8.481239048540335,49.47013569441081,43.8654,35.1484,22,14
8.48123857362831,49.47018066696827,43.8141,35.1531,22,14
8.481329424232788,49.46811223841171,44.5996,35.2307,20,14
8.48132894943739,49.46815721098564,42.7725,33.2695,9,14
8.481328474640804,49.46820218355921,33.8663,31.9984,9,14
8.48132799984303,49.46824715613242,42.8271,33.6691,22,14
8.481327525044069,49.46829212870529,42.6251,33.6542,22,14
8.48132705024392,49.468337101277804,42.3223,33.6223,22,14
8.481326575442584,49.46838207384995,42.1376,33.6196,22,14
8.481326100640057,49.468427046421745,41.9082,33.6552,22,14
8.481325625836345,49.46847201899319,41.9195,33.9105,22,14
8.481325151031443,49.46851699156427,42.3074,34.2834,22,14
8.481324676225356,49.46856196413501,42.4934,34.4384,22,14
8.481324201418078,49.46860693670538,42.4841,34.4991,22,14
8.481323726609613,49.46865190927541,42.4607,34.5087,22,14
8.48132325179996,49.46869688184508,42.3743,34.4644,22,14
8.48132277698912,49.46874185441439,42.2669,34.43,22,14
8.481322302177091,49.46878682698335,42.2692,34.1312,9,14
8.481321827363875,49.46883179955196,42.4228,34.1738,9,14
8.48132135254947,49.4688767721202,43.446,34.625,22,14
8.481320877733877,49.468921744688096,45.7122,35.2912,20,14
8.481320402917097,49.46896671725563,45.7017,35.2967,20,14
8.481319928099127,49.469011689822814,45.6978,35.2948,20,14
8.481319453279973,49.46905666238964,45.7155,35.2935,20,14
8.481318978459628,49.46910163495611,44.8455,35.2935,20,14
8.481318503638096,49.46914660752224,43.1397,34.3677,9,14
8.481318028815377,49.46919158008801,42.1219,34.0969,9,14
8.481317553991467,49.46923655265341,41.8151,34.2891,22,14
8.48131707916637,49.46928152521846,42.0722,34.5422,22,14
8.481316604340087,49.46932649778317,43.4716,34.9297,22,14
8.481316129512614,49.46937147034751,45.7096,35.2906,20,14
8.481315654683954,49.4694164429115,45.7109,35.2909,20,14
8.481315179854105,49.46946141547513,45.7095,35.2905,20,14
8.481314705023069,49.46950638803841,45.7063,35.2893,20,14
8.481314230190845,49.469551360601336,45.6,35.287,20,14
8.481313755357432,49.46959633316391,35.9625,33.7176,22,14
8.481313280522834,49.46964130572612,44.0507,35.1757,22,14
8.481312805687045,49.46968627828799,44.9298,35.2729,22,14
8.481312330850068,49.4697312508495,36.077,33.738,22,14
8.481311856011903,49.46977622341063,35.9849,33.4729,9,14
8.481311381172551,49.46982119597144,43.2963,34.8813,22,14
8.481310906332011,49.46986616853188,42.2901,33.9071,22,14
8.481310431490282,49.469911141091956,33.3503,33.1323,24,14
8.481309956647365,49.46995611365168,33.302,33.0981,25,14
8.481309481803262,49.47000108621106,33.4931,33.2781,25,14
8.481309006957968,49.470046058770095,45.6374,35.2224,20,14
8.481308532111488,49.47009103132876,45.5278,35.2188,20,14
8.481308057263819,49.47013600388706,44.5391,35.2502,22,14
8.481307582414962,49.47018097644503,43.6808,35.1998,22,14
8.481307107564916,49.470225949002625,43.1615,35.1185,22,14
8.481306632713684,49.470270921559866,42.7837,34.9537,22,14
8.481306157861264,49.470315894116766,34.4805,32.8256,22,14
8.481305683007653,49.47036086667331,33.5402,33.3912,24,14
8.481305208152856,49.47040583922948,34.647,32.9751,22,14
8.48130473329687,49.47045081178531,34.785,33.024,22,14
8.481304258439698,49.470495784340784,35.1762,33.4812,22,14
8.481303783581335,49.4705407568959,45.6513,35.2693,20,14
8.481303308721786,49.47058572945067,45.6867,35.2787,20,14
8.481302833861049,49.47063070200507,45.6975,35.2845,20,14
8.481302358999123,49.47067567455912,45.7023,35.2874,20,14
8.48130188413601,49.47072064711282,45.7041,35.2881,20,14
8.481301409271708,49.47076561966616,45.7041,35.2881,20,14
8.481398430115028,49.468112547824816,44.4041,35.2181,20,14
8.481397955382791,49.46815752039924,44.5579,35.2349,20,14
8.481397480649369,49.4682024929733,43.7192,34.1533,9,14
8.481397005914756,49.468247465547,43.0503,33.8433,22,14
8.481396531178957,49.46829243812036,42.6454,33.6094,22,14
8.48139605644197,49.46833741069335,42.3411,33.5302,22,14
8.481395581703795,49.46838238326599,42.1653,33.5623,22,14
8.481395106964433,49.46842735583827,42.506,33.703,9,14
8.481394632223882,49.4684723284102,43.2552,34.2212,22,14
8.481394157482145,49.46851730098177,45.7091,35.2891,20,14
8.481393682739219,49.46856227355301,45.7079,35.2899,20,14
8.481393207995104,49.468607246123874,45.7107,35.2907,20,14
8.481392733249804,49.46865221869438,45.7113,35.2913,20,14
8.481392258503314,49.468697191264525,45.7109,35.2919,20,14
8.481391783755639,49.468742163834335,45.6957,35.2927,20,14
8.481391309006773,49.468787136403776,45.7138,35.2928,20,14
8.48139083425672,49.46883210897288,45.6965,35.2935,20,14
8.48139035950548,49.46887708154161,45.6985,35.2955,20,14
8.481389884753051,49.468922054109996,45.5206,35.2956,20,14
8.481389409999435,49.46896702667802,45.6224,35.2964,20,14
8.481388935244631,49.46901199924569,45.6433,35.2973,20,14
8.48138846048864,49.46905697181301,45.673,35.297,20,14
8.48138798573146,49.469101944379965,44.0138,35.2948,20,14
8.481387510973093,49.46914691694658,42.4382,34.2032,9,14
8.481387036213539,49.469191889512835,41.5277,34.0088,20,14
8.481386561452796,49.469236862078716,41.5737,34.1888,22,14
8.481386086690865,49.46928183464427,41.8189,34.3699,22,14
8.481385611927747,49.46932680720946,42.9709,34.7149,22,14
8.481385137163441,49.469371779774285,45.5547,35.2527,20,14
8.481384662397947,49.46941675233877,45.4892,35.2892,20,14
8.481384187631264,49.4694617249029,45.5806,35.2876,20,14
8.481383712863394,49.46950669746666,45.5719,35.2849,20,14
8.481383238094336,49.46955167003008,44.5238,35.2808,20,14
8.481382763324092,49.469596642593146,35.5649,33.4749,22,14
8.481382288552657,49.46964161515584,43.7799,34.9029,9,14
8.481381813780036,49.46968658771819,44.1174,35.1494,22,14
8.481381339006226,49.469731560280195,44.83,35.269,22,14
8.48138086423123,49.46977653284182,44.9496,35.2357,22,14
8.481380389455046,49.469821505403104,44.9117,35.2267,22,14
8.481379914677673,49.469866477964025,45.5163,35.2234,20,14
8.481379439899111,49.469911450524606,43.2205,33.7595,22,14
8.481378965119363,49.469956423084824,42.3101,33.7112,9,14
8.481378490338427,49.470001395644694,34.7405,32.1725,22,14
8.481378015556302,49.4700463682042,45.6841,35.2771,20,14
8.481377540772991,49.470091340763354,45.7912,35.3952,20,14
8.48137706598849,49.47013631332215,45.649,35.217,20,14
8.481376591202803,49.47018128588059,45.5122,35.2232,20,14
8.481376116415927,49.470226258438686,44.2584,35.2184,22,14
8.481375641627864,49.470271230996424,43.3024,35.1094,22,14
8.48137516683861,49.470316203553814,42.5426,34.8836,22,14
8.48137469204817,49.47036117611083,41.7519,34.5499,22,14
8.481374217256542,49.47040614866749,42.1245,34.3766,9,14
8.481373742463727,49.47045112122381,33.4807,33.3577,24,14
8.481373267669724,49.470496093779786,33.7666,32.6506,22,14
8.481372792874533,49.470541066335386,34.9911,33.2981,22,14
8.481372318078153,49.47058603889064,45.489,35.274,20,14
8.481371843280586,49.47063101144553,45.696,35.2841,20,14
8.48137136848183,49.47067598400007,45.704,35.287,20,14
8.481370893681888,49.47072095655425,45.7038,35.2878,20,14
8.481370418880756,49.47076592910808,45.7054,35.2874,20,14
8.481467435998457,49.46811285719676,43.5306,34.7086,22,14
8.481466961329382,49.468157829771656,44.1944,35.2224,20,14
8.48146648665912,49.4682028023462,44.6249,35.2409,20,14
8.48146601198767,49.46824777492041,43.6655,34.0685,9,14
8.481465537315033,49.468292747494246,42.4295,33.2356,22,14
8.481465062641208,49.46833772006774,42.1498,33.0858,9,14
8.481464587966196,49.46838269264086,42.1199,33.2739,9,14
8.481464113289995,49.46842766521363,42.4085,33.5605,9,14
8.481463638612608,49.46847263778605,43.5002,34.2112,22,14
8.481463163934034,49.468517610358106,45.7138,35.2928,20,14
8.48146268925427,49.468562582929835,45.6719,35.2939,20,14
8.48146221457332,49.46860755550117,45.5458,35.2949,20,14
8.481461739891182,49.468652528072184,45.5036,35.2956,20,14
8.481461265207857,49.46869750064282,45.5042,35.2962,20,14
8.481460790523343,49.46874247321312,45.4957,35.2967,20,14
8.481460315837642,49.46878744578304,45.5523,35.2973,20,14
8.481459841150754,49.46883241835264,45.5138,35.2978,20,14
8.481459366462676,49.46887739092186,44.0465,35.2975,20,14
8.481458891773414,49.46892236349072,42.6174,34.4104,9,14
8.481458417082964,49.46896733605924,41.6328,33.9498,9,14
8.481457942391323,49.4690123086274,41.1398,33.7498,9,14
8.481457467698498,49.469057281195205,40.7844,33.6354,9,14
8.481456993004484,49.46910225376265,40.649,33.561,9,14
8.481456518309281,49.46914722632975,40.3826,33.3846,9,14
8.48145604361289,49.4691921988965,40.3909,33.3599,9,14
8.481455568915313,49.46923717146288,40.703,33.9051,22,14
8.481455094216548,49.46928214402892,41.0011,34.1531,22,14
8.481454619516596,49.469327116594584,41.1546,34.3727,22,14
8.481454144815455,49.4693720891599,41.3589,34.5399,22,14
8.481453670113126,49.469417061724876,34.4309,33.205,22,14
8.48145319540961,49.46946203428949,34.5803,33.3174,22,14
8.481452720704906,49.46950700685375,34.6945,33.3995,22,14
8.481452245999016,49.469551979417645,34.8432,33.4402,22,14
8.481451771291937,49.469596951981195,35.2184,33.2584,9,14
8.481451296583671,49.469641924544376,42.8993,34.9173,22,14
8.481450821874217,49.46968689710722,43.6267,35.1377,22,14
8.481450347163575,49.46973186966971,44.6548,35.2418,22,14
8.481449872451744,49.46977684223183,45.6619,35.2339,20,14
8.481449397738729,49.469821814793605,45.6359,35.2209,20,14
8.481448923024523,49.469866787355016,45.7577,35.3577,20,14
8.48144844830913,49.46991175991609,45.5834,35.2514,20,14
8.481447973592548,49.469956732476795,43.5206,34.3427,9,14
8.48144749887478,49.47000170503714,45.784,35.382,20,14
8.481447024155825,49.470046677597146,45.6517,35.2297,20,14
8.481446549435681,49.47009165015679,45.7065,35.2995,20,14
8.481446074714349,49.47013662271607,45.79,35.395,20,14
8.481445599991831,49.470181595275,45.6488,35.2178,20,14
8.481445125268124,49.470226567833585,45.6386,35.2226,20,14
8.48144465054323,49.47027154039181,45.6448,35.2259,20,14
8.481444175817145,49.47031651294969,45.4943,35.2283,20,14
8.481443701089875,49.47036148550719,43.5744,35.0404,22,14
8.481443226361417,49.470406458064346,42.6451,34.8481,22,14
8.481442751631771,49.470451430621154,42.1149,34.4989,9,14
8.481442276900937,49.4704964031776,40.5994,33.9625,9,14
8.481441802168916,49.470541375733696,40.8643,33.9923,22,14
8.481441327435707,49.470586348289444,34.0979,32.0699,22,14
8.481440852701311,49.470631320844824,45.429,35.286,20,14
8.481440377965725,49.470676293399855,45.5364,35.2254,20,14
8.481439903228953,49.47072126595452,45.7054,35.2874,20,14
8.481439428490994,49.47076623850885,45.5389,35.2079,20,14
8.481536441883073,49.468113166527544,43.4967,34.7308,22,14
8.481535967277157,49.46815813910293,43.3973,34.6393,22,14
8.481535492670059,49.46820311167795,44.2588,35.2288,20,14
8.48153501806177,49.46824808425264,44.4,35.249,20,14
8.481534543452295,49.46829305682698,32.013,31.689,24,14
8.481534068841635,49.46833802940095,41.0416,31.9866,22,14
8.481533594229782,49.468383001974566,41.7826,32.9746,9,14
8.481533119616746,49.46842797454783,42.1452,33.3993,9,14
8.48153264500252,49.46847294712074,43.2905,34.0345,9,14
8.48153217038711,49.468517919693284,44.415,35.254,20,14
8.48153169577051,49.46856289226549,43.1964,34.5175,9,14
8.481531221152723,49.468607864837324,42.4948,34.2608,9,14
8.481530746533748,49.46865283740882,42.0641,34.0801,9,14
8.481530271913586,49.46869780997994,41.8288,34.0168,9,14
8.481529797292236,49.46874278255072,41.604,33.9071,9,14
8.481529322669699,49.46878775512115,41.3834,33.8194,9,14
8.481528848045976,49.46883272769122,41.1092,33.7342,9,14
8.481528373421064,49.46887770026093,40.7268,33.4889,9,14
8.481527898794964,49.468922672830296,40.798,33.569,9,14
8.481527424167677,49.46896764539929,40.6539,33.4709,9,14
8.481526949539202,49.46901261796795,40.6574,33.7755,22,14
8.48152647490954,49.46905759053624,40.6674,33.8205,22,14
8.481526000278691,49.469102563104165,40.6036,33.7956,22,14
8.481525525646655,49.46914753567176,40.4015,33.6866,22,14
8.48152505101343,49.46919250823899,40.4155,33.3645,9,14
8.481524576379018,49.469237480805866,40.6091,33.8721,22,14
8.481524101743418,49.46928245337239,40.8592,34.1013,22,14
8.481523627106633,49.469327425938545,41.0136,34.2796,22,14
8.481523152468657,49.469372398504355,41.2552,34.4463,22,14
8.481522677829496,49.46941737106981,41.5018,34.5998,22,14
8.481522203189146,49.469462343634916,41.6966,34.7416,22,14
8.481521728547609,49.46950731619966,41.9734,34.8804,22,14
8.481521253904884,49.46955228876405,42.4016,34.9856,22,14
8.481520779260972,49.46959726132808,43.1437,34.9117,9,14
8.481520304615872,49.469642233891754,44.0135,35.0945,22,14
8.481519829969585,49.46968720645509,45.651,35.239,20,14
8.48151935532211,49.46973217901807,45.659,35.233,20,14
8.481518880673448,49.46977715158067,45.6438,35.2248,20,14
8.481518406023596,49.46982212414293,45.8466,35.4646,20,14
8.48151793137256,49.469867096704846,45.7059,35.2989,20,14
8.481517456720336,49.46991206926639,45.852,35.469,20,14
8.481516982066923,49.469957041827584,45.7541,35.3451,20,14
8.481516507412323,49.470002014388434,45.7605,35.3475,20,14
8.481516032756534,49.470046986948915,45.6502,35.2282,20,14
8.48151555809956,49.47009195950905,45.7057,35.2987,20,14
8.481515083441396,49.470136932068826,45.7902,35.3952,20,14
8.481514608782046,49.47018190462824,45.6425,35.2145,20,14
8.481514134121507,49.470226877187315,45.6334,35.2194,20,14
8.481513659459782,49.47027184974603,45.6399,35.2229,20,14
8.481513184796869,49.47031682230438,45.6448,35.2259,20,14
8.481512710132767,49.47036179486239,45.6517,35.2287,20,14
8.48151223546748,49.47040676742003,45.6577,35.2327,20,14
8.481511760801004,49.470451739977314,45.5284,35.3174,20,14
8.48151128613334,49.47049671253426,40.5738,34.1149,22,14
8.481510811464489,49.47054168509084,39.4172,32.8502,22,14
8.48151033679445,49.47058665764707,31.0648,31.2318,24,14
8.481509862123223,49.470631630202945,31.3284,31.2134,24,14
8.481509387450808,49.47067660275847,32.9298,30.6699,22,14
8.481508912777207,49.47072157531363,45.4012,35.2862,20,14
8.481508438102418,49.47076654786844,33.8305,31.9865,22,14
8.481605447768874,49.46811347581715,44.0287,35.2777,20,14
8.481604973226124,49.46815844839303,42.9963,34.5203,22,14
8.481604498682184,49.46820342096854,43.2518,34.4589,22,14
8.48160402413706,49.468248393543725,43.7883,35.2374,20,14
8.481603549590746,49.468293366118544,42.1071,32.3231,9,14
8.481603075043246,49.46833833869299,31.5172,31.3142,25,14
8.48160260049456,49.4683833112671,41.2239,32.8979,22,14
8.481602125944685,49.46842828384086,41.6646,33.2766,9,14
8.481601651393623,49.46847325641424,41.5,33.679,22,14
8.481601176841373,49.46851822898729,41.9741,33.9631,9,14
8.481600702287936,49.468563201559974,41.7028,33.9629,22,14
8.481600227733312,49.46860817413231,41.6577,33.8897,22,14
8.481599753177502,49.46865314670428,41.5506,33.8316,22,14
8.481599278620502,49.4686981192759,41.3717,33.7947,22,14
8.481598804062317,49.46874309184717,41.1917,33.7497,22,14
8.481598329502944,49.468788064418085,41.0242,33.6872,22,14
8.481597854942384,49.46883303698864,40.8908,33.6389,22,14
8.481597380380634,49.46887800955884,40.7678,33.6008,22,14
8.481596905817701,49.468922982128696,40.8087,33.6777,22,14
8.481596431253578,49.46896795469817,40.8554,33.7294,22,14
8.481595956688269,49.46901292726732,40.9016,33.8356,22,14
8.481595482121772,49.469057899836095,40.9008,33.8838,22,14
8.481595007554088,49.46910287240452,40.8286,33.8907,22,14
8.481594532985216,49.469147844972596,40.7333,33.8803,22,14
8.481594058415157,49.469192817540325,40.6831,33.8621,22,14
8.48159358384391,49.469237790107684,40.8372,34.0433,22,14
8.481593109271476,49.46928276267469,41.0023,34.2143,22,14
8.481592634697854,49.469327735241336,41.2055,34.3775,22,14
8.481592160123046,49.46937270780763,41.5408,34.5499,22,14
8.48159168554705,49.46941768037358,42.0659,34.7549,22,14
8.481591210969867,49.469462652939164,43.3105,34.9825,22,14
8.481590736391496,49.469507625504406,45.6535,35.2405,20,14
8.481590261811938,49.46955259806928,45.6699,35.2379,20,14
8.481589787231194,49.469597570633795,45.6637,35.2357,20,14
8.48158931264926,49.46964254319797,45.6626,35.2336,20,14
8.481588838066141,49.469687515761784,45.6558,35.2308,20,14
8.481588363481832,49.46973248832525,45.6458,35.2268,20,14
8.481587888896337,49.46977746088835,45.6347,35.2207,20,14
8.481587414309656,49.46982243345111,45.8467,35.4647,20,14
8.481586939721787,49.46986740601349,45.7408,35.3268,20,14
8.481586465132729,49.46991237857553,45.6684,35.2584,20,14
8.481585990542483,49.46995735113722,45.651,35.228,20,14
8.481585515951052,49.470002323698544,45.6499,35.2289,20,14
8.481585041358432,49.47004729625952,45.6731,35.2601,20,14
8.481584566764624,49.470092268820146,45.7416,35.3276,20,14
8.48158409216963,49.47013724138041,45.7941,35.3961,20,14
8.481583617573449,49.47018221394031,45.8465,35.4645,20,14
8.481583142976081,49.470227186499876,45.6496,35.2176,20,14
8.481582668377524,49.470272159059064,45.6354,35.2204,20,14
8.481582193777779,49.47031713161792,45.6403,35.2233,20,14
8.481581719176848,49.4703621041764,45.6469,35.2269,20,14
8.481581244574729,49.47040707673454,45.6581,35.2321,20,14
8.481580769971423,49.47045204929233,44.5745,35.2395,20,14
8.481580295366928,49.47049702184975,33.6173,32.6453,22,14
8.481579820761247,49.47054199440683,39.5369,32.8679,22,14
8.48157934615438,49.47058696696354,30.6721,30.8841,24,14
8.481578871546324,49.470631939519905,30.4695,30.6635,24,14
8.48157839693708,49.4706769120759,29.9835,30.3575,24,14
8.481577922326649,49.470721884631566,31.5435,30.2075,22,14
8.48157744771503,49.47076685718685,30.7125,30.6955,24,14
8.481674453655863,49.46811378506558,43.3385,35.2925,20,14
8.481673979176275,49.46815875764196,42.8572,34.5652,22,14
8.481673504695499,49.468203730217965,42.7792,34.1282,22,14
8.481673030213534,49.46824870279362,42.998,34.229,22,14
8.481672555730384,49.46829367536893,44.0095,35.2465,20,14
8.481672081246048,49.46833864794388,41.9916,33.2067,22,14
8.481671606760521,49.46838362051848,41.8431,33.3241,22,14
8.48167113227381,49.46842859309272,41.7905,33.4775,22,14
8.48167065778591,49.46847356566659,41.7009,33.6089,22,14
8.481670183296824,49.468518538240126,41.7192,33.6823,22,14
8.48166970880655,49.468563510813304,41.5756,33.6716,22,14
8.48166923431509,49.46860848338612,41.4475,33.6375,22,14
8.481668759822442,49.46865345595859,41.2862,33.6062,22,14
8.481668285328608,49.468698428530686,41.1029,33.5969,22,14
8.481667810833585,49.46874340110244,40.8861,33.5482,22,14
8.481667336337376,49.468788373673846,40.9678,33.4239,9,14
8.48166686183998,49.46883334624489,40.8096,33.3656,9,14
8.481666387341395,49.46887831881558,40.8792,33.4123,9,14
8.481665912841624,49.46892329138592,40.8023,33.6783,22,14
8.481665438340666,49.4689682639559,40.9268,33.8058,22,14
8.481664963838522,49.46901323652551,40.9148,33.8748,22,14
8.48166448933519,49.46905820909479,40.8949,33.916,22,14
8.481664014830672,49.469103181663705,40.8274,33.9074,22,14
8.481663540324965,49.46914815423228,40.7499,33.9119,22,14
8.48166306581807,49.46919312680048,40.9227,34.0807,22,14
8.48166259130999,49.46923809936833,41.1279,34.2719,22,14
8.48166211680072,49.46928307193583,41.3517,34.4697,22,14
8.481661642290266,49.46932804450297,41.6148,34.6398,22,14
8.481661167778624,49.46937301706974,42.1967,34.8037,22,14
8.481660693265793,49.469417989636185,43.5688,35.0448,22,14
8.481660218751776,49.46946296220226,45.6423,35.2243,20,14
8.481659744236573,49.469507934767975,45.6406,35.2236,20,14
8.481659269720181,49.46955290733335,45.642,35.225,20,14
8.481658795202602,49.46959787989836,45.6486,35.2266,20,14
8.481658320683836,49.46964285246301,45.6473,35.2274,20,14
8.481657846163884,49.469687825027314,45.648,35.2271,20,14
8.481657371642742,49.46973279759127,45.6431,35.2251,20,14
8.481656897120416,49.469777770154856,45.6366,35.2216,20,14
8.4816564225969,49.469822742718094,45.6475,35.2165,20,14
8.481655948072198,49.469867715280984,45.7962,35.3982,20,14
8.481655473546308,49.469912687843504,45.7609,35.3589,20,14
8.481654999019232,49.469957660405676,45.733,35.323,20,14
8.481654524490967,49.47000263296749,45.7319,35.3229,20,14
8.481654049961517,49.47004760552896,45.7531,35.3552,20,14
8.481653575430878,49.470092578090075,45.7968,35.3988,20,14
8.481653100899054,49.47013755065082,45.8464,35.4644,20,14
8.48165262636604,49.47018252321122,45.6451,35.2161,20,14
8.48165215183184,49.47022749577127,45.6303,35.2173,20,14
8.481651677296453,49.470272468330954,45.6513,35.2183,20,14
8.481651202759878,49.4703174408903,45.6354,35.2204,20,14
8.481650728222116,49.470362413449266,45.6429,35.2249,20,14
8.481650253683167,49.47040738600787,45.4078,35.2318,20,14
8.48164977914303,49.470452358566156,35.066,33.245,9,14
8.481649304601707,49.47049733112407,33.4931,32.5481,22,14
8.481648830059195,49.47054230368163,39.4471,32.8921,22,14
8.481648355515496,49.47058727623884,30.5728,30.9048,24,14
8.481647880970609,49.47063224879568,30.436,30.713,24,14
8.481647406424537,49.470677221352176,30.4239,30.7499,24,14
8.481646931877275,49.47072219390831,31.4474,30.7034,22,14
8.481646457328829,49.47076716646411,31.1197,30.1577,22,14
8.481743459544042,49.46811409427286,42.694,34.05,9,14
8.481742985127614,49.468159066849715,43.8278,35.2949,20,14
8.48174251071,49.46820403942622,42.5362,33.8162,22,14
8.481742036291196,49.46824901200237,42.6311,33.4381,22,14
8.48174156187121,49.46829398457817,42.4901,33.3191,22,14
8.481741087450033,49.4683389571536,42.1773,33.3673,20,14
8.48174061302767,49.468383929728674,42.0589,33.2759,9,14
8.48174013860412,49.46842890230341,41.8883,33.4793,22,14
8.481739664179386,49.46847387487778,41.8126,33.5646,22,14
8.481739189753462,49.4685188474518,41.7178,33.5778,22,14
8.481738715326353,49.46856382002546,41.4597,33.5387,22,14
8.481738240898054,49.468608792598765,41.2383,33.4683,22,14
8.48173776646857,49.468653765171716,41.3685,33.4185,9,14
8.481737292037899,49.46869873774432,40.9204,33.4565,22,14
8.48173681760604,49.46874371031655,41.1076,33.4097,9,14
8.481736343172996,49.468788682888444,40.661,33.47,22,14
8.481735868738761,49.46883365545999,40.811,33.389,9,14
8.481735394303342,49.46887862803116,40.8717,33.4608,9,14
8.481734919866737,49.468923600601975,40.8574,33.7454,22,14
8.481734445428945,49.46896857317245,40.9075,33.8755,22,14
8.481733970989962,49.46901354574256,40.8389,33.8759,22,14
8.481733496549795,49.46905851831232,40.8272,33.8862,22,14
8.481733022108441,49.46910349088172,40.8492,33.9472,22,14
8.4817325476659,49.469148463450786,40.8924,33.7534,9,14
8.48173207322217,49.46919343601948,41.1947,34.3128,22,14
8.481731598777257,49.469238408587806,41.7934,34.6305,22,14
8.481731124331153,49.46928338115579,43.2582,34.9163,22,14
8.481730649883863,49.46932835372342,45.6356,35.2206,20,14
8.481730175435386,49.469373326290686,45.8465,35.4645,20,14
8.481729700985724,49.469418298857626,45.7902,35.3952,20,14
8.481729226534872,49.46946327142419,45.7934,35.3974,20,14
8.481728752082835,49.46950824399038,45.8465,35.4645,20,14
8.48172827762961,49.46955321655624,45.6508,35.2188,20,14
8.481727803175199,49.46959818912175,45.6403,35.2233,20,14
8.4817273287196,49.46964316168689,45.6485,35.2265,20,14
8.481726854262813,49.469688134251676,45.6503,35.2283,20,14
8.48172637980484,49.46973310681612,45.6492,35.2282,20,14
8.48172590534568,49.4697780793802,45.6453,35.2263,20,14
8.481725430885332,49.469823051943926,45.6415,35.2235,20,14
8.481724956423799,49.46986802450729,45.5648,35.2428,20,14
8.481724481961077,49.4699129970703,45.5185,35.2175,20,14
8.481724007497169,49.469957969632965,45.5062,35.2152,20,14
8.481723533032072,49.47000294219528,45.6067,35.2167,20,14
8.48172305856579,49.470047914757224,45.5602,35.2173,20,14
8.48172258409832,49.47009288731882,45.5523,35.2554,20,14
8.481722109629663,49.47013785988006,45.4584,35.2424,20,14
8.481721635159818,49.47018283244095,45.6247,35.2197,20,14
8.481721160688787,49.47022780500148,45.5421,35.2181,20,14
8.481720686216569,49.47027277756166,45.6499,35.2169,20,14
8.481720211743163,49.47031775012148,45.65,35.218,20,14
8.481719737268572,49.47036272268095,45.4365,35.2235,20,14
8.48171926279279,49.47040769524006,45.061,35.233,20,14
8.481718788315824,49.47045266779882,34.2566,33.0766,22,14
8.481718313837671,49.47049764035722,40.6949,33.9959,22,14
8.481717839358328,49.47054261291527,39.8056,33.3206,22,14
8.4817173648778,49.47058758547296,38.8693,32.6303,22,14
8.481716890396084,49.4706325580303,31.3122,30.9382,22,14
8.481716415913182,49.47067753058728,31.4656,30.9636,22,14
8.481715941429092,49.470722503143904,39.7789,32.7629,22,14
8.481715466943816,49.470767475700185,39.8888,32.5058,22,14
8.481812465433405,49.46811440343897,40.6908,32.6919,9,14
8.48181199108014,49.46815937601632,31.7237,31.6867,25,14
8.481811516725687,49.468204348593304,41.0391,32.5941,22,14
8.481811042370047,49.46824932116994,41.0185,31.8225,22,14
8.481810568013222,49.46829429374623,31.3104,31.1094,25,14
8.481810093655207,49.46833926632214,41.4312,32.7362,20,14
8.481809619296007,49.46838423889772,41.7238,33.2958,20,14
8.481809144935621,49.468429211472944,41.7742,33.4442,22,14
8.481808670574047,49.468474184047786,41.7958,33.5288,22,14
8.481808196211286,49.4685191566223,41.6751,33.4951,22,14
8.481807721847339,49.46856412919646,41.424,33.394,22,14
8.481807247482205,49.46860910177024,41.2817,33.3507,22,14
8.481806773115885,49.468654074343696,41.1605,33.3836,22,14
8.481806298748376,49.468699046916775,41.006,33.42,22,14
8.481805824379682,49.468744019489506,41.0164,33.4924,22,14
8.481805350009802,49.46878899206188,40.9485,33.6046,22,14
8.481804875638733,49.4688339646339,40.923,33.679,22,14
8.481804401266478,49.468878937205574,40.87,33.781,22,14
8.481803926893036,49.468923909776876,40.9677,33.8657,22,14
8.481803452518406,49.46896888234784,40.9152,33.9393,22,14
8.481802978142591,49.46901385491844,40.8884,33.6534,9,14
8.48180250376559,49.46905882748868,40.8985,33.7115,9,14
8.4818020293874,49.469103800058576,41.137,34.163,22,14
8.481801555008023,49.46914877262811,41.4853,34.3823,22,14
8.48180108062746,49.4691937451973,43.1137,34.7827,22,14
8.481800606245711,49.46923871776612,45.6349,35.2199,20,14
8.481800131862773,49.46928369033459,45.7885,35.3946,20,14
8.481799657478648,49.46932866290271,45.7428,35.3279,20,14
8.481799183093338,49.46937363547047,45.7123,35.3013,20,14
8.48179870870684,49.46941860803789,45.7412,35.3272,20,14
8.481798234319157,49.469463580604945,45.7625,35.3595,20,14
8.481797759930284,49.46950855317163,45.8466,35.4646,20,14
8.481797285540226,49.46955352573798,45.633,35.22,20,14
8.481796811148982,49.46959849830397,45.6462,35.2262,20,14
8.481796336756549,49.46964347086959,45.6558,35.2308,20,14
8.48179586236293,49.46968844343488,45.6619,35.2339,20,14
8.481795387968123,49.469733415999805,45.573,35.363,20,14
8.48179491357213,49.469778388564364,45.6692,35.2982,20,14
8.481794439174951,49.46982336112858,44.1142,35.2313,20,14
8.481793964776584,49.46986833369244,33.4803,31.4593,9,14
8.481793490377031,49.46991330625595,29.3846,29.6756,25,14
8.48179301597629,49.46995827881909,30.7044,30.7744,25,14
8.481792541574363,49.47000325138189,32.294,30.4101,9,14
8.481792067171249,49.470048223944325,29.1876,29.4726,25,14
8.481791592766946,49.47009319650642,33.0485,31.7825,22,14
8.481791118361459,49.470138169068136,33.3435,31.5085,9,14
8.481790643954783,49.47018314162951,31.2821,31.1281,25,14
8.48179016954692,49.47022811419054,30.2113,30.0013,25,14
8.481789695137872,49.470273086751206,45.5631,35.2171,20,14
8.481789220727636,49.470318059311516,44.7098,35.2178,20,14
8.481788746316212,49.47036303187147,34.866,33.3741,22,14
8.481788271903604,49.470408004431064,34.1784,33.1165,22,14
8.481787797489805,49.47045297699031,33.5346,32.7487,22,14
8.48178732307482,49.4704979495492,40.4057,33.8197,22,14
8.481786848658649,49.47054292210774,39.8757,33.3787,22,14
8.481786374241292,49.47058789466592,39.4582,32.9952,22,14
8.481785899822746,49.47063286722374,39.3807,32.8307,22,14
8.481785425403015,49.47067783978122,39.6235,32.7945,22,14
8.481784950982096,49.47072281233834,40.1789,32.912,22,14
8.481784476559989,49.47076778489509,40.4922,33.0122,22,14
8.481881471323957,49.46811471256392,41.5769,33.5759,9,14
8.481880997033853,49.46815968514175,40.9148,32.5888,9,14
8.48188052274256,49.46820465771923,40.4957,31.4867,9,14
8.481880048450083,49.468249630296356,30.9707,30.8017,25,14
8.48187957415642,49.46829460287313,30.8334,30.8024,25,14
8.481879099861569,49.468339575449534,31.2436,31.0306,25,14
8.481878625565532,49.4683845480256,40.8215,32.8355,22,14
8.481878151268308,49.4684295206013,41.6065,33.2655,9,14
8.481877676969896,49.46847449317665,41.7984,33.4974,22,14
8.481877202670299,49.46851946575164,41.6126,33.3436,22,14
8.481876728369514,49.46856443832629,40.9645,32.9075,22,14
8.481876254067544,49.468609410900555,40.8043,32.8723,22,14
8.481875779764387,49.46865438347449,40.8635,33.1706,22,14
8.481875305460042,49.46869935604806,40.8976,33.3286,22,14
8.481874831154512,49.46874432862128,41.0121,33.5202,22,14
8.481874356847793,49.46878930119414,41.0106,33.7106,22,14
8.481873882539888,49.46883427376666,41.0155,33.8465,22,14
8.481873408230799,49.46887924633881,41.0113,33.9833,22,14
8.48187293392052,49.468924218910615,41.1564,33.7614,9,14
8.481872459609056,49.46896919148205,41.2467,34.2578,22,14
8.481871985296404,49.46901416405315,41.4033,34.4083,22,14
8.481871510982568,49.469059136623876,41.6246,34.4856,22,14
8.481871036667544,49.469104109194255,41.9638,34.5558,22,14
8.481870562351332,49.469149081764286,43.2207,34.7678,22,14
8.481870088033935,49.46919405433396,45.8465,35.4645,20,14
8.48186961371535,49.46923902690327,45.7391,35.3271,20,14
8.48186913939558,49.46928399947223,45.6875,35.2785,20,14
8.48186866507462,49.469328972040834,45.6695,35.2595,20,14
8.481868190752477,49.46937394460908,45.6893,35.2793,20,14
8.481867716429145,49.469418917176974,45.7424,35.3274,20,14
8.481867242104626,49.46946388974452,45.7969,35.3989,20,14
8.481866767778921,49.469508862311706,45.6516,35.2186,20,14
8.481866293452029,49.46955383487854,45.6462,35.2262,20,14
8.481865819123952,49.469598807445024,45.5937,35.2327,20,14
8.481865344794686,49.46964378001113,45.5559,35.2379,20,14
8.481864870464236,49.46968875257691,43.977,35.241,20,14
8.481864396132595,49.46973372514231,33.4401,31.9311,22,14
8.48186392179977,49.469778697707376,32.6781,31.6451,22,14
8.48186344746576,49.46982367027207,32.6769,31.507,9,14
8.481862973130559,49.46986864283642,31.8304,30.8134,22,14
8.481862498794174,49.46991361540041,31.1093,31.3853,25,14
8.4818620244566,49.469958587964044,31.1913,31.4353,25,14
8.481861550117841,49.470003560527324,31.7463,30.7513,22,14
8.481861075777894,49.47004853309026,31.6911,31.8461,24,14
8.481860601436763,49.470093505652834,39.9376,32.9846,22,14
8.481860127094441,49.47013847821505,39.8748,32.6919,22,14
8.481859652750936,49.47018345077691,31.4072,31.4962,25,14
8.481859178406243,49.47022842333842,31.228,31.391,24,14
8.481858704060363,49.47027339589957,40.5414,33.6445,22,14
8.481858229713296,49.47031836846037,33.6875,32.7535,22,14
8.481857755365041,49.470363341020814,33.6256,32.4567,9,14
8.4818572810156,49.47040831358089,40.6381,34.0771,22,14
8.481856806664974,49.47045328614063,40.3267,33.8757,22,14
8.48185633231316,49.47049825870001,40.0701,33.5792,22,14
8.48185585796016,49.470543231259036,39.7366,33.2426,22,14
8.481855383605971,49.47058820381771,39.4817,32.8977,22,14
8.481854909250595,49.47063317637602,39.2418,32.5768,22,14
8.481854434894036,49.47067814893398,39.4783,32.3103,22,14
8.481853960536284,49.47072312149159,39.9549,32.426,22,14
8.48185348617735,49.47076809404883,40.3231,32.8542,22,14
8.481950477215694,49.4681150216477,42.0754,33.8524,22,14
8.481950002988752,49.46815999422603,41.56,32.73,22,14
8.481949528760623,49.46820496680399,31.0699,30.9449,25,14
8.481949054531308,49.46824993938159,30.9474,30.8314,24,14
8.481948580300804,49.46829491195886,30.5361,30.7471,24,14
8.481948106069115,49.46833988453576,38.7687,31.3377,22,14
8.48194763183624,49.4683848571123,40.5699,32.9619,22,14
8.48194715760218,49.4684298296885,41.3498,33.3858,9,14
8.481946683366932,49.46847480226432,42.1224,33.7274,22,14
8.481946209130498,49.468519774839805,41.167,32.968,22,14
8.481945734892877,49.468564747414945,31.294,31.197,25,14
8.481945260654069,49.46860971998971,31.233,31.242,24,14
8.481944786414074,49.46865469256412,39.9249,32.5789,22,14
8.481944312172894,49.468699665138175,40.2648,33.1048,22,14
8.481943837930528,49.468744637711886,40.6452,33.4702,22,14
8.481943363686975,49.46878961028524,40.8907,33.7787,22,14
8.481942889442232,49.46883458285824,41.2702,33.8552,9,14
8.481942415196306,49.46887955543089,41.4622,34.3163,22,14
8.481941940949193,49.46892452800317,42.0244,34.5474,22,14
8.481941466700894,49.4689695005751,43.4137,34.8367,22,14
8.481940992451408,49.46901447314668,45.6598,35.2429,20,14
8.481940518200734,49.4690594457179,45.3325,35.2345,20,14
8.481940043948876,49.46910441828877,44.4001,34.8201,9,14
8.481939569695829,49.46914939085929,44.3866,34.8227,9,14
8.481939095441597,49.469194363429445,45.7393,35.3253,20,14
8.48193862118618,49.46923933599925,45.6688,35.2588,20,14
8.481938146929572,49.469284308568696,45.6664,35.2574,20,14
8.48193767267178,49.46932928113779,45.6875,35.2785,20,14
8.481937198412801,49.469374253706526,45.7428,35.3278,20,14
8.481936724152636,49.469419226274916,45.7975,35.3985,20,14
8.481936249891284,49.46946419884295,45.6508,35.2188,20,14
8.481935775628745,49.46950917141062,45.5113,35.2273,20,14
8.48193530136502,49.46955414397794,44.8067,35.2347,20,14
8.481934827100108,49.469599116544906,35.3597,33.4817,22,14
8.48193435283401,49.469644089111505,34.1108,32.3988,22,14
8.481933878566727,49.46968906167777,32.3233,32.3623,25,14
8.481933404298253,49.469734034243665,31.2052,31.4912,25,14
8.481932930028597,49.46977900680921,31.8284,31.6734,25,14
8.481932455757752,49.469823979374404,31.2579,31.5948,25,14
8.481931981485719,49.469868951939226,39.7708,32.8119,9,14
8.481931507212503,49.46991392450371,39.4856,32.8046,22,14
8.481931032938096,49.46995889706783,39.6071,32.8971,22,14
8.481930558662505,49.4700038696316,39.9382,33.2072,22,14
8.481930084385727,49.47004884219502,39.631,33.006,22,14
8.481929610107764,49.47009381475808,40.0529,33.3689,22,14
8.481929135828613,49.47013878732078,39.8059,33.1779,22,14
8.481928661548276,49.470183759883135,38.8938,32.2708,22,14
8.48192818726675,49.47022873244513,31.5126,31.7386,24,14
8.481927712984039,49.47027370500678,32.3262,31.5762,22,14
8.481927238700141,49.470318677568066,40.3655,33.6806,22,14
8.481926764415057,49.470363650129,40.3057,33.7037,22,14
8.481926290128786,49.47040862268957,40.1876,33.6786,22,14
8.481925815841329,49.470453595249786,39.9822,33.5422,22,14
8.481925341552685,49.47049856780966,39.7778,33.3289,22,14
8.481924867262853,49.47054354036917,39.5926,33.0416,22,14
8.481924392971836,49.47058851292833,39.2235,32.5985,22,14
8.481923918679632,49.47063348548712,38.42,31.355,22,14
8.48192344438624,49.47067845804557,30.1722,30.2542,24,14
8.481922970091663,49.47072343060366,30.4595,30.4485,24,14
8.4819224957959,49.4707684031614,39.4505,31.6065,22,14
8.482019483108619,49.46811533069032,32.5322,31.5042,22,14
8.482019008944839,49.46816030326912,41.1846,31.8296,9,14
8.48201853477987,49.46820527584757,31.0763,31.0543,25,14
8.482018060613717,49.468250248425676,30.7126,30.8086,24,14
8.482017586446377,49.468295221003416,30.7896,29.8306,22,14
8.48201711227785,49.468340193580815,40.1082,32.6702,9,14
8.482016638108139,49.468385166157844,40.8547,33.3427,9,14
8.48201616393724,49.468430138734526,41.1309,33.848,22,14
8.482015689765154,49.468475111310845,43.3431,35.2641,20,14
8.48201521559188,49.468520083886816,42.1897,33.2088,9,14
8.482014741417423,49.46856505646244,31.0386,30.9576,25,14
8.48201426724178,49.46861002903769,30.9618,30.9458,24,14
8.482013793064949,49.468655001612596,38.9373,31.5533,22,14
8.482013318886933,49.46869997418713,39.7817,32.4287,9,14
8.482012844707729,49.46874494676134,40.7658,33.3168,9,14
8.48201237052734,49.46878991933517,41.3651,33.8561,9,14
8.482011896345764,49.468834891908664,41.9238,34.4718,22,14
8.482011422163,49.4688798644818,43.3853,34.8333,22,14
8.482010947979052,49.46892483705457,45.6523,35.2403,20,14
8.482010473793917,49.46896980962699,45.65,35.229,20,14
8.482009999607596,49.469014782199054,45.6377,35.2217,20,14
8.482009525420088,49.46905975477077,45.4618,35.2178,20,14
8.482009051231392,49.46910472734211,36.3061,33.4901,9,14
8.482008577041512,49.469149699913125,42.7063,34.7523,22,14
8.482008102850445,49.46919467248377,45.5499,35.2959,20,14
8.482007628658192,49.46923964505406,45.6684,35.2594,20,14
8.482007154464752,49.469284617624,45.6879,35.2789,20,14
8.482006680270125,49.46932959019358,45.7416,35.3276,20,14
8.482006206074313,49.4693745627628,45.7954,35.3984,20,14
8.482005731877313,49.469419535331674,45.5694,35.2195,20,14
8.482005257679129,49.46946450790019,45.2833,35.3133,20,14
8.482004783479756,49.469509480468346,36.0352,33.7072,22,14
8.482004309279196,49.46955445303615,35.4896,33.6616,22,14
8.482003835077451,49.46959942560362,34.8004,33.3754,22,14
8.482003360874522,49.4696443981707,41.0087,34.1667,22,14
8.482002886670402,49.469689370737456,39.138,32.804,22,14
8.482002412465098,49.46973434330384,32.1664,31.2114,9,14
8.482001938258609,49.46977931586987,39.4366,32.8686,22,14
8.482001464050931,49.469824288435554,39.6159,33.0919,22,14
8.482000989842067,49.46986926100088,40.3193,33.5473,22,14
8.482000515632016,49.46991423356584,40.4112,33.6632,22,14
8.48200004142078,49.469959206130454,40.3774,33.7295,22,14
8.481999567208359,49.470004178694715,40.5866,33.7887,22,14
8.481999092994748,49.470049151258614,40.349,33.731,22,14
8.481998618779953,49.470094123822165,40.3711,33.6741,22,14
8.481998144563969,49.47013909638536,40.2307,33.5927,22,14
8.481997670346802,49.47018406894819,39.8101,33.2561,22,14
8.481997196128447,49.470229041510684,39.3059,32.7979,22,14
8.481996721908903,49.470274014072814,39.8948,33.1978,22,14
8.481996247688175,49.47031898663459,40.0013,33.3073,22,14
8.481995773466261,49.470363959196,39.9173,33.2823,22,14
8.48199529924316,49.47040893175707,39.88,33.286,22,14
8.48199482501887,49.47045390431777,39.6739,33.2389,22,14
8.481994350793396,49.47049887687814,39.6233,33.1153,22,14
8.481993876566737,49.47054384943813,39.5343,32.8963,22,14
8.481993402338889,49.47058882199777,39.2616,32.2737,22,14
8.481992928109854,49.470633794557074,30.0574,30.1784,24,14
8.481992453879633,49.470678767116,30.1081,30.0871,24,14
8.481991979648226,49.47072373967458,30.3768,30.3058,24,14
8.481991505415634,49.470768712232804,30.4255,30.4325,24,14
8.482088489002729,49.46811563969176,27.7217,28.3557,25,14
8.48208801490211,49.46816061227106,30.0947,30.2917,24,14
8.482087540800304,49.468205584850004,38.674,31.263,22,14
8.482087066697312,49.46825055742858,40.7702,32.9512,9,14
8.482086592593134,49.46829553000683,33.1648,32.0668,22,14
8.482086118487771,49.468340502584695,40.8047,33.7777,22,14
8.48208564438122,49.46838547516222,40.9707,33.7287,9,14
8.482085170273484,49.46843044773938,41.1748,33.8388,9,14
8.482084696164561,49.4684754203162,42.0722,34.4132,22,14
8.482084222054453,49.46852039289265,43.7965,35.2695,20,14
8.48208374794316,49.46856536546877,41.0243,32.2573,22,14
8.482083273830678,49.468610338044506,31.1818,31.1398,25,14
8.482082799717011,49.46865531061991,31.2078,31.1548,24,14
8.482082325602157,49.46870028319493,30.9156,31.1016,25,14
8.482081851486118,49.46874525576962,40.9349,33.4749,22,14
8.482081377368893,49.46879022834394,43.1033,34.5553,22,14
8.48208090325048,49.46883520091792,45.6597,35.2437,20,14
8.482080429130882,49.468880173491534,45.6537,35.2307,20,14
8.482079955010096,49.468925146064805,45.6516,35.2186,20,14
8.482079480888126,49.468970118637706,45.8468,35.4648,20,14
8.48207900676497,49.46901509121025,45.7961,35.3982,20,14
8.482078532640628,49.469060063782464,45.6348,35.3528,20,14
8.482078058515098,49.469105036354286,43.8844,35.2205,20,14
8.482077584388382,49.46915000892579,41.4085,33.2355,9,14
8.482077110260478,49.469194981496926,42.7425,34.3235,9,14
8.482076636131392,49.46923995406771,45.7328,35.3228,20,14
8.482076162001118,49.46928492663813,45.7622,35.3592,20,14
8.482075687869656,49.4693298992082,45.7898,35.4648,20,14
8.482075213737009,49.46937487177791,43.3574,35.2204,20,14
8.482074739603178,49.46941984434728,35.0952,33.4792,9,14
8.482074265468158,49.469464816916286,31.8476,32.0046,25,14
8.48207379133195,49.469509789484924,34.6059,32.9979,22,14
8.48207331719456,49.46955476205322,43.4204,35.0535,22,14
8.482072843055981,49.46959973462116,42.2905,34.9585,22,14
8.482072368916217,49.46964470718875,41.2239,34.5039,22,14
8.482071894775267,49.46968967975598,40.2711,33.5051,9,14
8.48207142063313,49.469734652322856,40.2286,33.7496,22,14
8.482070946489806,49.46977962488937,40.4221,33.8111,22,14
8.482070472345297,49.46982459745554,40.4641,33.8732,22,14
8.4820699981996,49.46986957002136,40.737,33.985,22,14
8.482069524052719,49.46991454258679,40.7635,34.0635,22,14
8.48206904990465,49.469959515151906,40.8127,34.1287,22,14
8.482068575755395,49.47000448771665,40.8903,34.1424,22,14
8.482068101604954,49.47004946028104,40.75,34.046,22,14
8.482067627453327,49.47009443284508,40.689,33.64,9,14
8.482067153300514,49.47013940540876,40.6205,33.9065,22,14
8.482066679146513,49.470184377972075,40.3807,33.7048,22,14
8.482066204991327,49.470229350535064,40.0163,33.3523,22,14
8.482065730834954,49.47027432309768,39.7983,33.0923,22,14
8.482065256677394,49.470319295659934,39.5038,32.7869,22,14
8.48206478251865,49.47036426822185,39.2676,32.5947,22,14
8.482064308358717,49.4704092407834,39.4364,32.8075,22,14
8.482063834197598,49.47045421334459,39.4443,32.9393,22,14
8.482063360035294,49.47049918590544,39.4398,32.9438,22,14
8.482062885871805,49.47054415846592,39.404,32.832,22,14
8.482062411707126,49.47058913102606,39.0238,32.2788,22,14
8.482061937541262,49.47063410358584,30.2663,30.4283,24,14
8.482061463374214,49.47067907614525,30.1999,30.1849,24,14
8.482060989205976,49.47072404870432,30.3581,30.3301,24,14
8.482060515036553,49.47076902126304,30.3139,30.3809,24,14
8.482157494898026,49.46811594865205,29.5968,30.0408,24,14
8.482157020860567,49.46816092123183,29.992,30.32,24,14
8.482156546821924,49.46820589381125,33.6969,31.7239,9,14
8.482156072782095,49.46825086639033,45.6662,35.2362,20,14
8.48215559874108,49.468295838969055,45.6595,35.2816,20,14
8.482155124698878,49.46834081154741,42.95,34.6941,22,14
8.48215465065549,49.468385784125424,41.5291,34.3271,22,14
8.482154176610917,49.468430756703086,41.3228,33.8958,9,14
8.482153702565157,49.468475729280385,42.0639,34.2109,9,14
8.48215322851821,49.46852070185734,43.8986,35.2516,20,14
8.48215275447008,49.468565674433925,43.5184,35.2654,20,14
8.482152280420761,49.46861064701016,40.9911,32.0372,9,14
8.482151806370258,49.468655619586045,31.2345,31.1245,24,14
8.482151332318567,49.46870059216155,32.8862,30.3752,22,14
8.482150858265694,49.468745564736736,45.6768,35.2528,20,14
8.48215038421163,49.46879053731154,45.6509,35.2399,20,14
8.482149910156384,49.468835509886,45.6465,35.2265,20,14
8.482149436099949,49.468880482460115,45.6435,35.2145,20,14
8.482148962042329,49.46892545503387,45.7548,35.3568,20,14
8.482148487983523,49.46897042760726,45.7049,35.4659,20,14
8.48214801392353,49.4690154001803,43.7428,35.3738,20,14
8.482147539862353,49.46906037275299,33.1055,32.0605,22,14
8.482147065799987,49.46910534532532,30.6691,30.8111,24,14
8.482146591736438,49.469150317897295,29.6715,30.0655,25,14
8.4821461176717,49.46919529046892,40.1491,32.9341,22,14
8.48214564360578,49.46924026304018,45.6156,35.4646,20,14
8.48214516953867,49.469285235611096,42.9947,35.2158,20,14
8.482144695470375,49.46933020818165,34.3101,33.2231,22,14
8.482144221400894,49.46937518075185,33.7738,32.9838,22,14
8.482143747330227,49.46942015332171,34.0011,33.0931,22,14
8.482143273258375,49.46946512589119,41.4251,34.1571,22,14
8.482142799185334,49.46951009846033,43.3508,34.9019,22,14
8.48214232511111,49.46955507102911,44.0032,35.1673,22,14
8.4821418510357,49.46960004359754,45.6767,35.2527,20,14
8.4821413769591,49.469645016165614,45.2897,35.2537,20,14
8.482140902881318,49.469689988733336,42.9592,34.5292,9,14
8.482140428802348,49.4697349613007,41.466,34.1591,9,14
8.482139954722191,49.469779933867706,40.9334,34.1834,22,14
8.48213948064085,49.469824906434354,40.9165,34.2155,22,14
8.48213900655832,49.46986987900066,41.1089,34.2909,22,14
8.482138532474607,49.46991485156659,41.2199,34.4139,22,14
8.482138058389706,49.46995982413219,41.4002,34.5573,22,14
8.48213758430362,49.470004796697424,41.4884,34.5944,22,14
8.482137110216346,49.4700497692623,41.4566,34.5636,22,14
8.482136636127887,49.47009474182682,41.2212,34.4642,22,14
8.482136162038243,49.470139714390996,41.0868,34.4038,22,14
8.48213568794741,49.470184686954795,40.7067,34.0447,22,14
8.482135213855393,49.47022965951827,40.2911,33.4401,22,14
8.482134739762191,49.47027463208138,39.6952,32.6582,22,14
8.482134265667801,49.470319604644125,39.3135,31.3435,9,14
8.482133791572226,49.47036457720652,30.4293,30.6223,24,14
8.482133317475462,49.47040954976854,38.4577,31.6858,22,14
8.482132843377514,49.47045452233024,38.8875,32.3715,22,14
8.48213236927838,49.47049949489156,39.3077,32.7947,22,14
8.482131895178059,49.47054446745255,39.3404,32.8425,22,14
8.482131421076552,49.47058944001317,39.0769,32.5339,22,14
8.482130946973859,49.47063441257343,38.557,31.457,22,14
8.48213047286998,49.47067938513335,30.1022,30.1942,24,14
8.482129998764913,49.47072435769291,30.2232,30.3252,24,14
8.48212952465866,49.470769330252104,30.9338,29.9268,22,14
8.482226500794507,49.46811625757117,39.6947,32.3037,9,14
8.482226026820213,49.46816123015144,45.6771,35.2632,20,14
8.482225552844731,49.468206202731345,45.6833,35.2553,20,14
8.482225078868062,49.46825117531092,45.6643,35.2463,20,14
8.48222460489021,49.46829614789012,45.6632,35.2362,20,14
8.48222413091117,49.46834112046897,45.6443,35.2273,20,14
8.482223656930945,49.46838609304747,43.0514,34.8404,22,14
8.482223182949534,49.468431065625616,41.9567,34.4788,22,14
8.482222708966937,49.4684760382034,42.1988,34.1898,9,14
8.482222234983155,49.46852101078083,42.833,34.13,9,14
8.482221760998186,49.46856598335792,42.7292,33.8232,9,14
8.482221287012033,49.468610955934636,43.0275,33.2496,22,14
8.482220813024691,49.468655928511005,42.4978,33.3109,22,14
8.482220339036166,49.46870090108701,45.654,35.24,20,14
8.482219865046453,49.46874587366267,45.6573,35.2323,20,14
8.482219391055555,49.46879084623798,45.6414,35.2244,20,14
8.482218917063472,49.468835818812934,45.6464,35.2164,20,14
8.482218443070202,49.46888079138751,45.6054,35.2154,20,14
8.482217969075746,49.468925763961764,43.7328,35.3738,20,14
8.482217495080105,49.46897073653564,33.2525,31.6925,9,14
8.482217021083278,49.46901570910917,32.1027,30.9997,9,14
8.482216547085265,49.46906068168234,30.9017,30.3687,22,14
8.482216073086065,49.46910565425515,29.6678,30.0598,24,14
8.482215599085679,49.469150626827634,28.6484,29.4424,25,14
8.482215125084108,49.46919559939975,29.8221,29.5261,22,14
8.482214651081351,49.4692405719715,38.368,32.501,9,14
8.482214177077408,49.469285544542885,31.4496,31.0116,9,14
8.48221370307228,49.46933051711394,32.4519,32.1599,22,14
8.482213229065964,49.46937548968462,39.8055,33.9825,22,14
8.482212755058464,49.469420462254966,41.9436,34.6176,22,14
8.482212281049776,49.469465434824954,45.6573,35.2423,20,14
8.482211807039905,49.469510407394566,45.6646,35.2466,20,14
8.482211333028845,49.469555379963836,45.6701,35.2501,20,14
8.4822108590166,49.46960035253276,45.6764,35.2524,20,14
8.482210385003171,49.46964532510132,45.6771,35.2531,20,14
8.482209910988553,49.46969029766952,45.5096,35.2526,20,14
8.48220943697275,49.46973527023738,43.0319,34.6819,9,14
8.482208962955763,49.469780242804866,41.9083,34.3393,9,14
8.482208488937587,49.469825215372005,41.7609,34.4869,22,14
8.482208014918227,49.469870187938795,42.4579,34.6219,22,14
8.482207540897681,49.46991516050522,43.5156,34.8526,22,14
8.482207066875949,49.4699601330713,45.6486,35.2266,20,14
8.48220659285303,49.47000510563702,45.6507,35.2278,20,14
8.482206118828925,49.47005007820239,45.6566,35.2316,20,14
8.482205644803635,49.470095050767405,45.6668,35.2368,20,14
8.482205170777158,49.470140023332064,45.4565,35.2665,20,14
8.482204696749497,49.47018499589636,42.7484,34.5964,22,14
8.482204222720648,49.4702299684603,40.6622,33.3782,22,14
8.482203748690612,49.470274941023895,39.3806,31.5536,22,14
8.482203274659392,49.47031991358714,30.6902,30.6742,24,14
8.482202800626986,49.47036488615002,30.1782,30.2482,25,14
8.482202326593393,49.47040985871255,30.8397,30.8277,24,14
8.482201852558616,49.47045483127471,30.6105,30.8026,24,14
8.48220137852265,49.47049980383654,38.7869,32.422,22,14
8.4822009044855,49.470544776398,39.079,32.8221,22,14
8.482200430447161,49.47058974895912,38.931,32.727,22,14
8.482199956407639,49.470634721519865,38.372,32.2231,22,14
8.482199482366932,49.47067969408026,37.4466,30.9176,22,14
8.482199008325036,49.47072466664031,29.5462,29.9462,25,14
8.482198534281954,49.470769639199986,29.6727,28.8127,22,14
8.482295506692177,49.46811656644912,39.9557,32.1357,9,14
8.482295032781042,49.46816153902988,45.4555,35.2776,20,14
8.482294558868722,49.468206511610276,45.6843,35.2673,20,14
8.482294084955218,49.46825148419033,45.6674,35.2585,20,14
8.482293611040525,49.46829645677003,45.6667,35.2477,20,14
8.48229313712465,49.468341429349366,45.6644,35.2364,20,14
8.482292663207586,49.46838640192835,45.6097,35.2267,20,14
8.482292189289337,49.46843137450698,43.2511,34.8911,22,14
8.482291715369904,49.468476347085264,42.3759,34.4759,22,14
8.482291241449284,49.46852131966317,42.2107,33.8177,9,14
8.482290767527479,49.46856629224075,41.4909,33.0929,22,14
8.482290293604489,49.46861126481795,41.7221,32.5941,9,14
8.482289819680311,49.468656237394804,41.6864,32.9074,9,14
8.482289345754948,49.4687012099713,45.4262,35.2242,20,14
8.4822888718284,49.46874618254745,45.6347,35.2207,20,14
8.482288397900666,49.46879115512325,45.5524,35.2184,20,14
8.482287923971747,49.46883612769868,44.0545,35.2165,20,14
8.48228745004164,49.46888110027376,33.2511,31.3541,9,14
8.482286976110348,49.4689260728485,31.2601,29.6011,9,14
8.482286502177873,49.46897104542286,28.0189,28.7669,25,14
8.48228602824421,49.46901601799688,28.0058,28.7908,25,14
8.48228555430936,49.46906099057054,36.1069,29.3289,22,14
8.482285080373327,49.46910596314384,28.5587,28.9727,24,14
8.482284606436107,49.4691509357168,28.0785,28.6095,25,14
8.4822841324977,49.4691959082894,27.9635,28.8355,24,14
8.482283658558108,49.46924088086164,36.3705,30.6385,22,14
8.482283184617332,49.469285853433526,37.7151,32.3381,22,14
8.482282710675369,49.46933082600505,38.9982,33.4482,22,14
8.482282236732221,49.46937579857623,40.9354,34.2014,22,14
8.482281762787885,49.46942077114706,45.6538,35.2408,20,14
8.482281288842366,49.469465743717514,45.6597,35.2437,20,14
8.48228081489566,49.46951071628763,45.6651,35.2471,20,14
8.482280340947767,49.4695556888574,45.6731,35.2501,20,14
8.48227986699869,49.469600661426796,45.6758,35.2518,20,14
8.482279393048426,49.469645633995846,45.6761,35.2521,20,14
8.482278919096975,49.469690606564534,45.525,35.251,20,14
8.48227844514434,49.46973557913288,35.5112,33.4243,9,14
8.482277971190518,49.469780551700865,42.1967,34.7687,22,14
8.482277497235513,49.46982552426849,42.275,34.754,22,14
8.48227702327932,49.46987049683577,42.9419,34.8719,22,14
8.48227654932194,49.46991546940268,44.1435,35.0755,22,14
8.482276075363377,49.46996044196924,45.654,35.231,20,14
8.482275601403625,49.470005414535464,45.6483,35.2373,20,14
8.48227512744269,49.47005038710131,45.6648,35.2458,20,14
8.482274653480568,49.47009535966682,45.6796,35.2546,20,14
8.48227417951726,49.470140332231956,45.3809,35.2629,20,14
8.482273705552767,49.47018530479675,43.8879,35.2709,20,14
8.482273231587087,49.470230277361175,40.9192,33.2243,22,14
8.48227275762022,49.47027524992526,30.7326,30.8236,24,14
8.48227228365217,49.470320222488986,38.2761,30.8911,22,14
8.482271809682933,49.47036519505236,30.1783,30.4163,24,14
8.482271335712511,49.47041016761537,30.1951,30.4451,24,14
8.4822708617409,49.47045514017803,30.4003,30.6503,24,14
8.482270387768107,49.47050011274033,30.6611,30.4461,22,14
8.482269913794125,49.47054508530229,38.945,32.805,22,14
8.48226943981896,49.47059005786388,38.9521,32.8861,22,14
8.482268965842607,49.470635030425136,38.5936,32.5656,22,14
8.482268491865069,49.47068000298601,38.2632,31.6382,9,14
8.482268017886344,49.47072497554654,29.4405,29.9385,24,14
8.482267543906435,49.47076994810672,29.5947,30.0537,25,14
8.482364512591031,49.4681168752859,29.8402,29.5262,22,14
8.482364038743059,49.468161847867144,41.3903,33.5373,9,14
8.4823635648939,49.468206820448046,45.6056,35.3906,20,14
8.482363091043556,49.46825179302858,45.6899,35.27,20,14
8.482362617192027,49.46829676560877,45.6697,35.2597,20,14
8.482362143339312,49.46834173818859,45.6685,35.2475,20,14
8.482361669485414,49.46838671076806,45.6646,35.2356,20,14
8.482361195630329,49.46843168334718,45.6459,35.2259,20,14
8.482360721774056,49.46847665592594,43.148,34.729,22,14
8.4823602479166,49.46852162850435,41.0912,33.4572,22,14
8.482359774057956,49.4685666010824,39.1228,31.0038,9,14
8.482359300198128,49.468611573660105,29.9597,30.0177,25,14
8.482358826337116,49.46865654623744,30.2544,30.2734,25,14
8.482358352474918,49.46870151881444,41.1403,31.4663,9,14
8.482357878611532,49.46874649139105,44.347,35.234,20,14
8.482357404746962,49.46879146396735,33.993,32.384,9,14
8.482356930881206,49.468836436543256,32.2321,31.1881,22,14
8.482356457014266,49.468881409118836,28.3687,28.9937,25,14
8.482355983146139,49.468926381694054,28.2973,28.7733,25,14
8.482355509276825,49.4689713542689,35.6578,28.5938,9,14
8.482355035406329,49.46901632684341,28.1192,28.4932,25,14
8.482354561534644,49.46906129941756,28.0318,28.3458,25,14
8.482354087661776,49.46910627199135,28.1239,28.4349,24,14
8.48235361378772,49.4691512445648,28.1283,28.5053,24,14
8.482353139912481,49.469196217137885,27.9081,28.4651,25,14
8.482352666036054,49.46924118971061,27.6855,28.7665,25,14
8.482352192158443,49.469286162282984,37.4011,31.9561,22,14
8.482351718279645,49.469331134855,38.9662,33.4082,22,14
8.482351244399663,49.46937610742667,41.9746,34.5127,22,14
8.482350770518494,49.469421079997986,45.6577,35.2427,20,14
8.48235029663614,49.46946605256893,45.6623,35.2453,20,14
8.4823498227526,49.46951102513954,45.6692,35.2482,20,14
8.482349348867874,49.46955599770978,45.6734,35.2504,20,14
8.482348874981962,49.46960097027968,45.6753,35.2513,20,14
8.482348401094866,49.469645942849205,45.584,35.251,20,14
8.482347927206584,49.46969091541839,44.514,35.2491,20,14
8.482347453317116,49.46973588798722,35.2126,33.6006,22,14
8.482346979426463,49.46978086055569,34.8897,33.4607,22,14
8.482346505534622,49.46982583312381,42.8591,34.9441,22,14
8.482346031641598,49.46987080569156,43.8672,35.0722,22,14
8.482345557747387,49.469915778258965,45.6625,35.2345,20,14
8.48234508385199,49.469960750826026,45.6584,35.2424,20,14
8.482344609955408,49.47000572339271,45.6802,35.2542,20,14
8.48234413605764,49.47005069595906,45.6845,35.2665,20,14
8.482343662158687,49.470095668525055,44.408,35.277,20,14
8.482343188258548,49.47014064109068,35.2435,33.2566,9,14
8.482342714357223,49.47018561365596,34.289,32.968,22,14
8.482342240454713,49.470230586220886,32.8871,31.6882,22,14
8.482341766551016,49.47027555878545,30.6279,30.8639,24,14
8.482341292646135,49.470320531349664,31.4283,30.7803,22,14
8.482340818740067,49.47036550391352,38.8165,32.2576,22,14
8.482340344832814,49.47041047647702,30.4369,29.8549,22,14
8.482339870924374,49.47045544904017,30.4231,30.7981,24,14
8.48233939701475,49.470500421602964,30.853,31.257,24,14
8.482338923103939,49.47054539416541,38.748,32.713,22,14
8.482338449191943,49.47059036672749,39.2332,33.1872,22,14
8.48233797527876,49.47063533928922,39.0315,32.9225,22,14
8.482337501364393,49.470680311850586,38.6728,32.1198,22,14
8.48233702744884,49.47072528441161,29.6626,30.0256,25,14
8.4823365535321,49.47077025697227,29.8967,30.2217,25,14
8.48243351849107,49.46811718408153,26.1228,27.4438,24,14
8.482433044706259,49.468162156663254,38.5254,32.3674,22,14
8.482432570920263,49.46820712924464,33.5158,31.9978,9,14
8.482432097133081,49.468252101825655,45.5779,35.226,20,14
8.482431623344716,49.46829707440633,45.6908,35.2708,20,14
8.482431149555163,49.46834204698664,45.6703,35.2593,20,14
8.482430675764427,49.468387019566606,45.6654,35.2464,20,14
8.482430201972504,49.46843199214622,45.6613,35.2343,20,14
8.482429728179394,49.46847696472546,45.5281,35.2531,20,14
8.4824292543851,49.46852193730436,41.7625,33.2785,22,14
8.48242878058962,49.4685669098829,29.8135,30.0385,25,14
8.482428306792958,49.468611882461076,29.2758,29.4578,25,14
8.482427832995105,49.468656855038915,29.4129,29.5609,25,14
8.482427359196071,49.468701827616385,29.722,29.903,25,14
8.482426885395851,49.46874680019351,39.5784,31.9844,9,14
8.482426411594444,49.46879177277028,31.5761,30.2431,9,14
8.482425937791852,49.46883674534669,38.6365,31.0135,9,14
8.482425463988076,49.46888171792275,36.6921,29.2361,9,14
8.482424990183112,49.46892669049844,28.1815,28.5305,25,14
8.482424516376966,49.468971663073795,28.2745,28.4335,24,14
8.482424042569631,49.46901663564878,28.1711,28.3091,24,14
8.482423568761114,49.46906160822342,28.2029,28.394,24,14
8.48242309495141,49.46910658079769,28.253,28.506,24,14
8.482422621140518,49.46915155337163,28.1261,28.5611,24,14
8.482422147328444,49.46919652594521,27.6582,28.6952,25,14
8.482421673515185,49.46924149851842,28.4148,28.9578,22,14
8.482421199700738,49.46928647109129,30.5913,30.6623,22,14
8.482420725885106,49.46933144366379,39.7807,33.4877,22,14
8.48242025206829,49.46937641623594,45.5046,35.2446,20,14
8.482419778250287,49.469421388807746,45.3303,35.2444,20,14
8.4824193044311,49.46946636137919,45.6647,35.2467,20,14
8.482418830610726,49.469511333950265,45.6698,35.2488,20,14
8.482418356789166,49.469556306521,45.6302,35.2502,20,14
8.482417882966423,49.46960127909138,43.7936,35.2506,20,14
8.482417409142492,49.4696462516614,35.4736,33.5816,9,14
8.482416935317378,49.46969122423107,35.1944,33.6054,22,14
8.482416461491077,49.4697361968004,35.094,33.577,22,14
8.482415987663591,49.46978116936935,35.1426,33.5467,22,14
8.482415513834919,49.46982614193795,43.3454,35.0734,22,14
8.482415040005062,49.469871114506205,44.5125,35.1845,22,14
8.482414566174018,49.46991608707408,45.6651,35.2471,20,14
8.48241409234179,49.469961059641626,45.6731,35.2601,20,14
8.482413618508376,49.470006032208815,45.701,35.275,20,14
8.482413144673776,49.470051004775655,44.9148,35.2878,20,14
8.482412670837991,49.470095977342126,35.5492,33.3782,9,14
8.482412197001022,49.470140949908235,34.8579,33.24,22,14
8.482411723162866,49.470185922474,42.1643,34.4363,22,14
8.482411249323524,49.470230895039414,41.3331,33.8582,22,14
8.482410775482997,49.47027586760447,39.9447,33.0017,22,14
8.482410301641284,49.470320840169165,32.6112,31.8062,22,14
8.482409827798385,49.47036581273352,39.7848,33.3069,22,14
8.482409353954303,49.4704107852975,39.3937,33.0707,22,14
8.482408880109032,49.47045575786114,31.7565,31.2715,22,14
8.482408406262577,49.470500730424426,31.7712,31.3032,22,14
8.482407932414938,49.47054570298735,32.9259,32.0709,9,14
8.482407458566112,49.47059067554992,40.0106,33.7926,22,14
8.4824069847161,49.47063564811214,39.6502,33.4232,22,14
8.482406510864903,49.470680620673996,38.8985,32.5045,22,14
8.48240603701252,49.4707255932355,29.756,30.286,25,14
8.482405563158952,49.470770565796656,29.5154,30.1344,25,14
8.482502524392295,49.46811749283597,29.6277,29.3737,22,14
8.482502050670647,49.468162465418196,38.9606,32.5006,22,14
8.482501576947811,49.468207438000064,40.3369,33.3149,9,14
8.482501103223791,49.46825241058158,34.052,32.436,9,14
8.482500629498587,49.46829738316274,45.6592,35.2793,20,14
8.482500155772199,49.46834235574353,45.6924,35.2704,20,14
8.482499682044622,49.46838732832399,45.6682,35.2582,20,14
8.482499208315863,49.468432300904084,45.6622,35.2452,20,14
8.482498734585917,49.46847727348381,45.5826,35.2336,20,14
8.482498260854786,49.468522246063195,33.9258,32.4099,22,14
8.48249778712247,49.468567218642235,38.8662,30.9422,9,14
8.482497313388969,49.46861219122089,28.997,29.168,24,14
8.482496839654283,49.468657163799215,28.8802,29.0532,25,14
8.482496365918411,49.46870213637718,28.732,28.98,25,14
8.482495892181355,49.46874710895478,29.3298,27.8748,9,14
8.482495418443111,49.46879208153204,28.4192,28.7262,24,14
8.482494944703683,49.46883705410894,28.0547,28.3337,25,14
8.482494470963072,49.46888202668548,28.2596,28.3846,24,14
8.482493997221274,49.468926999261676,28.2614,28.2664,24,14
8.48249352347829,49.468971971837504,28.2634,28.2344,24,14
8.482493049734122,49.46901694441299,28.1095,28.1815,25,14
8.482492575988768,49.46906191698812,28.2662,28.4262,24,14
8.48249210224223,49.46910688956288,28.2538,28.5608,24,14
8.482491628494504,49.4691518621373,27.9854,28.8334,24,14
8.482491154745594,49.469196834711354,28.6486,29.1536,22,14
8.482490680995499,49.46924180728506,29.5568,30.0348,22,14
8.482490207244219,49.46928677985841,37.5763,32.1123,9,14
8.482489733491754,49.4693317524314,38.4151,32.9631,22,14
8.482489259738102,49.46937672500404,39.8328,33.8258,22,14
8.482488785983266,49.469421697576344,34.287,32.953,22,14
8.482488312227243,49.469466670148265,45.2944,35.2464,20,14
8.482487838470039,49.46951164271983,43.5134,35.2474,20,14
8.482487364711645,49.469556615291054,35.1211,33.3361,9,14
8.482486890952067,49.46960158786192,34.3774,33.1654,22,14
8.482486417191305,49.46964656043242,34.4146,33.3176,22,14
8.482485943429358,49.469691533002596,34.8964,33.4824,22,14
8.482485469666223,49.4697365055724,35.095,33.571,22,14
8.482484995901904,49.46978147814184,35.5234,33.6515,22,14
8.482484522136401,49.46982645071093,35.5833,33.7003,22,14
8.482484048369711,49.46987142327967,45.6635,35.2555,20,14
8.482483574601837,49.46991639584804,45.6836,35.2666,20,14
8.482483100832775,49.469961368416065,45.5293,35.2813,20,14
8.482482627062529,49.470006340983744,45.1033,35.2953,20,14
8.482482153291098,49.47005131355107,35.9243,33.6783,22,14
8.482481679518482,49.47009628611803,35.4319,33.4699,22,14
8.48248120574468,49.47014125868463,43.2948,34.8108,22,14
8.482480731969694,49.47018623125087,42.5407,34.5957,22,14
8.48248025819352,49.47023120381679,41.8664,34.3074,22,14
8.482479784416164,49.47027617638231,41.1277,34.0367,22,14
8.48247931063762,49.47032114894751,40.9214,34.0415,22,14
8.48247883685789,49.47036612151235,40.8003,34.0204,22,14
8.482478363076975,49.47041109407682,40.6688,33.9818,22,14
8.482477889294877,49.47045606664094,41.7332,34.2143,22,14
8.482477415511593,49.47050103920472,42.2852,34.4712,22,14
8.482476941727123,49.47054601176813,45.3934,35.2455,20,14
8.482476467941467,49.47059098433118,42.5424,34.7204,22,14
8.482475994154624,49.47063595689389,40.6595,34.0585,22,14
8.482475520366599,49.470680929456236,39.3189,33.1219,22,14
8.482475046577386,49.47072590201823,38.22,31.895,9,14
8.48247457278699,49.47077087457988,38.8726,32.6906,22,14
8.482571530294706,49.468117801549276,30.0297,29.4287,22,14
8.482571056636218,49.46816277413198,39.1914,32.4704,22,14
8.482570582976546,49.46820774671433,40.0388,33.2788,22,14
8.482570109315688,49.46825271929632,41.2562,33.8482,9,14
8.482569635653645,49.46829769187798,34.5,33.184,22,14
8.482569161990419,49.46834266445926,45.5451,35.2791,20,14
8.482568688326007,49.468387637040195,45.6893,35.2693,20,14
8.482568214660409,49.468432609620784,45.6659,35.257,20,14
8.482567740993625,49.468477582201,45.6623,35.2444,20,14
8.482567267325658,49.468522554780876,45.3911,35.2381,20,14
8.482566793656506,49.46856752736039,33.3476,31.2086,9,14
8.482566319986168,49.468612499939546,28.5009,28.963,25,14
8.482565846314644,49.46865747251836,28.4734,28.6824,25,14
8.482565372641936,49.4687024450968,28.2783,28.3893,25,14
8.482564898968043,49.468747417674905,28.5055,28.5985,24,14
8.482564425292965,49.46879239025264,28.2034,28.2654,25,14
8.4825639516167,49.46883736283004,28.2795,28.2265,25,14
8.482563477939253,49.46888233540706,28.585,28.358,24,14
8.482563004260617,49.46892730798373,28.5935,28.1955,24,14
8.4825625305808,49.46897228056006,28.4797,28.2457,24,14
8.482562056899797,49.469017253136016,28.4163,28.3993,24,14
8.482561583217608,49.469062225711625,28.5354,28.7424,24,14
8.482561109534233,49.46910719828689,27.9079,28.6939,25,14
8.482560635849673,49.46915217086179,28.8046,28.8786,9,14
8.48256016216393,49.46919714343634,29.3166,29.8086,22,14
8.482559688477,49.469242116010534,29.7441,30.2201,22,14
8.482559214788886,49.46928708858437,36.9683,31.9283,22,14
8.482558741099586,49.46933206115785,37.0696,31.9686,22,14
8.4825582674091,49.46937703373098,37.6856,32.3226,22,14
8.48255779371743,49.46942200630376,39.2741,33.3601,22,14
8.482557320024576,49.46946697887618,32.9113,31.9123,9,14
8.482556846330535,49.46951195144823,33.3901,32.6871,22,14
8.48255637263531,49.46955692401994,33.5472,32.7572,22,14
8.482555898938898,49.46960189659131,33.7548,32.5498,9,14
8.482555425241303,49.46964686916229,34.0067,33.1047,22,14
8.482554951542522,49.46969184173293,35.0644,33.4955,22,14
8.482554477842555,49.469736814303225,35.3429,33.66,22,14
8.482554004141404,49.46978178687316,35.7044,33.7654,20,14
8.482553530439066,49.46982675944273,35.697,33.7701,20,14
8.482553056735545,49.46987173201196,45.6872,35.2782,20,14
8.482552583030838,49.46991670458084,44.1877,35.2897,20,14
8.482552109324946,49.46996167714934,35.4719,33.6479,22,14
8.482551635617869,49.470006649717504,35.5099,33.6339,22,14
8.482551161909607,49.47005162228531,35.4514,33.5334,22,14
8.482550688200158,49.47009659485276,44.7498,34.8678,22,14
8.482550214489525,49.470141567419844,43.8885,34.8135,22,14
8.482549740777706,49.47018653998659,42.9697,34.7047,22,14
8.482549267064703,49.47023151255298,42.2971,34.5351,22,14
8.482548793350514,49.47027648511901,41.7812,34.4412,22,14
8.482548319635141,49.47032145768468,41.7168,34.4788,22,14
8.482547845918582,49.47036643025,42.4658,34.5478,22,14
8.482547372200838,49.470411402814975,42.6362,34.2752,9,14
8.482546898481907,49.47045637537958,45.7155,35.2935,20,14
8.482546424761793,49.47050134794384,45.7125,35.2915,20,14
8.482545951040493,49.47054632050773,45.6968,35.2939,20,14
8.482545477318007,49.47059129307129,45.616,35.299,20,14
8.482545003594335,49.470636265634475,42.8007,34.5157,22,14
8.482544529869479,49.4706812381973,40.8204,33.1614,22,14
8.482544056143439,49.47072621075979,32.9659,32.4949,25,14
8.482543582416211,49.470771183321915,45.6817,35.2657,20,14
8.4826405361983,49.46811811022139,28.7532,29.0772,25,14
8.482640062602975,49.468163082804594,39.3088,32.1428,22,14
8.482639589006466,49.46820805538742,40.1503,33.1634,22,14
8.48263911540877,49.46825302796992,40.7704,33.7284,22,14
8.482638641809888,49.46829800055205,41.6666,34.0706,9,14
8.482638168209824,49.46834297313382,34.7597,33.0027,9,14
8.482637694608574,49.46838794571525,45.6879,35.2789,20,14
8.482637221006138,49.468432918296315,45.6868,35.2688,20,14
8.48263674740252,49.46847789087702,45.6659,35.2569,20,14
8.482636273797715,49.46852286345737,45.6635,35.2455,20,14
8.482635800191725,49.46856783603739,45.3173,35.2383,20,14
8.48263532658455,49.46861280861704,38.6448,31.3808,9,14
8.482634852976192,49.46865778119632,28.2888,28.5838,24,14
8.482634379366646,49.46870275377526,27.9615,28.1895,25,14
8.482633905755916,49.46874772635385,28.3515,28.4155,24,14
8.482633432144002,49.46879269893207,28.2302,28.2172,25,14
8.482632958530901,49.46883767150995,28.3267,28.2367,25,14
8.482632484916618,49.46888264408747,28.8058,28.4658,24,14
8.482632011301149,49.46892761666463,28.5676,28.2686,25,14
8.482631537684496,49.46897258924144,26.45,26.974,25,14
8.482631064066656,49.469017561817886,29.0974,28.7324,9,14
8.482630590447632,49.46906253439399,29.2702,29.1502,9,14
8.482630116827423,49.46910750696973,29.194,29.223,9,14
8.482629643206028,49.46915247954512,29.3936,29.5386,9,14
8.482629169583449,49.46919745212017,36.6416,31.1457,9,14
8.482628695959686,49.46924242469483,36.3885,31.2635,22,14
8.482628222334737,49.46928739726917,36.3991,31.1541,22,14
8.482627748708602,49.46933236984313,28.4866,29.5406,25,14
8.482627275081285,49.46937734241674,28.3897,29.5447,25,14
8.48262680145278,49.46942231499001,38.379,32.4411,22,14
8.482626327823091,49.46946728756292,39.7907,33.5477,22,14
8.482625854192216,49.46951226013546,33.2966,32.4996,22,14
8.482625380560158,49.469557232707665,33.4495,32.7206,22,14
8.482624906926915,49.4696022052795,33.9717,32.5988,9,14
8.482624433292486,49.46964717785097,34.2593,33.1903,22,14
8.482623959656872,49.46969215042212,35.7132,33.7852,20,14
8.482623486020072,49.4697371229929,35.7176,33.7876,20,14
8.482623012382088,49.46978209556332,35.7255,33.7905,20,14
8.48262253874292,49.469827068133384,35.7193,33.7953,20,14
8.482622065102564,49.469872040703095,43.8046,35.3026,20,14
8.482621591461026,49.46991701327244,35.01,33.5141,22,14
8.482621117818303,49.469961985841444,34.8281,33.3481,22,14
8.482620644174393,49.47000695841009,42.7896,34.8026,22,14
8.482620170529298,49.470051930978386,43.1268,34.8098,22,14
8.482619696883019,49.47009690354633,43.9464,34.8354,22,14
8.482619223235554,49.47014187611391,43.9589,34.8389,22,14
8.482618749586905,49.47018684868113,43.2464,34.7794,22,14
8.482618275937071,49.470231821248,42.7117,34.7247,22,14
8.48261780228605,49.47027679381452,42.494,34.7361,22,14
8.482617328633845,49.470321766380685,42.8227,34.8897,22,14
8.482616854980456,49.470366738946495,45.7062,35.2992,20,14
8.482616381325881,49.47041171151194,45.7051,35.2881,20,14
8.482615907670121,49.470456684077035,45.6873,35.2784,20,14
8.482615434013177,49.47050165664179,45.4531,35.2751,20,14
8.482614960355047,49.470546629206176,45.6919,35.2809,20,14
8.482614486695732,49.47059160177021,45.5296,35.2916,20,14
8.482614013035231,49.470636574333895,35.2358,33.4038,22,14
8.482613539373546,49.470681546897204,42.6814,34.2675,22,14
8.482613065710675,49.47072651946018,43.3042,33.7732,9,14
8.48261259204662,49.47077149202279,45.5616,35.3656,20,14
8.482709542103079,49.46811841885235,30.9991,29.6001,9,14
8.482709068570916,49.468163391436036,32.1562,31.0752,22,14
8.482708595037568,49.46820836401936,40.6749,33.2349,22,14
8.482708121503034,49.46825333660233,40.8568,33.5868,22,14
8.482707647967317,49.46829830918495,40.9637,33.8068,22,14
8.482707174430415,49.468343281767226,41.3557,33.9537,9,14
8.482706700892328,49.46838825434912,45.3019,35.2879,20,14
8.482706227353054,49.46843322693068,45.6897,35.2797,20,14
8.482705753812597,49.46847819951188,45.6897,35.2697,20,14
8.482705280270956,49.46852317209272,45.6688,35.2588,20,14
8.48270480672813,49.46856814467322,45.6545,35.3215,20,14
8.482704333184117,49.46861311725335,32.0923,30.8653,9,14
8.48270385963892,49.46865808983312,27.9875,28.6385,25,14
8.48270338609254,49.46870306241256,27.7863,28.4193,24,14
8.482702912544974,49.46874803499162,27.8811,28.2151,25,14
8.482702438996224,49.46879300757034,28.0695,28.3015,24,14
8.482701965446289,49.46883798014869,28.0914,28.4924,24,14
8.482701491895169,49.468882952726716,28.1092,28.3852,25,14
8.482701018342865,49.468927925304364,28.6384,28.7714,25,14
8.482700544789376,49.468972897881656,29.7061,28.9141,9,14
8.482700071234701,49.469017870458586,30.1495,29.6645,9,14
8.482699597678842,49.46906284303518,30.1036,29.8356,9,14
8.4826991241218,49.46910781561141,29.9264,29.7734,9,14
8.482698650563568,49.46915278818729,37.1297,31.1167,9,14
8.482698177004155,49.46919776076281,36.5248,30.2638,9,14
8.482697703443558,49.46924273333797,28.7198,29.5298,24,14
8.482697229881772,49.46928770591279,35.2631,29.8671,22,14
8.482696756318806,49.46933267848724,28.9053,29.9143,24,14
8.482696282754652,49.46937765106135,36.9864,31.2104,22,14
8.482695809189314,49.469422623635104,40.052,33.3721,22,14
8.482695335622791,49.46946759620849,40.7254,33.6164,9,14
8.482694862055085,49.469512568781525,41.0732,33.8242,9,14
8.482694388486191,49.469557541354206,34.0139,33.02,22,14
8.482693914916114,49.46960251392654,34.9447,33.7957,20,14
8.482693441344853,49.4696474864985,34.9909,33.8079,20,14
8.482692967772406,49.46969245907013,35.6056,33.8086,20,14
8.482692494198774,49.46973743164139,35.7432,33.8152,20,14
8.482692020623958,49.469782404212296,45.607,35.316,20,14
8.482691547047956,49.46982737678285,43.5652,35.3182,20,14
8.48269107347077,49.46987234935305,34.7233,33.3943,22,14
8.482690599892399,49.469917321922885,34.3688,33.1358,22,14
8.482690126312843,49.46996229449238,41.8695,34.5295,22,14
8.482689652732102,49.47000726706152,42.1146,34.5476,22,14
8.482689179150174,49.4700522396303,42.424,34.631,22,14
8.482688705567066,49.47009721219872,43.0903,34.7423,22,14
8.482688231982769,49.470142184766786,43.4321,34.8321,22,14
8.482687758397288,49.4701871573345,43.4509,34.887,22,14
8.482687284810622,49.470232129901866,43.3443,34.9153,22,14
8.482686811222772,49.47027710246886,43.4473,34.9713,22,14
8.482686337633735,49.47032207503551,44.332,35.102,22,14
8.482685864043516,49.47036704760181,45.5753,35.2863,20,14
8.482685390452112,49.47041202016775,45.513,35.2701,20,14
8.482684916859522,49.47045699273333,44.3295,35.2575,20,14
8.482684443265747,49.47050196529857,36.1774,33.7014,9,14
8.482683969670786,49.47054693786344,45.6823,35.2653,20,14
8.48268349607464,49.47059191042796,45.4907,35.2827,20,14
8.48268302247731,49.470636882992125,35.0215,33.5075,22,14
8.482682548878795,49.47068185555594,34.0247,32.9697,22,14
8.482682075279097,49.470726828119396,41.1762,33.9162,9,14
8.482681601678213,49.4707718006825,41.916,33.883,9,14
8.482778548009044,49.468118727442146,31.7104,30.4684,22,14
8.482778074540043,49.46816370002631,41.1753,32.7924,9,14
8.482777601069856,49.46820867261012,41.0035,33.2856,22,14
8.482777127598485,49.468253645193585,40.8585,33.4465,22,14
8.48277665412593,49.4682986177767,40.5238,33.3388,22,14
8.48277618065219,49.468343590359446,39.5486,32.6536,22,14
8.482775707177264,49.46838856294185,30.2716,30.0746,25,14
8.482775233701155,49.468433535523886,45.3566,35.2886,20,14
8.48277476022386,49.46847850810557,45.4313,35.2183,20,14
8.48277428674538,49.4685234806869,45.6943,35.2723,20,14
8.482773813265718,49.468568453267885,45.6502,35.2623,20,14
8.48277333978487,49.46861342584851,33.4367,32.1697,9,14
8.482772866302838,49.46865839842877,32.0257,30.7108,9,14
8.482772392819621,49.46870337100868,31.1301,29.6131,9,14
8.48277191933522,49.468748343588246,27.9645,28.6065,24,14
8.482771445849632,49.46879331616744,27.874,28.608,25,14
8.48277097236286,49.46883828874629,29.3183,28.7343,9,14
8.482770498874906,49.468883261324784,29.9431,29.0691,9,14
8.482770025385765,49.46892823390292,30.337,29.223,9,14
8.48276955189544,49.46897320648069,30.506,29.457,9,14
8.48276907840393,49.469018179058125,38.4239,31.3689,9,14
8.482768604911236,49.46906315163521,38.2061,31.4161,9,14
8.482768131417357,49.46910812421192,37.7634,31.0974,9,14
8.482767657922293,49.46915309678828,37.7697,30.8067,9,14
8.482767184426045,49.4691980693643,28.8484,29.4114,25,14
8.482766710928612,49.46924304193994,36.1691,29.2841,9,14
8.482766237429995,49.46928801451525,29.1805,29.7735,24,14
8.482765763930193,49.46933298709019,39.8093,31.9933,22,14
8.482765290429205,49.469377959664776,45.6709,35.261,20,14
8.482764816927034,49.46942293223901,45.4531,35.2761,20,14
8.482764343423678,49.469467904812895,42.2402,34.2292,9,14
8.482763869919138,49.469512877386414,42.5822,35.2903,20,14
8.48276339641341,49.469557849959585,42.9187,35.3087,20,14
8.4827629229065,49.46960282253241,35.0783,33.8253,20,14
8.482762449398406,49.46964779510486,35.1513,33.8344,20,14
8.482761975889126,49.469692767676975,35.3119,33.7049,20,14
8.482761502378661,49.469737740248725,43.6697,35.3367,20,14
8.482761028867012,49.46978271282012,34.7809,33.4259,22,14
8.482760555354178,49.46982768539116,34.2503,33.1893,22,14
8.482760081840159,49.469872657961844,33.8384,32.9155,22,14
8.482759608324956,49.469917630532166,41.0379,34.2679,22,14
8.482759134808568,49.469962603102154,41.1673,34.2573,22,14
8.482758661290996,49.47000757567177,41.3692,34.3482,22,14
8.482758187772239,49.47005254824103,41.6981,34.5102,22,14
8.482757714252296,49.47009752080995,42.5318,34.7088,22,14
8.482757240731168,49.47014249337849,43.1896,34.9006,22,14
8.482756767208857,49.4701874659467,44.0178,35.0579,22,14
8.482756293685359,49.47023243851456,44.4197,35.1217,22,14
8.48275582016068,49.47027741108204,44.4145,35.1665,22,14
8.482755346634812,49.470322383649176,43.7152,35.1762,22,14
8.482754873107762,49.47036735621596,42.9264,34.9394,22,14
8.482754399579527,49.47041232878239,35.1304,33.1344,9,14
8.482753926050107,49.47045730134846,35.1534,33.4584,22,14
8.4827534525195,49.470502273914185,35.366,33.625,22,14
8.48275297898771,49.47054724647954,45.6755,35.2516,20,14
8.482752505454737,49.47059221904455,45.5284,35.2744,20,14
8.482752031920578,49.47063719160921,35.0415,33.5905,22,14
8.482751558385234,49.470682164173496,41.0363,34.4983,22,14
8.482751084848704,49.47072713673744,40.0561,33.7651,22,14
8.48275061131099,49.47077210930104,39.2912,32.4122,9,14
8.482847553916194,49.46811903599076,32.2476,30.7926,22,14
8.482847080510354,49.46816400857542,33.0497,31.5958,22,14
8.48284660710333,49.46820898115973,41.6795,33.3765,22,14
8.48284613369512,49.46825395374366,41.1388,33.4029,22,14
8.482845660285726,49.46829892632728,40.4986,33.1876,22,14
8.48284518687515,49.468343898910504,39.4103,32.3824,22,14
8.482844713463386,49.468388871493396,29.3715,29.6355,25,14
8.48284424005044,49.46843384407592,29.858,29.95,25,14
8.482843766636307,49.46847881665809,32.5975,30.1855,9,14
8.482843293220993,49.46852378923991,45.1955,35.2845,20,14
8.48284281980449,49.46856876182138,45.343,35.275,20,14
8.482842346386807,49.46861373440249,34.9319,33.347,22,14
8.482841872967938,49.46865870698324,45.7127,35.2927,20,14
8.482841399547885,49.46870367956363,45.3293,35.2584,20,14
8.482840926126647,49.46874865214368,31.739,30.601,9,14
8.482840452704224,49.46879362472337,29.3536,28.9866,22,14
8.482839979280618,49.468838597302714,30.233,29.492,9,14
8.482839505855827,49.46888356988169,30.2951,29.3681,9,14
8.48283903242985,49.46892854246032,30.4888,29.1338,9,14
8.482838559002689,49.46897351503858,29.4587,29.5427,25,14
8.482838085574345,49.4690184876165,37.9338,30.6358,9,14
8.482837612144817,49.46906346019406,37.8323,30.8573,9,14
8.482837138714101,49.46910843277126,29.2486,29.7086,25,14
8.482836665282202,49.469153405348116,37.1005,29.7955,9,14
8.48283619184912,49.46919837792461,28.9485,29.1765,25,14
8.482835718414853,49.469243350500754,28.5527,29.0737,25,14
8.482835244979402,49.46928832307654,39.7749,31.6469,22,14
8.482834771542764,49.46933329565197,45.5151,35.2641,20,14
8.482834298104944,49.46937826822705,45.6897,35.2697,20,14
8.482833824665938,49.469423240801774,45.662,35.25,20,14
8.482833351225748,49.46946821337614,35.1904,32.8664,9,14
8.482832877784373,49.46951318595014,32.0032,32.0732,25,14
8.482832404341814,49.4695581585238,42.8715,35.3336,20,14
8.48283193089807,49.46960313109711,42.8582,35.3452,20,14
8.482831457453143,49.469648103670046,34.9574,33.8504,20,14
8.48283098400703,49.46969307624265,34.7816,33.8516,20,14
8.482830510559733,49.46973804881489,41.6353,34.6903,22,14
8.48283003711125,49.46978302138677,33.5356,32.8477,22,14
8.482829563661584,49.4698279939583,40.6006,34.1216,22,14
8.482829090210734,49.469872966529465,40.3284,33.9834,22,14
8.482828616758699,49.469917939100284,40.4141,33.9511,22,14
8.482828143305479,49.46996291167075,40.6246,34.0197,22,14
8.482827669851073,49.470007884240864,40.9042,34.1842,22,14
8.482827196395485,49.47005285681062,41.178,34.442,22,14
8.48282672293871,49.47009782938001,42.4928,34.7668,22,14
8.482826249480754,49.470142801949045,44.0111,35.0761,22,14
8.48282577602161,49.47018777451773,45.7171,35.3051,20,14
8.482825302561283,49.47023274708607,45.7089,35.2899,20,14
8.48282482909977,49.47027771965406,45.5424,35.2734,20,14
8.482824355637074,49.47032269222167,45.671,35.364,20,14
8.482823882173191,49.470367664788945,42.6841,34.4661,9,14
8.482823408708127,49.47041263735586,33.6092,32.0992,9,14
8.482822935241876,49.47045760992242,34.5283,32.9963,22,14
8.48282246177444,49.47050258248862,35.0005,33.3895,22,14
8.48282198830582,49.47054755505448,45.508,35.242,20,14
8.482821514836017,49.47059252761997,45.6877,35.2687,20,14
8.482821041365026,49.47063750018512,45.5809,35.2929,20,14
8.482820567892853,49.470682472749886,41.951,34.639,22,14
8.482820094419495,49.470727445314324,40.4797,33.7957,22,14
8.482819620944953,49.47077241787841,39.2559,32.2979,22,14
8.48291655982453,49.46811934449823,32.2473,31.0113,22,14
8.482916086481849,49.46816431708338,42.3931,33.2281,22,14
8.482915613137987,49.46820928966816,42.3125,33.4305,22,14
8.48291513979294,49.4682542622526,41.2746,33.3966,22,14
8.482914666446709,49.468299234836685,40.5155,33.1975,22,14
8.482914193099294,49.4683442074204,39.759,32.713,22,14
8.482913719750693,49.468389180003776,38.2135,31.3965,22,14
8.482913246400908,49.468434152586795,29.2911,29.5641,24,14
8.48291277304994,49.468479125169445,29.0984,29.1094,24,14
8.482912299697787,49.46852409775176,29.1056,28.8556,24,14
8.48291182634445,49.46856907033371,45.7033,35.2873,20,14
8.482911352989928,49.4686140429153,45.6847,35.2777,20,14
8.482910879634224,49.46865901549654,45.6923,35.2703,20,14
8.482910406277334,49.46870398807743,45.5355,35.2556,20,14
8.48290993291926,49.46874896065796,33.0213,31.5813,22,14
8.482909459560002,49.46879393323814,29.2985,29.9345,25,14
8.482908986199558,49.46883890581796,36.6877,30.5508,22,14
8.48290851283793,49.46888387839743,29.2524,29.6304,25,14
8.48290803947512,49.46892885097653,29.2025,29.3935,25,14
8.482907566111123,49.46897382355529,28.9705,29.0945,25,14
8.482907092745943,49.469018796133696,28.9431,29.2841,25,14
8.482906619379579,49.46906376871175,36.5646,29.7546,9,14
8.48290614601203,49.46910874128944,28.7271,29.3431,25,14
8.482905672643296,49.46915371386678,28.6124,29.2794,25,14
8.482905199273379,49.46919868644377,28.5724,29.0454,25,14
8.482904725902277,49.469243659020385,28.4836,29.1886,25,14
8.482904252529991,49.46928863159666,31.7267,30.9326,22,14
8.482903779156521,49.469333604172576,42.3948,34.4138,22,14
8.482903305781866,49.469378576748134,45.4409,35.2659,20,14
8.482902832406028,49.469423549323345,45.6923,35.2713,20,14
8.482902359029003,49.469468521898214,45.3897,35.3457,20,14
8.482901885650795,49.46951349447271,31.1039,31.3599,25,14
8.482901412271403,49.469558467046845,42.3918,35.2528,20,14
8.482900938890827,49.46960343962065,42.6306,35.3176,20,14
8.482900465509065,49.46964841219408,42.3698,35.3578,20,14
8.482899992126118,49.46969338476716,40.8106,34.4166,22,14
8.482899518741988,49.469738357339885,40.1655,34.0235,22,14
8.482899045356675,49.46978332991225,39.7853,33.7974,22,14
8.482898571970177,49.46982830248427,39.7594,33.6645,22,14
8.482898098582492,49.469873275055924,39.7905,33.6136,22,14
8.482897625193626,49.46991824762722,39.892,33.652,22,14
8.482897151803574,49.469963220198174,40.1671,33.7851,22,14
8.482896678412336,49.47000819276877,40.4212,34.0232,22,14
8.482896205019916,49.47005316533901,40.8309,34.3999,22,14
8.48289573162631,49.470098137908906,43.4437,34.9427,22,14
8.482895258231522,49.47014311047842,45.7346,35.3126,20,14
8.482894784835548,49.470188083047596,45.7149,35.2929,20,14
8.48289431143839,49.47023305561642,45.2338,35.2688,20,14
8.482893838040045,49.47027802818489,36.2666,33.6917,9,14
8.48289336464052,49.470323000753,45.4795,35.2336,20,14
8.482892891239807,49.47036797332076,43.5629,34.5149,9,14
8.482892417837911,49.47041294588816,39.9625,33.0735,9,14
8.48289194443483,49.4704579184552,41.2308,33.9968,22,14
8.482891471030564,49.47050289102191,42.0082,34.5122,22,14
8.482890997625116,49.47054786358824,43.8086,35.0106,22,14
8.48289052421848,49.47059283615422,45.6817,35.2657,20,14
8.482890050810662,49.47063780871984,45.49,35.292,20,14
8.482889577401659,49.47068278128512,34.6008,33.2598,22,14
8.482889103991472,49.470727753850035,40.3812,33.8482,22,14
8.4828886305801,49.47077272641459,38.8861,32.3792,9,14
8.482985565734046,49.46811965296452,40.5965,32.6385,22,14
8.48298509245453,49.46816462555016,41.6229,33.2659,22,14
8.482984619173829,49.46820959813543,41.6137,33.4107,22,14
8.482984145891944,49.46825457072035,41.2021,33.3551,22,14
8.482983672608874,49.46829954330492,40.4956,33.1666,22,14
8.482983199324622,49.46834451588913,40.0412,32.9042,22,14
8.482982726039184,49.468389488472994,39.2542,32.3472,22,14
8.482982252752562,49.46843446105649,38.0235,31.2875,22,14
8.482981779464756,49.46847943363963,29.3805,29.3185,24,14
8.482981306175768,49.46852440622243,26.8827,27.0497,25,14
8.482980832885593,49.46856937880487,45.7027,35.2977,20,14
8.482980359594235,49.46861435138695,45.7082,35.2892,20,14
8.482979886301694,49.46865932396869,45.6928,35.2818,20,14
8.482979413007968,49.46870429655005,45.7008,35.2748,20,14
8.482978939713057,49.46874926913108,45.4097,35.2727,20,14
8.482978466416961,49.46879424171174,33.1017,31.3108,9,14
8.482977993119684,49.46883921429204,38.835,31.889,9,14
8.48297751982122,49.468884186871996,28.8784,29.4954,24,14
8.482977046521572,49.468929159451605,28.6602,28.9722,25,14
8.482976573220743,49.468974132030844,28.8499,29.1009,25,14
8.482976099918726,49.469019104609735,28.5913,29.1043,25,14
8.482975626615527,49.46906407718827,28.3461,29.1981,25,14
8.482975153311143,49.46910904976644,28.1969,29.0669,25,14
8.482974680005576,49.46915402234427,35.9964,29.4264,9,14
8.482974206698824,49.46919899492175,28.7943,29.3523,24,14
8.482973733390885,49.46924396749886,29.107,29.645,24,14
8.482973260081767,49.469288940075614,32.616,31.554,22,14
8.482972786771462,49.469333912652026,41.9241,34.3871,22,14
8.482972313459973,49.46937888522807,43.8597,34.7968,9,14
8.4829718401473,49.469423857803775,45.7161,35.3041,20,14
8.482971366833443,49.469468830379114,45.5975,35.2735,20,14
8.4829708935184,49.4695138029541,32.4784,31.6894,22,14
8.482970420202175,49.469558775528725,33.428,32.3661,9,14
8.482969946884765,49.46960374810301,40.8379,34.1019,22,14
8.48296947356617,49.46964872067693,40.4605,34.0565,22,14
8.482969000246392,49.46969369325049,39.9144,33.7604,22,14
8.48296852692543,49.46973866582371,39.4676,33.5376,22,14
8.482968053603283,49.469783638396564,39.2315,33.3725,22,14
8.482967580279952,49.46982861096906,39.1247,33.2537,22,14
8.482967106955435,49.46987358354121,39.2276,33.2046,22,14
8.482966633629736,49.469918556112994,39.3649,33.2709,22,14
8.482966160302853,49.46996352868443,39.6461,33.4761,22,14
8.482965686974785,49.47000850125551,39.9915,33.7945,22,14
8.482965213645533,49.470053473826255,40.7296,34.2796,22,14
8.482964740315095,49.47009844639663,45.7407,35.3267,20,14
8.482964266983474,49.47014341896663,45.7275,35.3095,20,14
8.482963793650669,49.4701883915363,44.5177,35.2827,20,14
8.48296332031668,49.4702333641056,35.9701,33.5621,9,14
8.482962846981506,49.47027833667456,35.8461,33.4921,9,14
8.48296237364515,49.470323309243156,45.7951,35.3871,20,14
8.482961900307606,49.4703682818114,45.574,35.334,20,14
8.48296142696888,49.47041325437929,40.0045,32.9565,9,14
8.482960953628968,49.470458226946825,40.3956,33.3716,22,14
8.482960480287874,49.470503199514006,41.233,33.9351,22,14
8.482960006945593,49.470548172080825,42.4786,34.5136,22,14
8.48295953360213,49.4705931446473,45.6822,35.2652,20,14
8.482959060257482,49.47063811721341,45.5466,35.2916,20,14
8.48295858691165,49.47068308977918,34.7464,33.3044,22,14
8.482958113564633,49.470728062344584,40.4821,33.9071,22,14
8.482957640216432,49.47077303490963,38.7258,32.7678,22,14
8.483054571644749,49.46811996138965,32.5681,31.6182,22,14
8.483054098428394,49.468164933975764,40.8958,33.3278,22,14
8.483053625210854,49.468209906561526,40.811,33.33,22,14
8.48305315199213,49.46825487914693,40.6542,33.2202,22,14
8.483052678772225,49.468299851732,40.5097,32.9427,9,14
8.483052205551134,49.468344824316695,40.0452,32.8792,22,14
8.483051732328859,49.46838979690104,39.5358,32.5228,22,14
8.4830512591054,49.46843476948503,38.3861,31.5881,22,14
8.483050785880758,49.46847974206866,29.0154,29.0334,25,14
8.48305031265493,49.46852471465195,28.2926,28.3166,25,14
8.48304983942792,49.468569687234876,45.1917,35.3037,20,14
8.483049366199726,49.46861465981744,45.7068,35.2998,20,14
8.483048892970347,49.46865963239966,45.7166,35.2936,20,14
8.483048419739784,49.46870460498151,45.7012,35.2863,20,14
8.483047946508037,49.46874957756302,45.6866,35.2786,20,14
8.483047473275107,49.468794550144175,45.5074,35.2994,20,14
8.483047000040992,49.46883952272498,41.3074,33.6974,22,14
8.483046526805694,49.4688844953054,38.312,31.425,9,14
8.483046053569211,49.4689294678855,28.8438,29.1678,24,14
8.483045580331543,49.46897444046522,28.3302,29.0012,25,14
8.483045107092694,49.4690194130446,28.2607,29.1187,25,14
8.483044633852659,49.469064385623625,29.9527,29.1057,9,14
8.48304416061144,49.46910935820228,38.1181,31.7162,22,14
8.483043687369037,49.469154330780604,38.5231,32.2041,22,14
8.483043214125452,49.46919930335856,39.4428,32.5839,22,14
8.48304274088068,49.469244275936155,33.2701,31.7141,22,14
8.483042267634726,49.469289248513405,45.5672,35.2802,20,14
8.483041794387587,49.4693342210903,44.077,35.0031,22,14
8.483041321139265,49.46937919366684,43.1377,34.8138,9,14
8.483040847889757,49.46942416624302,45.4484,35.2774,20,14
8.483040374639065,49.46946913881885,43.9253,35.3313,20,14
8.48303990138719,49.469514111394325,32.984,31.619,9,14
8.483039428134132,49.46955908396944,39.6457,33.3497,22,14
8.483038954879888,49.4696040565442,39.6278,33.4628,22,14
8.483038481624462,49.46964902911861,39.4657,33.4027,22,14
8.48303800836785,49.46969400169267,39.1736,33.2317,22,14
8.483037535110055,49.46973897426637,38.92,33.047,22,14
8.483037061851075,49.469783946839705,38.6211,32.8941,22,14
8.483036588590911,49.46982891941269,38.4917,32.7337,22,14
8.483036115329563,49.46987389198533,38.628,32.59,22,14
8.483035642067033,49.469918864557606,38.8196,32.6227,22,14
8.483035168803315,49.46996383712953,38.9941,32.8831,22,14
8.483034695538418,49.4700088097011,39.4207,33.3737,22,14
8.483034222272332,49.470053782272316,40.3004,33.6264,9,14
8.483033749005065,49.47009875484317,45.7463,35.3313,20,14
8.483033275736613,49.47014372741367,45.5303,35.3113,20,14
8.483032802466974,49.47018869998382,35.8109,33.7559,22,14
8.483032329196156,49.470233672553626,35.361,33.315,9,14
8.48303185592415,49.47027864512307,35.4366,33.1956,9,14
8.483031382650962,49.47032361769215,45.5025,35.3375,20,14
8.48303090937659,49.47036859026088,45.3795,35.3025,20,14
8.483030436101034,49.47041356282924,32.0335,31.3415,25,14
8.483029962824292,49.47045853539727,39.3119,31.9819,9,14
8.483029489546366,49.47050350796494,40.2963,32.8153,9,14
8.483029016267256,49.47054848053225,41.2678,33.2148,22,14
8.483028542986963,49.47059345309921,45.6839,35.2659,20,14
8.483028069705485,49.47063842566582,45.6197,35.2917,20,14
8.483027596422824,49.470683398232055,34.8307,33.2957,22,14
8.483027123138978,49.47072837079794,40.7931,33.6911,22,14
8.483026649853947,49.47077334336348,38.8213,31.8383,22,14
8.483123577556634,49.468120269773614,40.6614,33.3944,22,14
8.483123104403441,49.468165242360215,40.5536,33.3146,22,14
8.483122631249064,49.46821021494647,40.1885,33.1405,22,14
8.483122158093503,49.468255187532364,40.0825,33.0165,22,14
8.483121684936759,49.46830016011791,40.1512,32.7672,9,14
8.48312121177883,49.4683451327031,39.7644,32.7204,22,14
8.483120738619718,49.468390105287924,39.5339,32.446,22,14
8.483120265459423,49.4684350778724,38.7002,31.6362,22,14
8.483119792297943,49.46848005045651,29.4888,29.5318,24,14
8.483119319135279,49.46852502304029,28.8275,28.8815,25,14
8.48311884597143,49.4685699956237,27.0813,27.0243,25,14
8.4831183728064,49.46861496820675,45.4303,35.3083,20,14
8.483117899640185,49.46865994078946,45.5083,35.3043,20,14
8.483117426472786,49.46870491337181,45.704,35.298,20,14
8.483116953304204,49.4687498859538,45.7104,35.2904,20,14
8.483116480134436,49.46879485853543,45.6928,35.2818,20,14
8.483116006963485,49.468839831116725,45.4711,35.3011,20,14
8.48311553379135,49.46888480369765,40.627,32.916,22,14
8.483115060618033,49.46892977627822,29.0326,29.6006,25,14
8.48311458744353,49.468974748858436,30.1849,29.6509,22,14
8.483114114267845,49.46901972143831,30.9424,30.1474,9,14
8.483113641090977,49.4690646940178,39.068,32.584,22,14
8.483113167912922,49.46910966659696,40.0147,33.2797,22,14
8.483112694733684,49.46915463917576,41.3881,33.6981,9,14
8.483112221553263,49.469199611754206,42.2557,34.3507,22,14
8.483111748371659,49.46924458433229,45.6421,35.2241,20,14
8.483111275188868,49.469289556910034,45.6939,35.2819,20,14
8.483110802004896,49.469334529487405,45.5981,35.2931,20,14
8.48311032881974,49.46937950206443,41.9136,34.4416,9,14
8.483109855633398,49.469424474641094,42.0823,34.1723,9,14
8.483109382445873,49.46946944721742,33.1974,31.6114,9,14
8.483108909257165,49.46951441979337,30.6694,30.9414,24,14
8.483108436067273,49.469559392368986,38.6544,32.6914,22,14
8.483107962876197,49.46960436494423,38.9133,33.0073,22,14
8.483107489683936,49.46964933751912,38.8402,32.9602,22,14
8.483107016490491,49.46969431009367,38.6284,32.7735,22,14
8.483106543295865,49.46973928266785,38.4256,32.5326,22,14
8.483106070100051,49.469784255241684,38.1286,32.4016,22,14
8.483105596903057,49.46982922781516,37.8359,32.136,22,14
8.483105123704876,49.469874200388276,38.0409,31.6349,22,14
8.483104650505513,49.469919172961035,38.0311,31.5201,22,14
8.483104177304964,49.46996414553345,38.0235,31.7775,22,14
8.483103704103232,49.47000911810551,38.8058,32.8098,22,14
8.483103230900317,49.470054090677216,40.2676,33.8486,22,14
8.483102757696217,49.47009906324857,45.5027,35.3397,20,14
8.483102284490935,49.470144035819544,45.7257,35.3197,20,14
8.483101811284467,49.470189008390186,45.5773,35.2903,20,14
8.483101338076816,49.470233980960465,34.945,33.327,22,14
8.483100864867978,49.470278953530396,34.0434,32.8694,22,14
8.483100391657961,49.47032392609997,40.7343,33.6423,9,14
8.483099918446756,49.47036889866919,41.0504,33.5444,9,14
8.483099445234371,49.47041387123804,39.3863,31.8943,9,14
8.483098972020798,49.470458843806554,38.782,31.54,9,14
8.483098498806042,49.47050381637471,39.0203,31.1283,9,14
8.483098025590104,49.47054878894251,29.8633,29.9733,24,14
8.48309755237298,49.47059376150996,45.6915,35.2705,20,14
8.483097079154673,49.47063873407704,45.5274,35.2914,20,14
8.483096605935183,49.470683706643776,34.9541,33.3571,22,14
8.483096132714508,49.47072867921015,40.7008,33.3748,22,14
8.483095659492648,49.47077365177617,31.4733,31.7083,24,14
8.483192583469704,49.46812057811641,40.7469,33.6669,22,14
8.483192110379672,49.468165550703496,40.1498,33.1628,22,14
8.483191637288458,49.46821052329024,39.2469,32.5399,22,14
8.48319116419606,49.468255495876626,39.3443,32.5973,22,14
8.483190691102477,49.46830046846266,39.4015,32.5805,22,14
8.48319021800771,49.46834544104832,39.552,32.298,9,14
8.48318974491176,49.46839041363364,39.1439,32.0459,22,14
8.483189271814627,49.4684353862186,38.6738,31.1738,22,14
8.483188798716311,49.46848035880321,29.3393,29.5673,24,14
8.48318832561681,49.46852533138747,29.0212,29.1852,24,14
8.483187852516126,49.468570303971376,28.172,28.908,25,14
8.483187379414257,49.468615276554914,31.0607,29.8537,9,14
8.483186906311206,49.4686602491381,33.4276,31.8106,9,14
8.48318643320697,49.46870522172093,45.3526,35.2047,20,14
8.483185960101551,49.46875019430341,45.7133,35.3023,20,14
8.483185486994948,49.468795166885535,45.6975,35.2945,20,14
8.483185013887162,49.468840139467304,45.7007,35.2857,20,14
8.483184540778192,49.468885112048724,45.4622,35.2932,20,14
8.48318406766804,49.46893008462978,41.1719,33.0879,22,14
8.483183594556701,49.468975057210486,33.4598,31.6949,9,14
8.483183121444181,49.46902002979083,39.5799,33.0089,9,14
8.483182648330477,49.46906500237083,41.7867,34.0038,22,14
8.483182175215587,49.46910997495047,42.4542,34.5202,22,14
8.483181702099515,49.46915494752976,45.657,35.242,20,14
8.483181228982259,49.46919992010869,45.6945,35.2825,20,14
8.48318075586382,49.46924489268726,45.7114,35.2914,20,14
8.483180282744197,49.46928986526548,45.7113,35.3013,20,14
8.483179809623389,49.46933483784335,44.4878,35.3118,20,14
8.483179336501397,49.46937981042085,34.2797,33.0687,22,14
8.483178863378223,49.469424782998026,41.0903,34.1223,22,14
8.483178390253865,49.46946975557482,40.2169,33.4839,22,14
8.483177917128323,49.46951472815126,39.0446,32.7346,22,14
8.483177444001598,49.46955970072736,31.5628,31.3428,22,14
8.483176970873687,49.46960467330309,38.7753,32.8103,22,14
8.483176497744594,49.46964964587847,38.5106,32.6436,22,14
8.483176024614318,49.4696946184535,38.1235,32.3485,22,14
8.483175551482855,49.46973959102818,38.0584,31.8184,22,14
8.483175078350213,49.46978456360249,37.4792,31.8013,22,14
8.483174605216384,49.46982953617645,36.8457,31.2208,22,14
8.483174132081372,49.46987450875007,28.4611,28.9161,25,14
8.483173658945176,49.46991948132331,27.8337,28.4517,25,14
8.483173185807795,49.46996445389621,27.6156,28.5336,25,14
8.483172712669234,49.47000942646875,37.5907,31.7448,22,14
8.483172239529486,49.47005439904095,39.5958,33.4118,22,14
8.483171766388555,49.470099371612775,42.5324,34.7144,22,14
8.48317129324644,49.47014434418424,45.7312,35.3322,20,14
8.483170820103142,49.47018931675537,45.6049,35.3049,20,14
8.483170346958659,49.47023428932614,35.4559,33.3069,9,14
8.483169873812992,49.47027926189656,41.4309,34.3209,22,14
8.483169400666142,49.470324234466624,41.0887,33.7087,9,14
8.483168927518108,49.47036920703632,41.0784,33.5654,9,14
8.483168454368892,49.47041417960567,39.3801,32.0141,9,14
8.48316798121849,49.47045915217467,29.9581,30.3881,25,14
8.483167508066904,49.470504124743314,30.234,30.269,25,14
8.483167034914134,49.47054909731159,29.6496,29.7406,25,14
8.483166561760182,49.470594069879525,45.5392,35.2662,20,14
8.483166088605046,49.470639042447104,45.7101,35.2901,20,14
8.483165615448724,49.470684015014314,45.5204,35.3114,20,14
8.48316514229122,49.47072898758118,42.8696,34.5117,22,14
8.483164669132531,49.47077396014769,42.0628,33.7849,22,14
8.483261589383957,49.46812088641804,41.0601,33.9962,22,14
8.483261116357088,49.46816585900562,39.6989,32.8069,22,14
8.483260643329034,49.468210831592835,29.9004,30.3444,24,14
8.483260170299797,49.468255804179705,37.9839,31.6129,22,14
8.483259697269377,49.46830077676624,38.6422,32.0322,22,14
8.483259224237774,49.46834574935239,38.5246,31.6236,22,14
8.483258751204987,49.468390721938185,38.5307,30.9437,9,14
8.483258278171016,49.46843569452365,29.1721,29.1631,24,14
8.483257805135862,49.468480667108736,37.5563,30.3513,22,14
8.483257332099525,49.468525639693475,29.1473,29.3863,24,14
8.483256859062005,49.46857061227787,28.5691,27.5021,9,14
8.4832563860233,49.468615584861894,28.0255,28.6715,25,14
8.483255912983411,49.468660557445574,30.4032,29.1982,9,14
8.483255439942338,49.46870553002889,32.9648,31.1818,9,14
8.483254966900084,49.468750502611854,45.4769,35.3859,20,14
8.483254493856647,49.46879547519446,45.7212,35.3073,20,14
8.483254020812023,49.46884044777673,45.7068,35.2998,20,14
8.483253547766218,49.468885420358625,45.713,35.292,20,14
8.483253074719228,49.46893039294019,45.6884,35.2794,20,14
8.483252601671055,49.468975365521366,45.5656,35.2316,20,14
8.4832521286217,49.469020338102204,42.1117,34.6567,22,14
8.48325165557116,49.46906531068268,45.6827,35.2767,20,14
8.483251182519435,49.46911028326281,45.6937,35.2827,20,14
8.48325070946653,49.46915525584259,45.7126,35.2926,20,14
8.483250236412438,49.469200228422004,45.7146,35.3036,20,14
8.483249763357165,49.46924520100106,45.7159,35.3139,20,14
8.483249290300707,49.46929017357977,44.749,35.323,20,14
8.483248817243066,49.46933514615812,35.0386,33.4456,22,14
8.48324834418424,49.46938011873612,34.0471,32.8932,22,14
8.483247871124233,49.46942509131376,33.3859,32.473,22,14
8.48324739806304,49.46947006389105,40.1805,33.5066,22,14
8.483246925000664,49.469515036467975,39.4006,33.0816,22,14
8.483246451937106,49.469560009044564,39.0613,32.8533,22,14
8.483245978872363,49.46960498162078,38.6661,32.6591,22,14
8.483245505806437,49.469649954196655,38.3708,32.4178,22,14
8.483245032739326,49.46969492677218,37.5736,31.7306,22,14
8.483244559671032,49.46973989934733,29.0059,29.4649,25,14
8.483244086601557,49.46978487192213,36.9221,30.7921,22,14
8.483243613530895,49.46982984449659,36.8595,30.4495,22,14
8.48324314045905,49.46987481707067,28.2188,28.4538,25,14
8.483242667386023,49.469919789644415,27.8831,28.3411,25,14
8.48324219431181,49.469964762217785,27.4444,28.2964,26,14
8.483241721236416,49.47000973479083,29.5875,29.4195,22,14
8.483241248159837,49.47005470736351,38.8052,32.8172,22,14
8.483240775082075,49.47009967993583,41.0218,34.2558,22,14
8.483240302003129,49.47014465250779,45.7553,35.3453,20,14
8.483239828922999,49.47018962507939,45.6674,35.3204,20,14
8.483239355841686,49.47023459765065,35.4879,33.5219,22,14
8.48323888275919,49.47027957022156,35.0367,32.9657,9,14
8.483238409675508,49.470324542792106,43.0244,34.3114,9,14
8.483237936590644,49.47036951536229,44.1388,35.2408,20,14
8.483237463504596,49.47041448793213,41.2674,33.4664,22,14
8.483236990417366,49.470459460501615,38.6775,30.7115,9,14
8.48323651732895,49.47050443307073,30.7326,30.6606,24,14
8.48323604423935,49.47054940563952,30.3363,30.5823,25,14
8.483235571148567,49.47059437820792,41.6058,33.0658,22,14
8.4832350980566,49.470639350776,45.7054,35.2885,20,14
8.483234624963451,49.47068432334369,45.4868,35.3108,20,14
8.483234151869118,49.47072929591104,34.9588,33.3448,22,14
8.483233678773601,49.470774268478046,41.3483,34.3363,22,14
8.483330595299394,49.46812119467851,42.5015,34.3645,9,14
8.483330122335687,49.468166167266574,39.843,32.808,22,14
8.483329649370795,49.468211139854276,29.3204,29.7814,25,14
8.483329176404721,49.46825611244163,29.6325,30.0215,24,14
8.483328703437463,49.46830108502864,37.8535,31.1175,22,14
8.48332823046902,49.46834605761528,29.3512,29.5522,24,14
8.483327757499397,49.46839103020157,29.0795,29.1955,25,14
8.48332728452859,49.46843600278751,29.2138,29.1078,25,14
8.483326811556598,49.46848097537309,30.2957,29.5207,22,14
8.483326338583423,49.46852594795832,38.13,30.82,22,14
8.483325865609064,49.46857092054321,29.0363,29.0533,24,14
8.483325392633525,49.468615893127705,28.3181,28.5501,25,14
8.4833249196568,49.46866086571188,28.1092,28.4862,25,14
8.48332444667889,49.46870583829568,28.1281,28.7621,25,14
8.4833239736998,49.468750810879136,32.7905,31.1385,9,14
8.483323500719525,49.468795783462234,45.3117,35.2047,20,14
8.483323027738068,49.468840756044976,45.7133,35.3133,20,14
8.483322554755427,49.46888572862736,45.7227,35.3077,20,14
8.4833220817716,49.4689307012094,45.7121,35.3021,20,14
8.483321608786593,49.46897567379107,45.7032,35.2972,20,14
8.483321135800402,49.4690206463724,45.6978,35.2948,20,14
8.483320662813027,49.46906561895338,45.702,35.297,20,14
8.483320189824468,49.46911059153398,45.7168,35.3048,20,14
8.483319716834727,49.46915556411424,45.7199,35.3159,20,14
8.483319243843802,49.46920053669416,45.5437,35.3267,20,14
8.483318770851692,49.4692455092737,44.8802,35.3353,20,14
8.4833182978584,49.46929048185289,35.1829,33.4999,22,14
8.483317824863926,49.46933545443173,34.2784,33.0584,22,14
8.483317351868267,49.4693804270102,33.5832,32.6083,22,14
8.483316878871424,49.46942539958835,33.0555,32.2295,22,14
8.4833164058734,49.46947037216612,39.9736,33.3636,22,14
8.48331593287419,49.46951534474354,39.4021,33.0261,22,14
8.483315459873797,49.4695603173206,38.9738,32.7478,22,14
8.483314986872221,49.46960528989731,38.5675,32.5095,22,14
8.483314513869463,49.46965026247367,38.2661,32.2672,22,14
8.483314040865519,49.46969523504967,37.6067,31.5938,22,14
8.483313567860394,49.469740207625314,29.0855,29.4925,24,14
8.483313094854084,49.4697851802006,28.6068,29.1518,24,14
8.483312621846592,49.46983015277554,28.405,28.625,24,14
8.483312148837914,49.46987512535012,27.9642,28.2072,25,14
8.483311675828054,49.469920097924344,27.9879,28.3929,25,14
8.483311202817012,49.46996507049821,27.8846,28.4016,26,14
8.483310729804783,49.47001004307174,27.7255,28.6235,24,14
8.483310256791373,49.4700550156449,37.9945,32.0905,22,14
8.483309783776779,49.470099988217704,40.4825,33.9366,22,14
8.483309310761003,49.47014496079016,45.7581,35.3581,20,14
8.48330883774404,49.47018993336225,45.7329,35.3349,20,14
8.483308364725897,49.47023490593399,45.6974,35.3084,20,14
8.48330789170657,49.47027987850538,35.6036,33.3506,9,14
8.483307418686058,49.47032485107643,41.7736,34.4186,22,14
8.483306945664362,49.47036982364709,43.0604,34.1075,9,14
8.483306472641484,49.47041479621742,44.383,35.241,20,14
8.483305999617423,49.47045976878738,30.8006,30.6266,25,14
8.483305526592178,49.470504741357,30.849,30.754,25,14
8.483305053565749,49.47054971392625,30.5622,30.8192,25,14
8.483304580538137,49.47059468649516,33.3433,30.9734,9,14
8.48330410750934,49.47063965906371,45.6632,35.2352,20,14
8.48330363447936,49.47068463163189,45.604,35.311,20,14
8.483303161448198,49.47072960419974,34.9374,33.4344,22,14
8.483302688415852,49.47077457676723,40.6142,34.2532,22,14
8.483399601216014,49.46812150289781,45.4759,35.2459,20,14
8.483399128315469,49.46816647548636,40.8724,33.1364,22,14
8.48339865541374,49.468211448074555,28.8134,29.4774,25,14
8.483398182510827,49.4682564206624,28.5662,29.2812,25,14
8.48339770960673,49.4683013932499,29.1477,29.0977,22,14
8.483397236701451,49.46834636583702,36.969,29.868,22,14
8.48339676379499,49.4683913384238,29.4861,29.5161,24,14
8.483396290887345,49.46843631101022,29.4555,29.2905,25,14
8.483395817978517,49.4684812835963,30.6804,29.7504,22,14
8.483395345068505,49.468526256182,39.0344,31.2734,22,14
8.48339487215731,49.468571228767374,29.3091,29.2521,25,14
8.483394399244933,49.46861620135237,28.8769,28.9189,24,14
8.483393926331372,49.46866117393701,28.387,28.651,25,14
8.483393453416626,49.468706146521306,27.9041,28.5881,25,14
8.4833929805007,49.46875111910525,30.2992,29.2182,9,14
8.48339250758359,49.46879609168883,33.0829,31.3839,9,14
8.483392034665295,49.46884106427206,45.699,35.295,20,14
8.483391561745817,49.46888603685494,45.7295,35.3215,20,14
8.483391088825158,49.46893100943746,45.7236,35.3186,20,14
8.483390615903314,49.46897598201962,45.7211,35.3161,20,14
8.483390142980287,49.469020954601426,45.7188,35.3158,20,14
8.483389670056077,49.46906592718288,45.7257,35.3197,20,14
8.483389197130684,49.469110899763976,45.562,35.328,20,14
8.483388724204108,49.46915587234474,44.7789,35.3379,20,14
8.483388251276349,49.469200844925126,35.5323,33.6374,22,14
8.483387778347405,49.46924581750516,35.1017,33.4647,22,14
8.48338730541728,49.46929079008484,34.3875,33.0795,22,14
8.48338683248597,49.46933576266417,33.6994,32.6864,22,14
8.483386359553478,49.469380735243135,33.1383,32.2973,22,14
8.4833858866198,49.469425707821756,40.1895,33.4055,22,14
8.48338541368494,49.46947068040002,39.7915,33.1395,22,14
8.483384940748898,49.46951565297791,39.3791,32.8761,22,14
8.483384467811673,49.46956062555548,38.9195,32.5576,22,14
8.483383994873265,49.46960559813267,38.205,32.023,22,14
8.483383521933671,49.46965057070951,38.086,32.013,22,14
8.483383048992897,49.469695543286,37.9804,31.6404,22,14
8.483382576050937,49.469740515862135,37.6968,30.6218,22,14
8.483382103107795,49.46978548843791,29.0686,28.5996,22,14
8.48338163016347,49.46983046101332,28.5993,28.6503,24,14
8.483381157217961,49.4698754335884,28.088,28.326,25,14
8.48338068427127,49.469920406163105,26.2562,26.9502,25,14
8.483380211323393,49.46996537873747,27.913,28.597,26,14
8.483379738374333,49.47001035131148,25.8805,27.3765,24,14
8.483379265424093,49.47005532388512,30.6217,30.4177,22,14
8.483378792472667,49.47010029645842,40.4782,33.7682,22,14
8.483378319520058,49.47014526903135,45.4761,35.3361,20,14
8.483377846566267,49.470190241603945,45.7624,35.3494,20,14
8.483377373611292,49.470235214176164,45.7343,35.3233,20,14
8.483376900655133,49.47028018674804,45.5234,35.2974,20,14
8.48337642769779,49.47032515931956,42.5947,34.4547,9,14
8.483375954739264,49.470370131890725,40.45,32.8091,9,14
8.483375481779557,49.47041510446153,31.1915,31.3695,24,14
8.483375008818665,49.47046007703199,30.773,30.744,25,14
8.48337453585659,49.47050504960209,31.026,30.802,25,14
8.483374062893331,49.470550022171835,30.8579,30.9689,25,14
8.48337358992889,49.47059499474123,40.737,31.306,9,14
8.483373116963262,49.470639967310255,45.6467,35.2167,20,14
8.483372643996454,49.47068493987893,45.547,35.313,20,14
8.483372171028462,49.470729912447254,35.2038,33.5708,22,14
8.483371698059287,49.47077488501523,40.7918,34.3658,22,14
8.483468607133819,49.46812181107594,45.6363,35.2834,20,14
8.483468134296434,49.46816678366498,34.1793,32.5313,9,14
8.483467661457867,49.46821175625366,38.3004,31.9334,22,14
8.483467188618116,49.46825672884199,36.7675,29.5605,9,14
8.483466715777181,49.46830170142998,28.9156,29.2326,25,14
8.483466242935068,49.46834667401758,29.3999,29.6819,24,14
8.483465770091767,49.46839164660485,38.1574,30.9554,22,14
8.483465297247285,49.46843661919176,30.6962,29.7262,22,14
8.483464824401619,49.468481591778314,31.1903,29.7423,9,14
8.48346435155477,49.46852656436452,39.6042,31.6212,22,14
8.483463878706738,49.46857153695037,39.2372,31.1142,22,14
8.483463405857524,49.468616509535856,29.6196,29.5776,25,14
8.483462933007127,49.46866148212099,29.1978,29.2038,24,14
8.483462460155547,49.46870645470576,28.6406,28.8026,25,14
8.483461987302782,49.468751427290194,28.5503,28.7853,25,14
8.483461514448836,49.468796399874265,29.8737,29.7277,24,14
8.483461041593706,49.46884137245799,45.4665,35.3385,20,14
8.483460568737392,49.46888634504135,45.7297,35.3317,20,14
8.483460095879897,49.468931317624346,45.7485,35.3315,20,14
8.483459623021218,49.468976290207,45.7297,35.3318,20,14
8.483459150161357,49.4690212627893,45.7315,35.3335,20,14
8.48345867730031,49.469066235371244,44.4543,35.3383,20,14
8.483458204438083,49.46911120795282,35.4752,33.6372,22,14
8.483457731574672,49.46915618053405,35.1998,33.5279,22,14
8.483457258710077,49.46920115311494,34.6498,33.2508,22,14
8.4834567858443,49.469246125695456,34.2965,33.0025,22,14
8.483456312977339,49.469291098275626,33.8143,32.6993,22,14
8.483455840109196,49.46933607085544,33.2989,32.362,22,14
8.48345536723987,49.46938104343489,40.2012,33.3942,22,14
8.483454894369359,49.46942601601399,39.468,32.79,22,14
8.483454421497667,49.46947098859274,39.5396,32.8776,22,14
8.48345394862479,49.46951596117114,39.3876,32.7397,22,14
8.483453475750732,49.46956093374918,38.6441,32.1392,22,14
8.483453002875489,49.46960590632686,29.5884,30.1244,25,14
8.483452529999065,49.46965087890418,37.7273,31.2193,9,14
8.483452057121456,49.46969585148116,37.7883,30.8434,22,14
8.483451584242664,49.469740824057794,28.5746,28.7006,24,14
8.48345111136269,49.469785796634035,28.7252,28.8082,24,14
8.483450638481532,49.469830769209956,28.8028,28.7668,24,14
8.483450165599189,49.46987574178551,28.2798,28.6528,25,14
8.483449692715666,49.469920714360704,27.9597,28.4957,25,14
8.483449219830959,49.46996568693555,27.601,28.566,25,14
8.483448746945069,49.470010659510045,28.0929,27.7879,23,14
8.483448274057995,49.47005563208418,30.4888,30.2858,22,14
8.483447801169739,49.470100604657965,39.8827,33.3647,22,14
8.483447328280299,49.470145577231385,42.2892,34.6142,22,14
8.483446855389676,49.47019054980446,45.7705,35.3645,20,14
8.483446382497869,49.47023552237718,45.7451,35.3391,20,14
8.48344590960488,49.470280494949534,45.7291,35.3111,20,14
8.483445436710706,49.47032546752153,35.4968,33.7849,20,14
8.483444963815352,49.470370440093184,41.5584,33.5935,9,14
8.483444490918814,49.47041541266448,38.7635,31.3915,9,14
8.48344401802109,49.47046038523543,30.6313,30.7963,25,14
8.483443545122185,49.470505357806005,31.0252,30.9252,25,14
8.483443072222096,49.47055033037624,30.9929,31.0819,25,14
8.483442599320824,49.470595302946116,31.7442,30.4312,25,14
8.48344212641837,49.47064027551564,45.4296,35.3166,20,14
8.483441653514731,49.4706852480848,45.7247,35.3188,20,14
8.48344118060991,49.47073022065362,45.5886,35.3347,20,14
8.483440707703906,49.47077519322207,41.6513,34.5263,22,14
8.483537613052805,49.468122119212914,45.6828,35.2768,20,14
8.483537140278582,49.46816709180244,45.3948,35.2208,20,14
8.483536667503177,49.4682120643916,32.8233,31.3803,22,14
8.483536194726588,49.46825703698043,28.9937,29.3407,25,14
8.483535721948817,49.46830200956889,28.9216,29.2006,25,14
8.483535249169863,49.468346982156994,29.3606,29.5916,24,14
8.483534776389726,49.46839195474474,30.2028,29.4808,22,14
8.483534303608407,49.46843692733214,39.0029,31.1809,22,14
8.483533830825904,49.468481899919176,29.5542,29.3072,25,14
8.483533358042218,49.46852687250586,39.5255,30.8425,9,14
8.48353288525735,49.46857184509221,39.6156,31.6606,22,14
8.4835324124713,49.468616817678175,39.221,31.299,22,14
8.483531939684065,49.468661790263795,29.7364,29.7004,25,14
8.483531466895649,49.46870676284905,29.4069,29.4069,24,14
8.483530994106049,49.468751735433976,29.3692,29.4812,24,14
8.483530521315265,49.46879670801853,29.2598,29.6688,24,14
8.4835300485233,49.46884168060273,33.4597,31.5307,9,14
8.483529575730152,49.46888665318659,45.6002,35.2582,20,14
8.483529102935819,49.46893162577008,45.5716,35.3396,20,14
8.483528630140306,49.46897659835321,45.5978,35.3418,20,14
8.483528157343608,49.46902157093599,44.1187,35.3447,20,14
8.483527684545727,49.46906654351842,35.2375,33.3026,9,14
8.483527211746665,49.4691115161005,34.6853,33.2354,22,14
8.48352673894642,49.469156488682216,34.4082,33.0772,22,14
8.48352626614499,49.46920146126358,34.0785,32.8816,22,14
8.483525793342379,49.46924643384459,33.7746,32.6706,22,14
8.483525320538584,49.469291406425235,41.159,33.934,22,14
8.483524847733607,49.46933637900554,40.6399,33.5639,22,14
8.483524374927445,49.46938135158548,39.6119,32.7909,22,14
8.483523902120101,49.46942632416508,31.1961,31.4761,24,14
8.483523429311576,49.46947129674431,39.3279,32.6289,22,14
8.483522956501865,49.469516269323194,39.5725,32.7305,22,14
8.483522483690974,49.46956124190171,38.9062,32.2112,22,14
8.483522010878898,49.46960621447988,30.0402,30.4323,25,14
8.48352153806564,49.4696511870577,37.7233,30.7723,9,14
8.4835210652512,49.469696159635156,29.2529,29.4359,24,14
8.483520592435575,49.46974113221226,28.8212,28.7672,25,14
8.483520119618767,49.469786104789016,28.7996,28.7066,25,14
8.483519646800778,49.46983107736542,28.8199,28.8799,24,14
8.483519173981604,49.469876049941455,28.6637,28.2307,22,14
8.483518701161247,49.469921022517134,28.7344,29.0714,25,14
8.483518228339708,49.469965995092466,28.4277,28.8387,25,14
8.483517755516987,49.47001096766744,28.0425,28.7945,26,14
8.48351728269308,49.47005594024207,37.1862,31.0022,22,14
8.483516809867993,49.470100912816335,39.1893,32.8053,22,14
8.483516337041722,49.47014588539024,41.1123,34.1303,22,14
8.483515864214267,49.47019085796379,45.7818,35.3799,20,14
8.48351539138563,49.470235830537,45.7547,35.3557,20,14
8.483514918555809,49.470280803109844,35.7064,33.8274,20,14
8.483514445724808,49.47032577568233,35.1928,33.7988,20,14
8.483513972892622,49.470370748254474,41.3539,33.982,9,14
8.483513500059251,49.47041572082626,40.1501,32.3071,9,14
8.4835130272247,49.47046069339768,30.5496,30.4556,25,14
8.483512554388964,49.47050566596876,30.5522,30.4252,25,14
8.483512081552044,49.47055063853948,32.1355,29.8035,9,14
8.483511608713943,49.470595611109836,33.2885,31.4645,22,14
8.483511135874659,49.47064058367985,43.4378,34.8429,22,14
8.483510663034192,49.47068555624949,45.7453,35.3293,20,14
8.483510190192542,49.4707305288188,45.5792,35.3422,20,14
8.483509717349706,49.47077550138775,34.6752,33.1622,22,14
8.483606618972974,49.468122427308714,45.6905,35.2695,20,14
8.483606146261913,49.468167399898725,45.4536,35.2866,20,14
8.48360567354967,49.46821237248838,33.8038,31.8279,9,14
8.483605200836243,49.468257345077674,29.2186,29.5916,24,14
8.483604728121634,49.46830231766664,28.8037,29.1457,25,14
8.483604255405842,49.468347290255224,29.0672,29.3012,25,14
8.483603782688869,49.46839226284346,29.7032,29.7932,24,14
8.483603309970713,49.46843723543134,38.7445,30.8496,22,14
8.483602837251372,49.46848220801887,29.1561,28.7871,25,14
8.48360236453085,49.46852718060604,28.8908,28.6688,25,14
8.483601891809144,49.46857215319287,39.4138,31.3468,9,14
8.483601419086256,49.468617125779325,39.522,32.084,22,14
8.483600946362186,49.468662098365435,39.242,31.815,9,14
8.483600473636933,49.46870707095118,30.6976,30.3926,22,14
8.483600000910496,49.46875204353659,30.706,30.507,22,14
8.483599528182877,49.46879701612163,31.0687,30.8027,22,14
8.483599055454077,49.468841988706316,32.8977,31.7257,9,14
8.483598582724092,49.468886961290664,33.8159,32.4099,9,14
8.483598109992926,49.468931933874636,34.3863,33.1003,22,14
8.483597637260576,49.46897690645826,34.6745,33.2715,22,14
8.483597164527042,49.469021879041534,34.5522,33.2382,22,14
8.483596691792329,49.46906685162444,34.2061,33.0142,22,14
8.48359621905643,49.469111824207,34.1107,32.8887,22,14
8.483595746319349,49.469156796789214,33.9058,32.7538,22,14
8.483595273581086,49.46920176937107,41.4911,34.1272,22,14
8.483594800841638,49.469246741952546,41.2757,33.9487,22,14
8.483594328101011,49.46929171453369,41.0078,33.7289,22,14
8.4835938553592,49.469336687114485,40.6397,33.4608,22,14
8.483593382616204,49.4693816596949,40.2091,33.1201,22,14
8.483592909872026,49.46942663227499,39.659,32.774,22,14
8.483592437126667,49.469471604854704,39.8982,32.9302,22,14
8.483591964380125,49.469516577434064,39.9435,32.9105,22,14
8.483591491632398,49.46956155001308,39.7526,32.6996,22,14
8.483591018883489,49.46960652259174,39.1985,32.2256,22,14
8.483590546133398,49.46965149517005,39.1509,32.0759,22,14
8.483590073382125,49.46969646774799,38.811,31.345,22,14
8.483589600629667,49.469741440325585,29.5832,29.5262,25,14
8.483589127876028,49.46978641290281,29.6044,29.4594,24,14
8.483588655121205,49.469831385479694,29.2367,29.2097,24,14
8.4835881823652,49.46987635805622,29.5843,28.9943,22,14
8.483587709608011,49.469921330632395,28.8689,29.0029,25,14
8.48358723684964,49.46996630320821,28.5555,28.8925,25,14
8.483586764090086,49.47001127578367,28.6038,29.0578,26,14
8.483586291329349,49.47005624835878,28.5031,29.2021,24,14
8.48358581856743,49.47010122093354,38.2856,31.9636,22,14
8.483585345804327,49.47014619350792,40.0754,33.0805,22,14
8.483584873040042,49.470191166081975,45.7911,35.3951,20,14
8.483584400274575,49.470236138655665,45.5108,35.3738,20,14
8.483583927507924,49.470281111229006,35.9093,33.8683,22,14
8.483583454740089,49.47032608380197,35.4884,33.7345,22,14
8.483582981971072,49.470371056374596,35.3463,33.4613,22,14
8.483582509200874,49.470416028946865,45.6592,35.2332,20,14
8.48358203642949,49.470461001518785,45.7057,35.2987,20,14
8.483581563656927,49.470505974090344,45.7258,35.3188,20,14
8.483581090883176,49.47055094666154,45.6449,35.2159,20,14
8.483580618108245,49.47059591923239,45.7146,35.3146,20,14
8.483580145332132,49.470640891802894,45.7464,35.3304,20,14
8.483579672554836,49.47068586437303,45.7503,35.3433,20,14
8.483579199776354,49.47073083694281,45.5549,35.3519,20,14
8.483578726996694,49.47077580951225,34.8583,33.2444,22,14
8.483675624894326,49.46812273536336,45.6753,35.2633,20,14
8.483675152246427,49.46816770795385,45.6944,35.2824,20,14
8.483674679597346,49.46821268054399,45.4625,35.3165,20,14
8.48367420694708,49.468257653133776,31.5136,29.9856,22,14
8.483673734295634,49.468302625723226,28.8954,29.1984,25,14
8.483673261643004,49.468347598312285,29.0853,29.3083,25,14
8.483672788989194,49.468392570901024,29.7151,29.8321,24,14
8.4836723163342,49.468437543489394,30.434,29.437,22,14
8.483671843678023,49.468482516077394,29.1205,28.9015,24,14
8.483671371020662,49.46852748866506,29.088,28.9,25,14
8.48367089836212,49.46857246125238,31.2234,30.0104,9,14
8.483670425702396,49.46861743383931,40.16,32.499,22,14
8.48366995304149,49.468662406425906,40.0915,32.7065,22,14
8.4836694803794,49.46870737901214,40.0417,32.8047,22,14
8.483669007716129,49.468752351598035,31.9142,31.4012,22,14
8.483668535051672,49.46879732418356,32.1694,31.5875,22,14
8.483668062386037,49.468842296768734,40.7121,33.4741,22,14
8.483667589719216,49.468887269353566,41.2322,33.8992,22,14
8.483667117051214,49.46893224193802,33.8282,32.7402,22,14
8.483666644382028,49.468977214522134,34.0424,32.8644,22,14
8.483666171711661,49.469022187105885,34.0094,32.8164,22,14
8.483665699040111,49.469067159689295,33.8849,32.7379,22,14
8.483665226367377,49.469112132272336,33.7741,32.6331,22,14
8.483664753693462,49.46915710485503,41.512,34.019,22,14
8.483664281018365,49.46920207743737,41.3336,33.8916,22,14
8.483663808342085,49.46924705001934,41.1679,33.7399,22,14
8.48366333566462,49.469292022600975,40.9611,33.5691,22,14
8.483662862985973,49.469336995182246,40.6943,33.3853,22,14
8.483662390306147,49.469381967763155,40.5,33.208,22,14
8.483661917625136,49.46942694034372,40.3328,33.1098,22,14
8.48366144494294,49.469471912923936,40.3569,33.0989,22,14
8.483660972259564,49.46951688550379,40.3799,33.0639,22,14
8.483660499575006,49.46956185808328,40.3559,32.976,22,14
8.483660026889265,49.46960683066243,40.1673,32.8303,22,14
8.48365955420234,49.46965180324121,40.2838,32.7028,22,14
8.483659081514233,49.46969677581965,40.1436,32.4166,22,14
8.483658608824943,49.46974174839772,31.4424,30.3824,22,14
8.483658136134471,49.46978672097545,31.093,29.913,22,14
8.483657663442816,49.46983169355282,30.0525,29.9375,24,14
8.483657190749978,49.469876666129835,30.3401,29.4921,22,14
8.483656718055958,49.469921638706474,29.2538,29.3768,25,14
8.483656245360756,49.46996661128279,29.1259,29.3639,25,14
8.48365577266437,49.47001158385874,28.7292,29.2012,26,14
8.4836552999668,49.470056556434336,28.6656,29.3936,24,14
8.48365482726805,49.47010152900958,30.1582,29.6382,22,14
8.483654354568117,49.47014650158445,30.8208,30.9478,24,14
8.483653881867001,49.47019147415899,45.5869,35.309,20,14
8.4836534091647,49.47023644673315,45.7875,35.3936,20,14
8.483652936461219,49.470281419306986,45.7674,35.3724,20,14
8.483652463756554,49.47032639188045,45.7649,35.3509,20,14
8.483651991050706,49.470371364453555,45.7327,35.3337,20,14
8.483651518343677,49.47041633702631,45.7329,35.3239,20,14
8.483651045635465,49.470461309598704,45.7323,35.3223,20,14
8.48365057292607,49.47050628217076,45.7405,35.3265,20,14
8.483650100215492,49.470551254742446,45.7344,35.3344,20,14
8.48364962750373,49.470596227313784,45.7515,35.3435,20,14
8.483649154790786,49.47064119988475,45.7243,35.3524,20,14
8.483648682076662,49.47068617245539,45.4143,35.3593,20,14
8.483648209361352,49.47073114502566,44.4427,35.3637,20,14
8.48364773664486,49.470776117595584,34.7951,33.2451,22,14
8.48374463081686,49.46812304337681,45.3724,35.2754,20,14
8.483744158232124,49.46816801596781,45.5379,35.2799,20,14
8.483743685646203,49.46821298855843,43.7755,35.2955,20,14
8.483743213059102,49.4682579611487,31.387,30.5659,22,14
8.483742740470817,49.46830293373864,29.2562,29.6282,24,14
8.48374226788135,49.46834790632819,29.175,29.553,25,14
8.483741795290701,49.46839287891742,30.4623,29.5203,9,14
8.483741322698869,49.468437851506266,30.8545,29.9915,22,14
8.483740850105855,49.468482824094764,29.5299,29.4509,24,14
8.483740377511658,49.468527796682906,29.5509,29.4189,24,14
8.483739904916282,49.4685727692707,31.6568,30.3988,9,14
8.48373943231972,49.46861774185813,40.6748,32.7999,22,14
8.483738959721977,49.46866271444522,40.6417,33.0517,22,14
8.48373848712305,49.46870768703194,40.6022,33.1452,22,14
8.483738014522942,49.46875265961832,40.4831,33.2112,22,14
8.48373754192165,49.46879763220433,40.5656,33.2896,22,14
8.483737069319178,49.46884260478999,41.0094,33.5094,22,14
8.483736596715522,49.46888757737529,41.2701,33.7571,22,14
8.483736124110685,49.46893254996025,41.5226,33.9476,22,14
8.483735651504665,49.46897752254485,41.6398,34.0269,22,14
8.483735178897462,49.469022495129096,41.6418,34.0088,22,14
8.483734706289075,49.469067467712975,41.4117,33.9177,22,14
8.483734233679508,49.4691124402965,41.3679,33.8409,22,14
8.483733761068757,49.46915741287968,41.357,33.7771,22,14
8.483733288456826,49.46920238546251,41.2359,33.6869,22,14
8.48373281584371,49.469247358044974,41.1089,33.5759,22,14
8.483732343229413,49.469292330627084,40.9968,33.4518,22,14
8.483731870613932,49.469337303208846,40.8373,33.3273,22,14
8.483731397997271,49.469382275790245,40.6837,33.2227,22,14
8.483730925379426,49.469427248371304,40.6733,33.1943,22,14
8.483730452760398,49.46947222095199,40.752,33.1861,22,14
8.483729980140188,49.469517193532326,40.798,33.171,22,14
8.483729507518797,49.46956216611231,40.8278,33.1359,22,14
8.483729034896221,49.46960713869195,40.8508,33.0778,22,14
8.483728562272463,49.469652111271216,40.9582,33.0022,22,14
8.483728089647524,49.46969708385014,40.9288,32.8698,22,14
8.483727617021401,49.46974205642871,40.9173,32.6453,22,14
8.483727144394097,49.4697870290069,40.6763,32.3483,22,14
8.483726671765611,49.46983200158477,40.143,31.914,22,14
8.48372619913594,49.46987697416227,31.2092,30.2692,22,14
8.483725726505089,49.469921946739404,30.1991,30.2361,24,14
8.483725253873054,49.46996691931619,29.4937,29.8157,24,14
8.483724781239834,49.470011891892625,29.5128,29.0498,9,14
8.483724308605435,49.47005686446872,29.0679,28.9089,22,14
8.483723835969853,49.470101837044446,32.3329,31.3519,22,14
8.483723363333088,49.470146809619806,41.0916,33.4156,22,14
8.48372289069514,49.47019178219483,43.6279,34.8509,22,14
8.483722418056011,49.47023675476947,45.6881,35.4141,20,14
8.483721945415699,49.47028172734379,45.5566,35.3996,20,14
8.483721472774203,49.47032669991775,45.5584,35.3854,20,14
8.483721000131526,49.47037167249134,45.5091,35.3741,20,14
8.483720527487666,49.47041664506458,45.5597,35.3677,20,14
8.483720054842621,49.47046161763747,45.5198,35.3658,20,14
8.483719582196397,49.47050659021,45.5788,35.3669,20,14
8.48371910954899,49.470551562782184,45.5987,35.3697,20,14
8.483718636900399,49.470596535354005,45.2819,35.3199,20,14
8.483718164250625,49.47064150792547,35.3658,33.6438,22,14
8.48371769159967,49.470686480496575,35.0055,33.5095,22,14
8.483717218947533,49.47073145306734,34.8077,33.3937,22,14
8.483716746294212,49.47077642563774,34.4799,33.1229,22,14
8.483813636740578,49.468123351349135,31.2799,31.4649,25,14
8.483813164219002,49.4681683239406,32.9077,31.8077,9,14
8.483812691696244,49.46821329653171,32.4527,31.6217,22,14
8.483812219172304,49.46825826912247,28.0698,28.6878,24,14
8.48381174664718,49.46830324171289,29.3911,29.8271,24,14
8.483811274120878,49.468348214302935,38.0195,31.2326,22,14
8.483810801593393,49.46839318689263,31.5643,30.5673,9,14
8.483810329064722,49.46843815948198,40.3366,32.4186,22,14
8.483809856534872,49.46848313207096,40.2932,32.1102,22,14
8.483809384003838,49.46852810465959,31.7672,30.6952,22,14
8.483808911471623,49.46857307724787,32.3113,31.3083,22,14
8.483808438938226,49.46861804983579,41.218,33.13,22,14
8.483807966403646,49.46866302242336,41.1784,33.2604,22,14
8.483807493867882,49.46870799501057,40.99,33.316,22,14
8.483807021330938,49.468752967597425,40.9595,33.3435,22,14
8.483806548792812,49.46879794018392,40.9322,33.4002,22,14
8.483806076253503,49.46884291277007,41.3062,33.4973,22,14
8.48380560371301,49.46888788535587,41.4466,33.6276,22,14
8.483805131171337,49.468932857941304,41.5264,33.7294,22,14
8.483804658628483,49.46897783052639,41.5538,33.7718,22,14
8.483804186084445,49.469022803111116,41.5475,33.7315,22,14
8.483803713539224,49.46906777569549,41.5636,33.5686,9,14
8.48380324099282,49.46911274827951,41.4821,33.5192,9,14
8.483802768445237,49.46915772086318,41.3296,33.5686,22,14
8.483802295896469,49.46920269344648,41.2827,33.5387,22,14
8.48380182334652,49.46924766602944,41.2058,33.4728,22,14
8.483801350795387,49.46929263861203,41.1179,33.3889,22,14
8.483800878243075,49.469337611194284,41.0508,33.3298,22,14
8.483800405689577,49.46938258377616,40.9851,33.2471,22,14
8.483799933134899,49.46942755635771,40.9214,33.1765,22,14
8.483799460579037,49.46947252893889,41.0662,33.2142,22,14
8.483798988021995,49.469517501519704,41.1388,33.2398,22,14
8.48379851546377,49.46956247410017,41.2182,33.2392,22,14
8.483798042904361,49.46960744668029,41.247,33.215,22,14
8.48379757034377,49.46965241926005,41.3836,33.1617,22,14
8.483797097781999,49.46969739183946,41.4251,33.0432,22,14
8.483796625219043,49.46974236441851,41.3066,32.7676,22,14
8.483796152654905,49.46978733699721,40.752,32.231,22,14
8.483795680089585,49.469832309575544,40.2085,32.0795,22,14
8.483795207523084,49.469877282153526,40.1114,32.3224,22,14
8.4837947349554,49.46992225473116,39.6035,32.0435,22,14
8.483794262386532,49.46996722730843,30.6407,30.2177,22,14
8.483793789816483,49.47001219988536,29.6538,29.3148,22,14
8.483793317245253,49.47005717246193,26.6596,25.9526,25,14
8.483792844672838,49.47010214503815,45.1299,35.7019,22,14
8.483792372099243,49.47014711761399,43.8323,35.7023,22,14
8.483791899524464,49.47019209018949,43.1671,35.0111,22,14
8.483791426948502,49.470237062764646,35.8599,33.8229,22,14
8.48379095437136,49.47028203533943,36.0234,33.9304,22,14
8.483790481793033,49.47032700791387,36.1623,33.9763,22,14
8.483790009213525,49.470371980487954,35.7742,33.9572,22,14
8.483789536632834,49.47041695306167,35.6245,33.9035,22,14
8.483789064050962,49.47046192563505,35.4093,33.7993,22,14
8.483788591467906,49.470506898208065,34.9015,33.4925,22,14
8.48378811888367,49.47055187078074,34.3666,33.0507,22,14
8.483787646298248,49.47059684335305,32.6061,31.3771,22,14
8.483787173711645,49.470641815925006,34.546,32.993,22,14
8.483786701123861,49.47068678849659,34.8037,33.2757,22,14
8.483786228534894,49.47073176106784,34.9987,33.4367,22,14
8.483785755944744,49.470776733638736,34.847,33.3581,22,14
8.483882642665476,49.468123659280266,44.8274,35.2684,20,14
8.483882170207064,49.46816863187223,33.6431,32.5101,22,14
8.483881697747467,49.46821360446382,32.4797,31.6027,22,14
8.483881225286689,49.46825857705507,30.4851,29.8431,22,14
8.48388075282473,49.46830354964597,29.8822,30.1422,25,14
8.483880280361587,49.468348522236504,31.1853,30.6333,22,14
8.483879807897264,49.46839349482668,40.3731,32.7471,22,14
8.483879335431757,49.46843846741652,41.1776,32.9676,22,14
8.483878862965069,49.46848344000598,41.438,32.994,22,14
8.4838783904972,49.46852841259511,41.5686,33.0676,22,14
8.483877918028147,49.46857338518387,41.655,33.231,22,14
8.483877445557914,49.46861835777227,41.5793,33.3434,22,14
8.483876973086495,49.46866333036033,41.4976,33.4016,22,14
8.483876500613897,49.46870830294802,41.2633,33.4193,22,14
8.483876028140116,49.46875327553536,41.419,33.379,9,14
8.483875555665154,49.46879824812236,41.5963,33.4264,9,14
8.483875083189009,49.468843220709,41.5883,33.4994,22,14
8.483874610711682,49.46888819329527,41.6662,33.5572,22,14
8.483874138233173,49.4689331658812,41.7055,33.5925,22,14
8.483873665753483,49.46897813846677,41.7782,33.6152,22,14
8.48387319327261,49.46902311105198,41.7498,33.5888,22,14
8.483872720790554,49.469068083636834,41.5193,33.5083,22,14
8.483872248307318,49.46911305622133,41.4597,33.4987,22,14
8.483871775822896,49.469158028805495,41.5336,33.4786,22,14
8.483871303337295,49.46920300138929,41.5467,33.4677,22,14
8.483870830850512,49.46924797397273,41.4958,33.4688,22,14
8.483870358362545,49.46929294655582,41.4296,33.4186,22,14
8.483869885873398,49.469337919138546,41.3426,33.3336,22,14
8.483869413383065,49.46938289172091,41.1949,33.1699,22,14
8.483868940891554,49.46942786430295,40.8431,32.8521,22,14
8.483868468398859,49.469472836884606,41.3793,33.1403,22,14
8.483867995904983,49.46951780946593,41.5119,33.2689,22,14
8.483867523409923,49.46956278204688,41.5408,33.3088,22,14
8.483867050913682,49.469607754627475,41.6108,33.3058,22,14
8.48386657841626,49.469652727207716,41.6981,33.2592,22,14
8.483866105917652,49.469697699787616,41.7099,33.0929,22,14
8.483865633417865,49.46974267236716,41.6226,32.4516,9,14
8.483865160916896,49.46978764494632,30.8979,30.4959,25,14
8.483864688414744,49.469832617525164,30.6771,30.4561,25,14
8.48386421591141,49.469877590103636,40.586,32.218,9,14
8.483863743406893,49.46992256268175,40.5233,32.6563,22,14
8.483863270901194,49.469967535259514,40.1801,32.5891,22,14
8.483862798394314,49.47001250783692,39.8139,32.331,22,14
8.483862325886252,49.47005748041397,39.2098,31.7888,22,14
8.483861853377006,49.47010245299067,41.7392,33.9012,22,14
8.48386138086658,49.47014742556702,42.267,34.67,22,14
8.48386090835497,49.470192398143006,45.0225,35.7005,22,14
8.483860435842177,49.470237370718635,45.0057,35.7007,22,14
8.483859963328202,49.47028234329392,35.7931,34.2011,22,14
8.483859490813046,49.47032731586883,35.7892,34.2013,22,14
8.483859018296709,49.47037228844341,35.7833,34.2013,22,14
8.483858545779187,49.47041726101762,35.7703,34.2014,22,14
8.483858073260484,49.47046223359148,35.7793,34.2013,22,14
8.483857600740599,49.470507206164974,35.2926,33.4296,9,14
8.483857128219531,49.47055217873813,35.2784,33.4164,9,14
8.48385665569728,49.47059715131092,26.3644,25.9524,25,14
8.483856183173849,49.47064212388337,35.2668,33.4119,9,14
8.483855710649234,49.47068709645545,44.2359,34.9099,9,14
8.483855238123438,49.47073206902718,44.851,35.701,22,14
8.48385476559646,49.47077704159856,44.8701,35.7011,22,14
8.483951648591557,49.468123967170236,42.4839,34.593,22,14
8.483951176196305,49.468168939762684,41.3577,33.9867,22,14
8.483950703799872,49.46821391235477,40.6884,33.4294,22,14
8.483950231402256,49.4682588849465,40.0335,32.8805,22,14
8.483949759003458,49.46830385753788,39.9397,32.5467,22,14
8.48394928660348,49.4683488301289,32.2778,31.4398,22,14
8.483948814202318,49.468393802719575,41.2011,33.1611,22,14
8.483948341799975,49.468438775309885,41.7518,33.2798,22,14
8.48394786939645,49.468483747899846,42.0742,33.3372,22,14
8.483947396991741,49.46852872048946,42.0297,33.3828,22,14
8.483946924585853,49.4685736930787,41.9029,33.4359,22,14
8.483946452178783,49.46861866566759,41.8378,33.4788,22,14
8.48394597977053,49.46866363825614,41.7798,33.5099,22,14
8.483945507361096,49.46870861084432,41.75,33.531,22,14
8.483945034950478,49.46875358343215,41.8309,33.545,22,14
8.483944562538678,49.46879855601962,42.0033,33.5774,22,14
8.483944090125698,49.46884352860675,42.1296,33.6086,22,14
8.483943617711535,49.46888850119352,42.1877,33.6077,22,14
8.483943145296191,49.46893347377992,42.4681,33.5491,9,14
8.483942672879666,49.46897844636597,42.3551,33.6011,22,14
8.483942200461957,49.46902341895167,42.2632,33.5822,22,14
8.483941728043066,49.46906839153702,42.0549,33.532,22,14
8.483941255622995,49.469113364121995,41.9506,33.4977,22,14
8.483940783201739,49.469158336706656,41.9475,33.4895,22,14
8.483940310779303,49.469203309290926,41.9943,33.4993,22,14
8.483939838355685,49.469248281874854,41.9569,33.4929,22,14
8.483939365930883,49.46929325445843,41.8857,33.4507,22,14
8.483938893504902,49.46933822704164,41.7256,33.3317,22,14
8.483938421077738,49.4693831996245,41.2081,32.9192,22,14
8.483937948649393,49.46942817220702,31.5087,31.4227,24,14
8.483937476219863,49.46947314478916,41.3838,32.8848,22,14
8.483937003789153,49.46951811737096,41.8902,33.2622,22,14
8.48393653135726,49.46956308995241,42.0209,33.3539,22,14
8.483936058924186,49.469608062533496,42.1024,33.3715,22,14
8.483935586489931,49.46965303511422,42.221,33.35,22,14
8.483935114054493,49.4696980076946,42.3237,33.2717,22,14
8.483934641617871,49.469742980274624,42.4877,33.0557,22,14
8.483934169180069,49.46978795285429,42.6578,32.6028,22,14
8.483933696741085,49.46983292543361,41.888,32.58,22,14
8.48393322430092,49.46987789801256,41.7144,32.9544,22,14
8.48393275185957,49.469922870591155,41.3361,33.0531,22,14
8.48393227941704,49.469967843169414,41.199,32.923,9,14
8.483931806973327,49.47001281574731,40.7201,32.9931,22,14
8.483931334528434,49.47005778832485,40.5835,33.0465,22,14
8.483930862082355,49.47010276090204,41.2851,33.6141,22,14
8.483930389635098,49.47014773347886,41.7164,34.1324,22,14
8.483929917186657,49.47019270605533,42.8042,34.6572,22,14
8.483929444737033,49.47023767863145,42.9911,34.8491,22,14
8.483928972286229,49.47028265120723,42.8045,34.9156,22,14
8.483928499834242,49.47032762378262,42.6577,34.9157,22,14
8.483928027381074,49.470372596357684,42.4238,34.8808,22,14
8.483927554926721,49.47041756893238,42.3342,34.8123,22,14
8.483927082471189,49.47046254150673,42.0827,34.6717,22,14
8.483926610014473,49.47050751408072,41.4676,34.2646,22,14
8.483926137556576,49.47055248665435,40.7404,33.6774,22,14
8.483925665097496,49.47059745922764,38.7349,32.0289,22,14
8.483925192637235,49.470642431800556,40.7887,33.6247,22,14
8.483924720175791,49.47068740437314,41.4811,34.1471,22,14
8.483924247713166,49.47073237694535,41.9618,34.4948,22,14
8.483923775249359,49.47077734951721,41.9773,34.5223,22,14
8.48402065451882,49.46812427501905,41.8415,34.2275,22,14
8.48402018218673,49.46816924761198,41.3899,33.8779,22,14
8.484019709853458,49.46821422020454,41.0721,33.5531,22,14
8.484019237519005,49.468259192796765,40.8767,33.3307,22,14
8.48401876518337,49.46830416538864,41.0068,33.2389,22,14
8.484018292846551,49.46834913798015,41.3447,33.3177,22,14
8.484017820508553,49.4683941105713,41.8007,33.4027,22,14
8.484017348169374,49.4684390831621,42.2846,33.4676,22,14
8.484016875829012,49.46848405575255,42.4252,33.5112,22,14
8.484016403487468,49.46852902834263,42.2484,33.5334,22,14
8.484015931144741,49.46857400093238,42.1104,33.5514,22,14
8.484015458800833,49.46861897352176,42.1582,33.5712,22,14
8.484014986455744,49.46866394611077,42.08,33.595,22,14
8.484014514109473,49.46870891869944,42.1218,33.6208,22,14
8.48401404176202,49.46875389128776,42.2563,33.6453,22,14
8.484013569413385,49.468798863875726,42.419,33.668,22,14
8.48401309706357,49.46884383646333,42.5628,33.6798,22,14
8.48401262471257,49.468888809050576,42.7096,33.6706,22,14
8.48401215236039,49.46893378163747,42.8679,33.6369,22,14
8.484011680007029,49.46897875422402,42.9567,33.6057,22,14
8.484011207652486,49.4690237268102,42.7924,33.5464,22,14
8.48401073529676,49.46906869939603,42.4831,33.4571,22,14
8.484010262939853,49.46911367198151,42.3113,33.3903,22,14
8.484009790581764,49.46915864456664,42.3636,33.4017,22,14
8.484009318222492,49.46920361715141,42.4761,33.4802,22,14
8.48400884586204,49.469248589735805,42.502,33.515,22,14
8.484008373500407,49.46929356231987,42.4206,33.4976,22,14
8.48400790113759,49.46933853490358,42.2824,33.4224,22,14
8.484007428773591,49.46938350748692,42.0512,33.2482,22,14
8.484006956408411,49.46942848006992,41.7291,32.9111,22,14
8.484006484042048,49.46947345265255,42.0549,33.183,22,14
8.484006011674506,49.46951842523484,42.2278,33.3158,22,14
8.48400553930578,49.469563397816756,42.3462,33.3782,22,14
8.484005066935872,49.46960837039834,42.3964,33.3994,22,14
8.484004594564784,49.46965334297955,42.4389,33.3919,22,14
8.48400412219251,49.46969831556043,42.5121,33.3621,22,14
8.484003649819059,49.46974328814093,42.7362,33.3172,22,14
8.484003177444425,49.46978826072109,42.7677,33.2418,22,14
8.484002705068606,49.46983323330088,42.8742,33.2482,22,14
8.48400223269161,49.46987820588032,42.5544,33.3154,22,14
8.48400176031343,49.46992317845941,42.0464,33.3214,22,14
8.484001287934067,49.46996815103815,41.6694,33.2654,22,14
8.484000815553522,49.470013123616525,41.4461,33.3061,22,14
8.484000343171797,49.470058096194556,41.2802,33.3622,22,14
8.483999870788887,49.47010306877222,41.2945,33.5325,22,14
8.483999398404798,49.47014804134953,41.4755,33.8015,22,14
8.483998926019526,49.470193013926504,41.6888,34.0588,22,14
8.483998453633072,49.4702379865031,41.7419,34.1969,22,14
8.483997981245436,49.47028295907936,41.4326,34.2086,22,14
8.48399750885662,49.470327931655255,41.3426,34.1916,22,14
8.48399703646662,49.47037290423079,41.1004,34.1414,22,14
8.483996564075438,49.47041787680598,40.9965,34.0715,22,14
8.483996091683075,49.470462849380816,40.7697,33.9818,22,14
8.48399561928953,49.47050782195529,40.468,33.754,22,14
8.483995146894802,49.47055279452942,40.0387,33.4217,22,14
8.483994674498893,49.47059776710318,39.4149,33.0199,22,14
8.483994202101803,49.470642739676585,40.0087,33.3498,22,14
8.48399372970353,49.47068771224964,40.4527,33.6087,22,14
8.483993257304075,49.47073268482234,40.7023,33.7713,22,14
8.483992784903439,49.47077765739469,40.8414,33.8144,22,14
8.484089660447266,49.46812458282669,41.7029,34.0159,22,14
8.484089188178336,49.46816955542011,41.4734,33.7794,22,14
8.484088715908227,49.46821452801316,41.3765,33.5845,22,14
8.484088243636934,49.468259500605875,41.3451,33.4642,22,14
8.484087771364461,49.46830447319823,41.6111,33.4702,22,14
8.484087299090808,49.46834944579022,41.9293,33.5013,22,14
8.484086826815972,49.46839441838186,42.437,33.5401,22,14
8.484086354539954,49.46843939097315,42.7327,33.5647,22,14
8.484085882262754,49.46848436356408,42.6257,33.6087,22,14
8.484085409984372,49.46852933615465,42.3113,33.6213,22,14
8.48408493770481,49.46857430874488,42.247,33.6291,22,14
8.484084465424067,49.46861928133474,42.1859,33.6459,22,14
8.484083993142141,49.46866425392425,42.145,33.676,22,14
8.484083520859034,49.468709226513404,42.2257,33.7137,22,14
8.484083048574744,49.4687541991022,42.333,33.742,22,14
8.484082576289275,49.46879917169066,42.4345,33.7515,22,14
8.484082104002622,49.468844144278755,42.5688,33.7328,22,14
8.484081631714789,49.46888911686649,42.731,33.678,22,14
8.484081159425772,49.46893408945387,42.9685,33.5845,22,14
8.484080687135576,49.46897906204089,43.3153,33.4744,22,14
8.484080214844196,49.46902403462756,43.6952,33.3532,22,14
8.484079742551636,49.46906900721388,42.9225,33.1006,22,14
8.484079270257894,49.46911397979984,42.4992,32.8752,22,14
8.48407879796297,49.469158952385456,42.5673,32.9473,22,14
8.484078325666864,49.469203924970714,42.9086,33.3456,22,14
8.484077853369579,49.46924889755561,42.9046,33.4946,22,14
8.484077381071108,49.46929387014014,42.7247,33.5127,22,14
8.484076908771458,49.46933884272434,42.47,33.459,22,14
8.484076436470627,49.46938381530816,42.2807,33.3497,22,14
8.484075964168612,49.46942878789165,42.1194,33.2074,22,14
8.484075491865417,49.46947376047478,42.0594,33.1904,22,14
8.48407501956104,49.46951873305754,42.0305,33.2325,22,14
8.484074547255481,49.469563705639956,42.1828,33.3198,22,14
8.48407407494874,49.46960867822202,42.2142,33.3563,22,14
8.484073602640818,49.46965365080372,42.3039,33.345,22,14
8.484073130331714,49.469698623385085,42.2967,33.3077,22,14
8.484072658021429,49.46974359596607,42.4829,33.3609,22,14
8.484072185709962,49.469788568546704,42.6199,33.3979,22,14
8.484071713397311,49.46983354112699,42.8138,33.4348,22,14
8.484071241083482,49.469878513706924,42.9687,33.4677,22,14
8.484070768768468,49.46992348628649,42.8051,33.4541,22,14
8.484070296452275,49.46996845886572,42.5288,33.3338,9,14
8.484069824134899,49.47001343144458,42.0849,33.4409,22,14
8.484069351816341,49.47005840402309,41.7271,33.4721,22,14
8.4840688794966,49.47010337660126,41.5717,33.4917,22,14
8.48406840717568,49.470148349179055,41.4379,33.6069,22,14
8.484067934853577,49.47019332175649,41.3421,33.7271,22,14
8.484067462530293,49.47023829433358,41.1768,33.7999,22,14
8.484066990205825,49.47028326691033,41.0545,33.8185,22,14
8.484066517880178,49.470328239486705,40.8526,33.7956,22,14
8.484066045553348,49.47037321206274,40.569,33.7491,22,14
8.484065573225337,49.4704181846384,40.4821,33.6771,22,14
8.484065100896144,49.470463157213715,40.2232,33.5752,22,14
8.484064628565768,49.47050812978868,39.9941,33.4291,22,14
8.484064156234211,49.4705531023633,39.7036,33.2527,22,14
8.484063683901473,49.47059807493755,39.5004,33.1114,22,14
8.484063211567554,49.470643047511444,39.6607,33.1727,22,14
8.48406273923245,49.470688020084985,39.9008,33.2698,22,14
8.484062266896167,49.47073299265817,40.0386,33.3446,22,14
8.4840617945587,49.470777965231015,40.199,33.373,22,14
8.48415866637689,49.468124890593174,41.6205,33.8745,22,14
8.484158194171124,49.46816986318707,41.4937,33.7007,22,14
8.484157721964177,49.46821483578062,41.4852,33.5782,22,14
8.484157249756048,49.4682598083738,41.6684,33.5614,22,14
8.484156777546737,49.46830478096665,42.1215,33.5775,22,14
8.484156305336246,49.468349753559124,42.4268,33.6008,22,14
8.484155833124571,49.46839472615125,42.9238,33.5938,22,14
8.484155360911716,49.468439698743026,43.1954,33.5364,9,14
8.484154888697681,49.46848467133444,42.7529,33.6549,22,14
8.484154416482461,49.46852964392549,42.4832,33.6812,22,14
8.484153944266064,49.46857461651622,42.2713,33.6923,22,14
8.484153472048481,49.46861958910655,42.1305,33.7045,22,14
8.48415299982972,49.46866456169656,42.1904,33.7814,22,14
8.484152527609776,49.4687095342862,42.2944,33.8594,22,14
8.48415205538865,49.46875450687548,42.4071,33.8981,22,14
8.484151583166344,49.468799479464415,42.4392,33.8792,22,14
8.484151110942856,49.468844452053,42.4024,33.7854,22,14
8.484150638718186,49.46888942464122,42.485,33.6001,9,14
8.484150166492334,49.468934397229084,42.3814,33.2764,9,14
8.484149694265303,49.4689793698166,42.1566,32.9016,9,14
8.48414922203709,49.469024342403756,42.0989,32.718,9,14
8.484148749807693,49.469069314990556,41.2797,31.7237,9,14
8.484148277577116,49.46911428757701,31.4214,31.0914,24,14
8.484147805345359,49.46915926016311,31.583,31.324,24,14
8.484147333112418,49.469204232748844,41.9991,32.9371,22,14
8.484146860878296,49.46924920533423,42.2801,33.3651,22,14
8.484146388642994,49.46929417791926,42.2382,33.4372,22,14
8.48414591640651,49.46933915050394,42.0489,33.3789,22,14
8.484145444168844,49.469384123088254,41.81,33.223,22,14
8.484144971929997,49.46942909567222,41.5195,32.9326,22,14
8.484144499689966,49.469474068255835,41.1388,32.6908,22,14
8.484144027448757,49.46951904083908,41.2032,32.7292,22,14
8.484143555206364,49.46956401342199,41.509,33.088,22,14
8.48414308296279,49.46960898600454,41.6487,33.1938,22,14
8.484142610718035,49.46965395858671,41.6472,33.1362,22,14
8.484142138472098,49.46969893116855,41.4838,32.8958,22,14
8.48414166622498,49.469743903750036,41.9886,33.2366,22,14
8.484141193976681,49.46978887633115,42.2636,33.3907,22,14
8.484140721727199,49.46983384891193,42.5204,33.4535,22,14
8.484140249476535,49.46987882149236,42.9133,33.4963,22,14
8.48413977722469,49.469923794072415,43.444,33.534,22,14
8.484139304971665,49.469968766652116,43.3007,33.5317,22,14
8.484138832717457,49.47001373923146,42.6818,33.5538,22,14
8.484138360462067,49.47005871181046,42.0855,33.5455,22,14
8.484137888205497,49.47010368438911,41.9456,33.5236,22,14
8.484137415947744,49.47014865696739,41.5519,33.5039,22,14
8.484136943688812,49.47019362954533,41.3137,33.5297,22,14
8.484136471428696,49.4702386021229,40.9525,33.5425,22,14
8.4841359991674,49.470283574700126,40.7839,33.5299,22,14
8.484135526904918,49.47032854727699,40.5423,33.4943,22,14
8.484135054641259,49.47037351985352,40.3443,33.4393,22,14
8.484134582376418,49.47041849242966,40.0591,33.3661,22,14
8.484134110110395,49.47046346500547,39.8372,33.2752,22,14
8.484133637843188,49.47050843758092,39.672,33.167,22,14
8.484133165574802,49.47055341015601,39.5002,33.0572,22,14
8.484132693305234,49.47059838273075,39.2756,32.9786,22,14
8.484132221034482,49.470643355305135,39.3921,32.9751,22,14
8.484131748762552,49.47068832787915,39.519,33.008,22,14
8.484131276489439,49.47073330045284,39.6223,33.0443,22,14
8.484130804215143,49.470778273026156,39.7063,33.0673,22,14
8.484227672307698,49.46812519831848,41.6848,33.7738,22,14
8.484227200165094,49.46817017091286,41.6384,33.6394,22,14
8.484226728021307,49.468215143506896,41.7161,33.5611,22,14
8.48422625587634,49.468260116100566,42.0097,33.5847,22,14
8.484225783730192,49.4683050886939,42.4913,33.6393,22,14
8.484225311582863,49.46835006128686,43.056,33.662,22,14
8.484224839434352,49.46839503387948,43.9366,33.5896,9,14
8.484224367284659,49.46844000647175,43.3021,33.6821,22,14
8.484223895133786,49.46848497906363,42.8878,33.7248,22,14
8.484223422981731,49.468529951655185,42.6073,33.7384,22,14
8.484222950828494,49.46857492424638,42.3654,33.7544,22,14
8.484222478674079,49.46861989683722,42.3696,33.8806,22,14
8.484222006518479,49.468664869427705,42.4637,34.0467,22,14
8.4842215343617,49.46870984201782,42.6355,34.1945,22,14
8.484221062203739,49.46875481460759,42.7342,34.2542,22,14
8.484220590044597,49.46879978719702,42.7566,34.2267,22,14
8.484220117884272,49.46884475978608,42.5937,34.0818,22,14
8.484219645722767,49.46888973237479,42.1098,33.7729,22,14
8.48421917356008,49.46893470496315,41.5048,33.0388,22,14
8.48421870139621,49.46897967755114,32.176,31.778,24,14
8.484218229231162,49.46902465013879,40.6197,31.8817,9,14
8.484217757064933,49.469069622726074,30.7863,30.7933,25,14
8.484217284897522,49.469114595312995,30.7324,30.7494,25,14
8.484216812728928,49.46915956789959,31.6214,30.0104,9,14
8.484216340559154,49.46920454048582,41.5306,32.8506,9,14
8.484215868388198,49.46924951307168,41.775,33.187,9,14
8.48421539621606,49.4692944856572,41.7645,33.2575,9,14
8.48421492404274,49.46933945824235,41.6301,33.1511,9,14
8.484214451868242,49.46938443082717,41.1629,32.8159,9,14
8.48421397969256,49.469429403411624,39.8385,31.6795,9,14
8.484213507515697,49.469474375995716,30.9385,30.9785,25,14
8.484213035337653,49.46951934857945,31.0319,31.0599,25,14
8.484212563158428,49.46956432116284,40.7189,32.5689,9,14
8.484212090978023,49.46960929374588,41.0836,32.8576,9,14
8.484211618796433,49.46965426632855,40.8308,32.6339,9,14
8.484211146613664,49.46969923891087,31.295,31.321,25,14
8.484210674429711,49.469744211492845,41.2366,32.9086,22,14
8.48421020224458,49.46978918407444,41.8391,33.3081,22,14
8.484209730058266,49.4698341566557,42.0254,33.3574,22,14
8.48420925787077,49.4698791292366,42.3473,33.3574,22,14
8.484208785682094,49.46992410181714,42.7659,33.4669,22,14
8.484208313492237,49.46996907439735,43.269,33.564,22,14
8.484207841301197,49.470014046977184,43.1837,33.5997,22,14
8.484207369108978,49.47005901955667,42.7106,33.5876,22,14
8.484206896915573,49.47010399213579,42.1592,33.5443,22,14
8.484206424720991,49.47014896471457,41.6365,33.4835,22,14
8.484205952525226,49.470193937292976,41.1468,33.4058,22,14
8.48420548032828,49.47023890987104,40.8759,33.3549,22,14
8.484205008130152,49.47028388244876,40.5174,33.3004,22,14
8.484204535930843,49.47032885502611,40.2369,33.2389,22,14
8.48420406373035,49.470373827603105,40.0093,33.1693,22,14
8.48420359152868,49.47041880017974,39.6997,33.0907,22,14
8.484203119325825,49.47046377275604,39.4836,33.0037,22,14
8.48420264712179,49.470508745331976,39.3831,32.9111,22,14
8.484202174916573,49.47055371790755,39.1937,32.8237,22,14
8.484201702710177,49.470598690482774,39.0048,32.7589,22,14
8.484201230502595,49.47064366305765,39.1425,32.7495,22,14
8.484200758293836,49.470688635632165,39.2972,32.7712,22,14
8.484200286083894,49.47073360820632,39.4432,32.8012,22,14
8.484199813872769,49.47077858078012,39.4866,32.8297,22,14
8.484296678239687,49.468125506002615,41.823,33.697,22,14
8.484296206160245,49.46817047859751,41.8046,33.6016,22,14
8.484295734079621,49.46821545119201,41.9436,33.5736,22,14
8.484295261997815,49.46826042378618,42.4995,33.5435,9,14
8.48429478991483,49.46830539637999,42.9135,33.6785,22,14
8.484294317830663,49.46835036897344,43.586,33.743,22,14
8.484293845745315,49.46839534156654,43.708,33.7531,22,14
8.484293373658785,49.46844031415928,43.1603,33.7693,22,14
8.484292901571074,49.468485286751665,42.7925,33.7815,22,14
8.484292429482183,49.468530259343694,42.5331,33.7902,22,14
8.48429195739211,49.4685752319354,42.4508,33.9218,22,14
8.484291485300856,49.4686202045267,42.6,34.151,22,14
8.484291013208422,49.46866517711767,43.017,34.441,22,14
8.484290541114804,49.46871014970829,43.4543,34.6944,22,14
8.484290069020007,49.468755122298546,43.5253,34.7423,22,14
8.484289596924029,49.46880009488846,43.5389,34.7509,22,14
8.48428912482687,49.46884506747799,43.2338,34.5898,22,14
8.484288652728528,49.4688900400672,42.0759,34.1479,22,14
8.484288180629004,49.46893501265604,41.7785,33.6595,22,14
8.484287708528303,49.468979985244516,41.064,33.0851,22,14
8.484287236426418,49.469024957832644,41.0748,32.9928,22,14
8.484286764323352,49.469069930420424,40.4143,32.4403,9,14
8.484286292219107,49.469114903007835,32.1553,30.7953,9,14
8.484285820113678,49.469159875594904,32.6174,31.2044,9,14
8.484285348007068,49.469204848181626,41.282,33.263,22,14
8.484284875899279,49.46924982076798,41.5009,33.4399,22,14
8.484284403790307,49.46929479335398,41.47,33.445,22,14
8.484283931680155,49.46933976593963,41.3377,33.3097,22,14
8.484283459568822,49.46938473852491,40.6679,32.8449,22,14
8.484282987456307,49.46942971110985,31.3812,31.2602,24,14
8.48428251534261,49.46947468369443,39.1265,31.6295,22,14
8.484282043227733,49.469519656278656,39.969,32.477,22,14
8.484281571111675,49.46956462886252,40.6884,32.9854,22,14
8.484281098994435,49.46960960144605,40.8223,33.1173,22,14
8.484280626876012,49.4696545740292,40.7271,33.0581,22,14
8.48428015475641,49.46969954661201,40.4715,32.8235,22,14
8.484279682635627,49.46974451919447,41.191,33.185,22,14
8.484279210513662,49.469789491776574,41.5122,33.2852,22,14
8.484278738390515,49.46983446435831,41.6422,33.0692,9,14
8.484278266266188,49.4698794369397,41.54,32.836,9,14
8.484277794140679,49.46992440952072,42.2277,33.1737,9,14
8.484277322013991,49.469969382101404,42.5821,33.4631,22,14
8.48427684988612,49.47001435468173,42.8068,33.5638,22,14
8.484276377757066,49.4700593272617,42.6432,33.5972,22,14
8.484275905626832,49.47010429984132,42.2152,33.5622,22,14
8.48427543349542,49.47014927242057,41.6981,33.4751,22,14
8.484274961362823,49.47019424499947,41.432,33.337,9,14
8.484274489229046,49.470239217578026,40.9538,33.1838,9,14
8.484274017094087,49.47028419015622,40.568,33.07,9,14
8.484273544957947,49.47032916273407,40.263,32.969,9,14
8.484273072820624,49.470374135311545,39.9432,32.8762,9,14
8.484272600682122,49.47041910788867,39.6981,32.7861,9,14
8.48427212854244,49.47046408046545,39.3832,32.6942,9,14
8.484271656401573,49.470509053041866,39.2086,32.6016,9,14
8.484271184259526,49.47055402561793,39.07,32.518,9,14
8.4842707121163,49.470598998193644,39.0107,32.4418,9,14
8.48427023997189,49.470643970769,38.7775,32.4605,22,14
8.4842697678263,49.470688943343994,38.9474,32.5324,22,14
8.484269295679528,49.47073391591864,39.0067,32.5807,22,14
8.484268823531576,49.47077888849294,39.1731,32.6241,22,14
8.484365684172857,49.46812581364561,41.869,33.643,22,14
8.484365212156577,49.46817078624097,42.027,33.612,22,14
8.484364740139114,49.46821575883596,42.3552,33.5572,9,14
8.484364268120471,49.46826073143061,42.6153,33.6463,22,14
8.484363796100649,49.46830570402491,43.2219,33.7319,22,14
8.484363324079643,49.46835067661885,43.6322,33.7852,22,14
8.484362852057457,49.468395649212425,43.3994,33.8015,22,14
8.48436238003409,49.46844062180566,42.9989,33.8089,22,14
8.484361908009543,49.46848559439853,42.6898,33.8349,22,14
8.484361435983814,49.46853056699105,42.506,33.9151,22,14
8.484360963956906,49.46857553958322,42.577,34.127,22,14
8.484360491928815,49.46862051217503,43.0293,34.4593,22,14
8.484360019899542,49.46866548476648,44.3177,34.8937,22,14
8.48435954786909,49.46871045735758,45.7055,35.2885,20,14
8.484359075837457,49.468755429948324,45.7125,35.2915,20,14
8.484358603804642,49.46880040253871,45.7155,35.2935,20,14
8.484358131770648,49.46884537512875,45.5739,35.2549,20,14
8.48435765973547,49.468890347718435,42.2681,34.4841,22,14
8.484357187699114,49.46893532030776,42.0082,34.0582,22,14
8.484356715661574,49.468980292896724,41.6289,33.7289,22,14
8.484356243622855,49.46902526548535,41.4241,33.5131,22,14
8.484355771582955,49.4690702380736,40.9384,33.3204,22,14
8.484355299541873,49.4691152106615,40.955,33.253,9,14
8.48435482749961,49.46916018324906,41.0892,33.4213,22,14
8.484354355456167,49.469205155836256,41.4701,33.6091,22,14
8.484353883411542,49.4692501284231,41.4666,33.6556,22,14
8.484353411365737,49.46929510100959,41.402,33.6081,22,14
8.48435293931875,49.46934007359571,41.2217,33.4857,22,14
8.484352467270583,49.46938504618149,40.8929,33.2839,22,14
8.484351995221232,49.469430018766914,40.2696,32.8647,22,14
8.484351523170703,49.46947499135198,40.3797,32.9317,22,14
8.484351051118992,49.4695199639367,40.473,33.092,22,14
8.484350579066101,49.46956493652105,40.7188,33.2048,22,14
8.484350107012027,49.46960990910505,40.7043,33.2183,22,14
8.484349634956773,49.4696548816887,40.6819,33.1929,22,14
8.484349162900338,49.469699854272,40.7961,33.2101,22,14
8.48434869084272,49.46974482685494,41.1393,33.3123,22,14
8.484348218783925,49.46978979943751,41.2284,33.3055,22,14
8.484347746723946,49.46983477201974,40.8922,32.9762,22,14
8.484347274662786,49.46987974460162,31.8956,31.7096,24,14
8.484346802600445,49.469924717183126,41.2945,32.9315,22,14
8.484346330536924,49.4699696897643,42.2457,33.3107,9,14
8.484345858472222,49.470014662345115,42.5313,33.4403,9,14
8.484345386406337,49.470059634925576,42.3911,33.5821,22,14
8.484344914339273,49.47010460750566,42.1277,33.5727,22,14
8.484344442271027,49.470149580085405,41.6805,33.4925,22,14
8.4843439702016,49.47019455266479,41.221,33.367,22,14
8.484343498130992,49.47023952524382,40.7371,33.2112,22,14
8.484343026059202,49.47028449782251,40.6274,33.0834,9,14
8.484342553986231,49.470329470400834,40.2405,32.9345,9,14
8.48434208191208,49.470374442978816,39.944,32.837,9,14
8.484341609836747,49.47041941555642,39.6893,32.7483,9,14
8.484341137760232,49.470464388133685,39.4376,32.6466,9,14
8.484340665682538,49.47050936071059,39.152,32.525,9,14
8.484340193603662,49.47055433328714,38.9684,32.4034,9,14
8.484339721523604,49.47059930586334,38.6345,32.1306,9,14
8.484339249442366,49.47064427843918,38.2229,31.756,9,14
8.484338777359946,49.47068925101466,38.5328,31.9978,9,14
8.484338305276346,49.4707342235898,38.7143,32.1113,9,14
8.484337833191564,49.47077919616457,38.8026,32.1927,9,14
8.484434690107209,49.468126121247415,42.0052,33.6382,22,14
8.484434218154089,49.46817109384327,42.2211,33.6401,22,14
8.48443374619979,49.46821606643876,42.4235,33.6495,22,14
8.48443327424431,49.46826103903389,42.9016,33.7046,22,14
8.484432802287648,49.46830601162868,43.289,33.759,22,14
8.484432330329806,49.468350984223086,43.3219,33.7949,22,14
8.484431858370783,49.46839595681716,43.0687,33.8117,22,14
8.484431386410577,49.468440929410875,42.7381,33.8311,22,14
8.484430914449193,49.46848590200423,42.5582,33.8913,22,14
8.484430442486628,49.468530874597235,42.4968,34.0678,22,14
8.484429970522882,49.46857584718989,42.663,34.321,22,14
8.484429498557954,49.46862081978218,43.1909,34.6799,22,14
8.484429026591847,49.46866579237412,45.5157,35.2368,20,14
8.484428554624557,49.468710764965714,45.5603,35.2764,20,14
8.484428082656088,49.46875573755694,45.6903,35.2803,20,14
8.484427610686437,49.46880071014781,45.6993,35.2843,20,14
8.484427138715606,49.46884568273834,44.5582,35.2872,20,14
8.484426666743595,49.4688906553285,34.6793,32.7793,9,14
8.4844261947704,49.468935627918306,42.2606,34.2686,22,14
8.484425722796027,49.46898060050776,41.9781,34.0801,22,14
8.484425250820472,49.46902557309687,41.6216,33.8857,22,14
8.484424778843739,49.469070545685604,41.4174,33.8425,22,14
8.48442430686582,49.46911551827401,41.2883,33.8863,22,14
8.484423834886723,49.46916049086204,41.7952,34.0033,22,14
8.484423362906446,49.46920546344973,41.9848,34.0638,22,14
8.484422890924987,49.46925043603705,41.7085,33.9875,22,14
8.484422418942346,49.46929540862403,41.5517,33.8877,22,14
8.484421946958525,49.46934038121064,41.3566,33.7666,22,14
8.484421474973523,49.469385353796895,41.12,33.623,22,14
8.484421002987341,49.46943032638281,40.8779,33.4499,22,14
8.484420530999978,49.46947529896837,40.7728,33.3728,22,14
8.484420059011432,49.46952027155356,40.6136,33.3216,22,14
8.484419587021707,49.4695652441384,40.5496,33.2276,22,14
8.484419115030802,49.46961021672289,40.3382,33.0892,22,14
8.484418643038715,49.469655189307026,40.1847,32.9677,22,14
8.484418171045448,49.46970016189081,40.6396,33.2336,22,14
8.484417699050999,49.46974513447424,40.9197,33.3517,22,14
8.484417227055369,49.4697901070573,41.0516,33.3786,22,14
8.484416755058557,49.46983507964001,41.0175,33.3135,22,14
8.484416283060566,49.46988005222237,40.7611,33.0691,22,14
8.484415811061393,49.469925024804375,41.4988,33.3778,22,14
8.48441533906104,49.46996999738602,41.8374,33.5184,22,14
8.484414867059506,49.47001496996732,42.0283,33.5943,22,14
8.484414395056792,49.47005994254826,42.02,33.6291,22,14
8.484413923052893,49.47010491512884,41.8382,33.5922,22,14
8.484413451047818,49.47014988770907,41.51,33.482,22,14
8.48441297904156,49.47019486028895,41.4785,33.3655,9,14
8.48441250703412,49.470239832868465,41.1713,33.2603,9,14
8.4844120350255,49.470284805447626,40.567,33.156,22,14
8.484411563015698,49.47032977802645,40.2474,33.0424,22,14
8.484411091004716,49.4703747506049,40.0405,32.9895,22,14
8.484410618992554,49.47041972318301,39.8137,32.9248,22,14
8.48441014697921,49.47046469576075,39.5329,32.8239,22,14
8.484409674964684,49.47050966833814,39.5046,32.6266,9,14
8.484409202948978,49.470554640915175,39.1411,32.3691,9,14
8.484408730932092,49.470599613491856,38.3833,31.7703,9,14
8.484408258914023,49.4706445860682,29.7298,30.3308,25,14
8.484407786894774,49.47068955864415,37.9593,31.3953,9,14
8.484407314874344,49.470734531219776,38.1814,31.5324,9,14
8.484406842852733,49.47077950379504,38.4079,31.7089,9,14
8.48450369604274,49.468126428808056,42.1715,33.6335,22,14
8.484503224152784,49.468171401404405,42.3779,33.6539,22,14
8.484502752261644,49.46821637400038,42.6571,33.6841,22,14
8.484502280369327,49.468261346595995,42.9888,33.7249,22,14
8.484501808475828,49.46830631919126,43.169,33.7621,22,14
8.484501336581147,49.46835129178616,43.0262,33.7872,22,14
8.484500864685286,49.468396264380715,42.7983,33.8134,22,14
8.484500392788245,49.46844123697492,42.5387,33.8507,22,14
8.484499920890023,49.468486209568766,42.4687,34.0317,22,14
8.484499448990622,49.46853118216226,42.4861,34.2671,22,14
8.48449897709004,49.46857615475539,42.538,34.475,22,14
8.484498505188276,49.46862112734817,42.4641,34.6361,22,14
8.48449803328533,49.4686660999406,43.0388,34.8728,22,14
8.484497561381204,49.46871107253266,35.7449,33.5529,22,14
8.4844970894759,49.46875604512439,45.6905,35.2695,20,14
8.484496617569414,49.46880101771574,45.6311,35.2761,20,14
8.484496145661746,49.468845990306754,35.8367,33.3987,9,14
8.4844956737529,49.468890962897405,34.9279,32.8509,9,14
8.48449520184287,49.46893593548769,42.7622,34.5092,22,14
8.48449472993166,49.46898090807764,42.4902,34.3692,22,14
8.48449425801927,49.46902588066722,41.9286,34.0136,9,14
8.4844937861057,49.469070853256454,41.6599,34.1939,22,14
8.48449331419095,49.46911582584533,41.6505,34.3505,22,14
8.484492842275017,49.46916079843386,43.0647,34.5547,22,14
8.484492370357904,49.46920577102203,43.3815,34.5985,22,14
8.484491898439611,49.46925074360983,41.8307,34.3237,22,14
8.484491426520139,49.469295716197294,41.7908,34.2049,22,14
8.484490954599481,49.4693406887844,41.6962,34.0993,22,14
8.484490482677646,49.46938566137114,41.558,33.989,22,14
8.48449001075463,49.46943063395756,41.3432,33.8632,22,14
8.484489538830433,49.46947560654358,41.0569,33.7269,22,14
8.484489066905056,49.46952057912926,40.6809,33.5199,22,14
8.484488594978497,49.46956555171459,40.254,33.155,22,14
8.484488123050758,49.46961052429957,39.3345,32.2825,22,14
8.484487651121839,49.46965549688418,31.632,31.785,24,14
8.484487179191738,49.46970046946844,40.2359,32.9819,22,14
8.484486707260455,49.46974544205237,40.8235,33.4655,22,14
8.484486235327994,49.46979041463591,41.0041,33.5601,22,14
8.48448576339435,49.46983538721911,41.0511,33.5531,22,14
8.484485291459526,49.46988035980196,41.121,33.518,22,14
8.484484819523523,49.46992533238444,41.4697,33.5947,22,14
8.484484347586337,49.46997030496658,41.6676,33.6616,22,14
8.484483875647971,49.47001527754836,41.7612,33.6962,22,14
8.484483403708424,49.47006025012979,41.7298,33.6928,22,14
8.484482931767698,49.470105222710856,41.6411,33.6582,22,14
8.484482459825788,49.47015019529157,41.4127,33.5688,22,14
8.484481987882697,49.470195167871935,41.4891,33.4381,9,14
8.484481515938429,49.470240140451935,40.9414,33.3444,22,14
8.484481043992977,49.47028511303159,40.6325,33.2386,22,14
8.484480572046346,49.470330085610875,40.606,33.071,9,14
8.484480100098533,49.47037505818984,40.4165,32.9875,9,14
8.48447962814954,49.47042003076841,39.9835,32.9725,22,14
8.484479156199367,49.470465003346646,39.8318,32.9329,22,14
8.484478684248012,49.47050997592453,39.6049,32.8119,22,14
8.484478212295475,49.47055494850205,39.3256,32.6066,22,14
8.484477740341758,49.47059992107922,38.666,32.058,22,14
8.484477268386861,49.47064489365603,29.8404,30.3124,25,14
8.484476796430782,49.47068986623248,37.636,30.859,9,14
8.484476324473524,49.470734838808596,29.8366,30.2976,25,14
8.484475852515082,49.47077981138434,37.6955,30.8286,9,14
8.484572701979452,49.46812673632755,42.3216,33.6376,22,14
8.484572230152658,49.468171708924366,42.5153,33.6623,22,14
8.48457175832468,49.46821668152082,42.766,33.6931,22,14
8.484571286495525,49.46826165411692,42.9857,33.7247,22,14
8.484570814665188,49.46830662671268,42.9754,33.7474,22,14
8.48457034283367,49.46835159930807,42.7676,33.7607,22,14
8.484569871000971,49.46839657190312,42.6048,33.8218,22,14
8.484569399167095,49.46844154449779,42.4984,33.9554,22,14
8.484568927332036,49.468486517092124,42.4939,34.2529,22,14
8.484568455495797,49.4685314896861,42.6378,34.5848,22,14
8.484567983658376,49.46857646227973,42.689,34.7371,22,14
8.484567511819776,49.46862143487299,42.5572,34.7762,22,14
8.484567039979995,49.46866640746591,42.6121,34.7392,22,14
8.484566568139034,49.46871138005845,43.7562,34.7672,9,14
8.484566096296893,49.46875635265066,45.6718,35.2608,20,14
8.48456562445357,49.46880132524251,45.5666,35.2696,20,14
8.484565152609067,49.468846297834006,36.0489,33.4669,9,14
8.484564680763382,49.46889127042513,43.8411,34.8791,22,14
8.48456420891652,49.468936243015925,43.9616,34.8596,22,14
8.484563737068475,49.46898121560635,43.5739,34.728,22,14
8.48456326521925,49.46902618819642,41.8309,34.4099,22,14
8.484562793368845,49.469071160786136,41.8929,34.4529,22,14
8.48456232151726,49.46911613337549,42.0119,34.6719,22,14
8.484561849664491,49.46916110596451,45.6663,35.2473,20,14
8.484561377810545,49.46920607855316,45.3786,35.2286,20,14
8.484560905955417,49.46925105114146,42.3032,34.3572,9,14
8.484560434099109,49.4692960237294,42.2513,34.4503,22,14
8.484559962241619,49.469340996316994,42.2501,34.4181,22,14
8.484559490382951,49.46938596890422,42.1215,34.3815,22,14
8.4845590185231,49.46943094149111,41.928,34.281,22,14
8.48455854666207,49.46947591407763,41.596,34.115,22,14
8.484558074799859,49.469520886663794,40.788,33.757,22,14
8.484557602936468,49.469565859249606,39.7885,32.8795,22,14
8.484557131071895,49.46961083183507,31.1459,31.4089,25,14
8.484556659206142,49.46965580442017,39.0935,32.1735,22,14
8.484556187339209,49.469700777004924,40.7576,33.4166,22,14
8.484555715471092,49.46974574958932,41.0746,33.7657,22,14
8.4845552436018,49.469790722173364,41.103,33.822,22,14
8.484554771731325,49.469835694757045,41.1452,33.8122,22,14
8.484554299859667,49.469880667340384,41.2722,33.8083,22,14
8.484553827986831,49.469925639923346,41.5082,33.8392,22,14
8.484553356112814,49.46997061250597,41.6606,33.8806,22,14
8.484552884237617,49.47001558508823,41.6734,33.8974,22,14
8.484552412361237,49.47006055767014,41.6277,33.8528,22,14
8.484551940483678,49.47010553025171,41.5629,33.8329,22,14
8.48455146860494,49.47015050283291,41.3919,33.7339,22,14
8.48455099672502,49.47019547541375,41.1511,33.5841,22,14
8.484550524843918,49.47024044799424,40.9594,33.4854,22,14
8.484550052961636,49.47028542057438,40.7295,33.3645,22,14
8.484549581078173,49.470330393154164,40.463,33.217,22,14
8.48454910919353,49.47037536573359,40.2435,33.1045,22,14
8.484548637307707,49.47042033831266,40.0777,33.0327,22,14
8.484548165420703,49.47046531089137,40.0013,32.9903,22,14
8.484547693532518,49.470510283469736,39.8107,32.9167,22,14
8.484547221643153,49.47055525604775,39.6144,32.7975,22,14
8.484546749752605,49.4706002286254,39.3347,32.5747,22,14
8.48454627786088,49.4706452012027,38.7839,32.1509,22,14
8.484545805967972,49.47069017377964,38.895,32.154,22,14
8.484545334073884,49.470735146356226,38.5918,31.9178,22,14
8.484544862178616,49.47078011893246,38.5743,31.7923,22,14
8.484641707917346,49.46812704380587,42.4433,33.6403,22,14
8.484641236153712,49.468172016403166,42.6571,33.6631,22,14
8.484640764388898,49.46821698900011,42.8209,33.6899,22,14
8.484640292622904,49.468261961596696,42.9131,33.7121,22,14
8.484639820855728,49.46830693419295,42.7668,33.7159,22,14
8.484639349087374,49.46835190678881,42.7915,33.6755,9,14
8.484638877317838,49.46839687938434,42.4726,33.7936,22,14
8.484638405547123,49.46844185197951,42.7476,34.0646,22,14
8.484637933775229,49.46848682457433,43.8038,34.5338,22,14
8.484637462002151,49.468531797168794,45.6806,35.2536,20,14
8.484636990227894,49.468576769762905,45.7402,35.3372,20,14
8.484636518452458,49.46862174235665,45.346,35.24,20,14
8.48463604667584,49.46866671495005,43.8154,34.7024,9,14
8.484635574898045,49.468711687543085,43.8313,34.8073,9,14
8.484635103119066,49.46875666013578,45.683,35.255,20,14
8.484634631338906,49.468801632728095,45.6788,35.2638,20,14
8.484634159557569,49.46884660532008,45.6935,35.2715,20,14
8.484633687775048,49.468891577911705,45.7007,35.2758,20,14
8.48463321599135,49.468936550502974,45.7007,35.2758,20,14
8.48463274420647,49.46898152309389,45.3924,35.2304,20,14
8.484632272420411,49.46902649568444,42.2671,34.4641,9,14
8.484631800633169,49.46907146827464,42.196,34.618,22,14
8.484631328844749,49.46911644086449,42.418,34.835,22,14
8.484630857055148,49.46916141345399,45.6646,35.2466,20,14
8.484630385264365,49.46920638604313,45.4966,35.2436,20,14
8.484629913472403,49.46925135863191,35.3761,33.0831,9,14
8.484629441679262,49.46929633122035,43.5097,34.7897,22,14
8.484628969884938,49.46934130380842,43.5075,34.8035,22,14
8.484628498089435,49.46938627639613,43.4238,34.7718,22,14
8.48462802629275,49.4694312489835,43.3841,34.7122,22,14
8.484627554494885,49.46947622157052,43.0783,34.5933,22,14
8.484627082695841,49.46952119415716,41.0553,34.1964,22,14
8.484626610895617,49.46956616674346,40.5071,33.7781,22,14
8.484626139094212,49.4696111393294,41.0287,32.8398,9,14
8.484625667291626,49.469656111914986,42.0651,33.6401,9,14
8.48462519548786,49.46970108450024,42.8351,34.0441,9,14
8.484624723682913,49.46974605708512,41.4237,34.1667,22,14
8.484624251876784,49.469791029669636,41.3019,34.0909,22,14
8.484623780069477,49.469836002253814,41.2639,34.0489,22,14
8.48462330826099,49.46988097483762,41.3441,34.0541,22,14
8.484622836451322,49.46992594742108,41.5471,34.0592,22,14
8.484622364640472,49.469970920004194,41.7255,34.1195,22,14
8.484621892828441,49.47001589258694,41.7643,34.1674,22,14
8.484621421015232,49.47006086516933,41.8143,33.9663,9,14
8.484620949200842,49.47010583775138,41.5405,34.0845,22,14
8.48462047738527,49.47015081033306,41.2712,33.9132,22,14
8.484620005568521,49.470195782914395,41.2366,33.6476,9,14
8.484619533750589,49.47024075549537,40.8356,33.6227,22,14
8.484619061931475,49.47028572807599,40.6667,33.4987,22,14
8.484618590111184,49.47033070065626,40.4667,33.3497,22,14
8.48461811828971,49.47037567323617,40.3018,33.2299,22,14
8.484617646467056,49.47042064581573,40.1079,33.1069,22,14
8.484617174643223,49.47046561839493,40.0124,33.0114,22,14
8.484616702818206,49.47051059097379,39.8866,32.9666,22,14
8.484616230992012,49.47055556355228,39.7389,32.9029,22,14
8.484615759164637,49.470600536130426,39.6137,32.8068,22,14
8.484615287336078,49.4706455087082,39.4582,32.6752,22,14
8.484614815506342,49.47069048128562,39.3686,32.5636,22,14
8.484614343675425,49.4707354538627,38.9458,32.1998,22,14
8.484613871843326,49.47078042643942,30.741,31.015,24,14
8.484710713856419,49.46812735124302,42.5979,33.636,22,14
8.484710242155947,49.468172323840804,42.7539,33.6539,22,14
8.484709770454295,49.46821729643823,42.8255,33.6765,22,14
8.484709298751463,49.468262269035314,42.8298,33.6958,22,14
8.48470882704745,49.46830724163204,42.6932,33.7112,22,14
8.484708355342258,49.4683522142284,42.5359,33.7329,22,14
8.484707883635886,49.468397186824404,42.4855,33.8145,22,14
8.484707411928333,49.468442159420064,42.8197,34.1237,22,14
8.4847069402196,49.46848713201536,44.0133,34.6433,22,14
8.484706468509687,49.46853210461031,45.7224,35.3174,20,14
8.484705996798594,49.468577077204905,45.6634,35.2354,20,14
8.48470552508632,49.468622049799144,45.5722,35.3102,20,14
8.484705053372867,49.46866702239302,44.3568,34.8279,9,14
8.484704581658233,49.468711994986556,44.5335,34.9495,9,14
8.484704109942419,49.46875696757972,45.675,35.251,20,14
8.484703638225424,49.46880194017253,45.6682,35.2582,20,14
8.48470316650725,49.468846912765,45.6783,35.2643,20,14
8.484702694787895,49.46889188535711,45.6858,35.2678,20,14
8.48470222306736,49.46893685794887,45.6853,35.2673,20,14
8.484701751345646,49.46898183054026,45.3991,35.2631,20,14
8.484701279622751,49.46902680313131,34.9901,33.3551,22,14
8.484700807898674,49.469071775721986,42.7514,34.8084,22,14
8.484700336173418,49.46911674831232,42.8966,34.9526,22,14
8.484699864446982,49.4691617209023,45.6623,35.2444,20,14
8.484699392719365,49.469206693491934,45.6584,35.2424,20,14
8.48469892099057,49.46925166608119,45.6523,35.2403,20,14
8.484698449260593,49.46929663867011,45.6489,35.2379,20,14
8.484697977529436,49.46934161125868,45.6639,35.2349,20,14
8.484697505797099,49.46938658384687,45.657,35.232,20,14
8.484697034063581,49.46943155643473,45.6517,35.2287,20,14
8.484696562328883,49.46947652902223,45.5249,35.3119,20,14
8.484696090593005,49.46952150160936,41.4776,34.5717,22,14
8.484695618855948,49.46956647419615,41.4991,34.5601,22,14
8.484695147117709,49.46961144678258,45.6535,35.2405,20,14
8.484694675378291,49.46965641936865,45.6517,35.2287,20,14
8.484694203637691,49.46970139195437,45.5773,35.2283,20,14
8.484693731895911,49.469746364539745,41.7667,34.5227,22,14
8.484693260152952,49.46979133712474,41.2783,34.1943,22,14
8.484692788408813,49.46983630970939,41.1924,34.1684,22,14
8.484692316663493,49.469881282293706,41.1621,34.2202,22,14
8.484691844916991,49.46992625487764,41.9448,34.0888,9,14
8.48469137316931,49.469971227461244,42.3396,34.2326,9,14
8.484690901420448,49.47001620004448,42.313,34.5681,22,14
8.484690429670408,49.47006117262737,42.2032,34.5722,22,14
8.484689957919187,49.47010614520988,41.9254,34.4904,22,14
8.484689486166783,49.47015111779206,41.598,34.029,9,14
8.484689014413203,49.470196090373875,41.2598,33.8639,9,14
8.48468854265844,49.47024106295533,41.1082,33.7602,9,14
8.484688070902495,49.470286035536446,40.9223,33.6273,9,14
8.484687599145373,49.4703310081172,40.7048,33.4428,9,14
8.484687127387069,49.470375980697604,40.3336,33.3736,22,14
8.484686655627586,49.47042095327763,40.1884,33.2124,22,14
8.48468618386692,49.47046592585732,40.0199,33.0659,22,14
8.484685712105076,49.470510898436665,39.8684,32.9725,22,14
8.484685240342051,49.47055587101564,39.8101,32.9481,22,14
8.484684768577845,49.470600843594255,39.7618,32.9018,22,14
8.484684296812459,49.470645816172535,39.673,32.8371,22,14
8.484683825045893,49.47069078875044,39.6064,32.7404,22,14
8.484683353278145,49.47073576132801,39.3497,32.5187,22,14
8.484682881509219,49.47078073390521,39.262,32.074,9,14
8.484779719796672,49.468127658639006,42.711,33.6171,22,14
8.484779248159361,49.46817263123728,42.7759,33.6219,22,14
8.484778776520873,49.468217603835186,42.7491,33.6461,22,14
8.484778304881202,49.46826257643275,42.73,33.669,22,14
8.484777833240353,49.468307549029966,42.5602,33.6912,22,14
8.484777361598322,49.46835252162681,42.4375,33.7265,22,14
8.484776889955112,49.468397494223304,42.4059,33.8069,22,14
8.484776418310721,49.46844246681945,42.7619,34.119,22,14
8.484775946665152,49.46848743941523,44.0102,34.6483,22,14
8.484775475018402,49.468532412010646,45.7222,35.3182,20,14
8.484775003370473,49.46857738460575,45.6565,35.2425,20,14
8.484774531721364,49.46862235720046,45.5221,35.3091,20,14
8.484774060071073,49.46866732979483,45.1246,35.0316,9,14
8.484773588419603,49.46871230238884,45.6596,35.2436,20,14
8.484773116766952,49.4687572749825,45.6681,35.2481,20,14
8.484772645113122,49.4688022475758,45.677,35.2531,20,14
8.484772173458111,49.468847220168755,45.6652,35.2572,20,14
8.484771701801922,49.468892192761345,45.6691,35.2592,20,14
8.48477123014455,49.46893716535359,45.6683,35.2583,20,14
8.484770758486,49.46898213794547,45.5915,35.2545,20,14
8.48477028682627,49.469027110537,35.3536,33.5127,22,14
8.484769815165361,49.46907208312816,43.32,34.939,22,14
8.484769343503269,49.46911705571898,43.3781,35.0381,22,14
8.484768871839998,49.469162028309455,45.6552,35.2412,20,14
8.484768400175547,49.469207000899566,45.6505,35.2395,20,14
8.484767928509918,49.469251973489314,45.6486,35.2376,20,14
8.484767456843105,49.46929694607871,45.6646,35.2356,20,14
8.484766985175115,49.46934191866776,45.6594,35.2334,20,14
8.484766513505944,49.469386891256434,45.654,35.231,20,14
8.484766041835591,49.46943186384478,45.6504,35.2284,20,14
8.484765570164061,49.46947683643276,45.5702,35.2262,20,14
8.48476509849135,49.46952180902039,34.5631,33.2902,22,14
8.484764626817459,49.469566781607654,42.1181,34.8261,22,14
8.484764155142386,49.469611754194574,45.6511,35.2291,20,14
8.484763683466134,49.46965672678114,45.6558,35.2308,20,14
8.484763211788703,49.46970169936734,45.4913,35.2303,20,14
8.48476274011009,49.469746671953196,34.352,33.0171,22,14
8.484762268430298,49.46979164453869,41.0916,33.8786,22,14
8.484761796749327,49.46983661712383,41.4926,34.2156,22,14
8.484761325067174,49.46988158970861,42.1515,34.5796,22,14
8.484760853383841,49.46992656229305,45.6823,35.2664,20,14
8.484760381699328,49.46997153487712,45.6642,35.2353,20,14
8.484759910013636,49.47001650746084,45.6644,35.2354,20,14
8.484759438326764,49.47006148004421,45.6628,35.2348,20,14
8.48475896663871,49.47010645262723,45.6625,35.2345,20,14
8.484758494949478,49.470151425209885,45.6556,35.2306,20,14
8.484758023259063,49.470196397792186,45.4889,35.2359,20,14
8.484757551567471,49.47024137037413,43.2219,34.7579,22,14
8.484757079874695,49.47028634295573,41.76,34.398,22,14
8.484756608180742,49.47033131553697,41.0572,33.9933,22,14
8.484756136485608,49.47037628811785,40.7081,33.6392,22,14
8.484755664789294,49.470421260698366,40.3586,33.3526,22,14
8.484755193091798,49.47046623327854,40.0451,33.1431,22,14
8.484754721393125,49.470511205858365,39.8777,33.0087,22,14
8.48475424969327,49.47055617843783,39.8074,32.9425,22,14
8.484753777992236,49.47060115101694,39.8092,32.9392,22,14
8.484753306290019,49.4706461235957,39.7284,32.8954,22,14
8.484752834586624,49.470691096174086,39.6792,32.7933,22,14
8.484752362882048,49.47073606875213,39.6834,32.5385,9,14
8.484751891176291,49.47078104132982,39.5833,32.3533,9,14
8.484848725738106,49.468127965993816,42.7635,33.5615,22,14
8.484848254163957,49.46817293859258,42.7025,33.5165,22,14
8.484847782588629,49.46821791119097,42.6854,33.5774,22,14
8.484847311012121,49.46826288378903,42.6392,33.6252,22,14
8.484846839434434,49.46830785638672,42.4831,33.6571,22,14
8.484846367855566,49.468352828984045,42.3418,33.6918,22,14
8.48484589627552,49.468397801581034,42.2938,33.7569,22,14
8.484845424694292,49.46844277417765,42.6616,34.0376,22,14
8.484844953111885,49.46848774677393,43.8941,34.5471,22,14
8.484844481528299,49.46853271936985,45.7266,35.3196,20,14
8.484844009943531,49.46857769196542,45.6697,35.2377,20,14
8.484843538357586,49.46862266456061,45.6646,35.2356,20,14
8.484843066770459,49.46866763715547,45.6813,35.2753,20,14
8.484842595182151,49.468712609749964,45.6577,35.2427,20,14
8.484842123592665,49.46875758234412,45.6627,35.2457,20,14
8.484841652002,49.4688025549379,45.6698,35.2488,20,14
8.484841180410152,49.46884752753133,45.6742,35.2513,20,14
8.484840708817128,49.46889250012442,45.6751,35.2521,20,14
8.48484023722292,49.46893747271714,45.6746,35.2506,20,14
8.484839765627536,49.46898244530949,45.5904,35.2474,20,14
8.48483929403097,49.469027417901515,35.7039,33.5929,22,14
8.484838822433225,49.46907239049317,44.0352,35.0232,22,14
8.4848383508343,49.469117363084486,43.9979,35.099,22,14
8.484837879234195,49.46916233567543,45.6682,35.2372,20,14
8.48483740763291,49.46920730826603,45.6637,35.2357,20,14
8.484836936030444,49.46925228085625,45.662,35.234,20,14
8.484836464426799,49.46929725344614,45.6581,35.2321,20,14
8.484835992821974,49.46934222603567,45.6545,35.2305,20,14
8.484835521215969,49.46938719862484,45.6517,35.2287,20,14
8.484835049608785,49.46943217121368,45.6469,35.2269,20,14
8.484834578000418,49.46947714380214,45.4144,35.2254,20,14
8.484834106390874,49.469522116390245,34.9063,33.4433,22,14
8.484833634780149,49.46956708897801,42.7549,35.007,22,14
8.484833163168245,49.469612061565414,45.6538,35.2298,20,14
8.484832691555159,49.46965703415245,45.6566,35.2316,20,14
8.484832219940897,49.46970200673915,45.4152,35.2312,20,14
8.484831748325451,49.469746979325485,34.1053,32.6483,22,14
8.484831276708826,49.46979195191145,33.6578,33.1018,24,14
8.48483080509102,49.46983692449709,41.6739,34.0419,22,14
8.484830333472038,49.46988189708236,42.8325,34.7025,22,14
8.484829861851871,49.469926869667276,45.6625,35.2345,20,14
8.484829390230528,49.46997184225184,45.6637,35.2357,20,14
8.484828918608004,49.47001681483604,45.6641,35.2361,20,14
8.484828446984299,49.4700617874199,45.6637,35.2357,20,14
8.484827975359416,49.470106760003404,45.6632,35.2352,20,14
8.48482750373335,49.47015173258653,45.6607,35.2347,20,14
8.484827032106105,49.47019670516932,45.6625,35.2345,20,14
8.48482656047768,49.47024167775176,45.6611,35.2341,20,14
8.484826088848077,49.47028665033383,45.5414,35.2364,20,14
8.484825617217291,49.47033162291556,42.8015,34.4645,22,14
8.484825145585328,49.47037659549693,41.1761,33.8741,22,14
8.484824673952183,49.47042156807794,40.5546,33.4796,22,14
8.484824202317858,49.470466540658606,40.136,33.216,22,14
8.484823730682354,49.470511513238904,39.9521,33.0451,22,14
8.484823259045669,49.47055648581884,39.8349,32.9559,22,14
8.484822787407804,49.47060145839845,39.7958,32.9518,22,14
8.48482231576876,49.47064643097769,39.7741,32.9241,22,14
8.484821844128534,49.47069140355657,39.6886,32.8316,22,14
8.48482137248713,49.47073637613509,39.7803,32.5913,9,14
8.484820900844545,49.470781348713274,39.8444,32.5024,9,14
8.484917731680719,49.468128273307485,42.8009,33.4099,22,14
8.484917260169732,49.46817324590672,42.3035,33.0965,22,14
8.484916788657566,49.4682182185056,42.4935,33.4135,22,14
8.48491631714422,49.468263191104136,42.524,33.558,22,14
8.484915845629695,49.46830816370232,42.3789,33.615,22,14
8.48491537411399,49.46835313630013,42.2175,33.6445,22,14
8.484914902597106,49.4683981088976,42.097,33.67,22,14
8.48491443107904,49.4684430814947,42.399,33.8441,22,14
8.484913959559798,49.46848805409146,43.5542,34.1873,22,14
8.484913488039373,49.46853302668787,45.4774,35.2504,20,14
8.484913016517769,49.46857799928392,45.4504,35.2404,20,14
8.484912544994987,49.46862297187961,45.4329,35.239,20,14
8.484912073471024,49.468667944474944,45.5053,35.2444,20,14
8.484911601945882,49.46871291706993,45.5787,35.2417,20,14
8.484911130419558,49.46875788966456,45.5488,35.2438,20,14
8.484910658892057,49.468802862258826,45.4771,35.2451,20,14
8.484910187363376,49.46884783485275,45.3888,35.2468,20,14
8.484909715833515,49.46889280744632,45.5666,35.2466,20,14
8.484909244302473,49.46893778003953,45.5409,35.2449,20,14
8.484908772770252,49.468982752632364,44.8982,35.2422,20,14
8.484908301236851,49.46902772522487,35.8151,33.6101,22,14
8.48490782970227,49.469072697817005,44.4813,35.0433,22,14
8.48490735816651,49.4691176704088,44.5489,35.1239,22,14
8.48490688662957,49.46916264300024,45.5382,35.2332,20,14
8.48490641509145,49.46920761559132,45.5727,35.2317,20,14
8.484905943552151,49.46925258818204,45.5312,35.2302,20,14
8.48490547201167,49.46929756077241,45.5637,35.2287,20,14
8.484905000470013,49.46934253336243,45.5055,35.2275,20,14
8.484904528927173,49.46938750595208,45.5223,35.2263,20,14
8.484904057383154,49.46943247854139,45.3671,35.2251,20,14
8.484903585837957,49.469477451130345,45.3352,35.2242,20,14
8.484903114291578,49.46952242371894,35.2602,33.5712,22,14
8.48490264274402,49.46956739630718,43.3746,35.1066,22,14
8.484902171195282,49.46961236889508,45.6531,35.2301,20,14
8.484901699645365,49.469657341482595,45.6568,35.2318,20,14
8.484901228094268,49.46970231406978,45.5872,35.2313,20,14
8.48490075654199,49.469747286656606,34.7329,33.1449,22,14
8.484900284988534,49.46979225924307,33.8984,32.3594,22,14
8.484899813433897,49.469837231829175,42.5455,34.4565,22,14
8.48489934187808,49.46988220441494,43.5198,34.8568,22,14
8.484898870321084,49.469927177000336,45.6619,35.2339,20,14
8.484898398762908,49.46997214958539,45.6646,35.2356,20,14
8.484897927203551,49.47001712217007,45.6641,35.2361,20,14
8.484897455643015,49.47006209475441,45.665,35.236,20,14
8.484896984081299,49.4701070673384,45.6646,35.2356,20,14
8.484896512518404,49.47015203992201,45.6631,35.2351,20,14
8.484896040954327,49.470197012505295,45.6639,35.2349,20,14
8.484895569389073,49.47024198508821,45.6606,35.2346,20,14
8.484895097822637,49.47028695767079,45.5625,35.2345,20,14
8.484894626255022,49.47033193025299,34.6646,33.0336,22,14
8.484894154686227,49.47037690283484,41.2678,33.9558,22,14
8.484893683116253,49.470421875416335,40.5851,33.5471,22,14
8.484893211545097,49.47046684799748,40.1905,33.2655,22,14
8.484892739972762,49.47051182057827,39.9597,33.0767,22,14
8.484892268399248,49.470556793158714,39.8279,32.9669,22,14
8.484891796824554,49.47060176573878,39.7588,32.9279,22,14
8.48489132524868,49.470646738318514,39.8698,32.9398,22,14
8.484890853671626,49.47069171089788,39.8626,32.8686,22,14
8.484890382093392,49.47073668347689,40.0439,32.6779,9,14
8.484889910513978,49.47078165605556,39.961,32.753,22,14
8.484986737624512,49.468128580579965,42.6913,33.0644,22,14
8.484986266176685,49.46817355317969,31.7622,31.4742,24,14
8.484985794727683,49.46821852577905,42.0174,33.0735,22,14
8.484985323277499,49.46826349837807,42.3528,33.4809,22,14
8.484984851826136,49.468308470976744,42.2902,33.5792,22,14
8.484984380373593,49.46835344357505,42.0533,33.6064,22,14
8.48498390891987,49.468398416172995,41.8644,33.6074,22,14
8.48498343746497,49.468443388770595,41.6686,33.5287,22,14
8.484982966008891,49.46848836136783,40.8496,32.9966,22,14
8.484982494551629,49.46853333396472,32.0505,31.6915,25,14
8.484982023093188,49.46857830656126,31.4799,31.6269,24,14
8.484981551633568,49.468623279157434,32.0387,31.5047,25,14
8.48498108017277,49.46866825175326,40.3408,33.1168,22,14
8.48498060871079,49.46871322434871,41.6971,34.3481,22,14
8.484980137247632,49.468758196943845,34.5164,33.0684,22,14
8.484979665783294,49.468803169538596,34.7461,32.9062,9,14
8.484979194317777,49.468848142133,34.8482,33.2352,22,14
8.48497872285108,49.468893114727045,35.116,33.384,22,14
8.484978251383202,49.46893808732075,35.2586,33.4716,22,14
8.484977779914146,49.46898305991407,35.3577,33.4998,22,14
8.484977308443911,49.469028032507055,35.3312,33.4492,22,14
8.484976836972496,49.469073005099695,44.0508,34.9278,22,14
8.4849763654999,49.46911797769197,44.0074,34.9604,22,14
8.484975894026126,49.46916295028389,44.0088,34.9978,22,14
8.484975422551171,49.46920792287546,35.5159,33.5309,22,14
8.484974951075039,49.46925289546666,35.5549,33.5689,22,14
8.484974479597724,49.46929786805751,35.49,33.5721,22,14
8.48497400811923,49.46934284064802,35.5762,33.5832,22,14
8.484973536639558,49.46938781323816,35.5986,33.6016,22,14
8.484973065158705,49.46943278582796,35.6331,33.6211,22,14
8.484972593676673,49.46947775841739,35.7622,33.6393,22,14
8.484972122193462,49.46952273100647,35.4933,33.5944,22,14
8.484971650709072,49.4695677035952,44.1776,35.1506,22,14
8.4849711792235,49.469612676183566,45.6555,35.2305,20,14
8.48497070773675,49.46965764877157,45.6581,35.2321,20,14
8.48497023624882,49.46970262135925,45.4555,35.2315,20,14
8.48496976475971,49.46974759394656,35.0977,33.4117,22,14
8.48496929326942,49.469792566533506,34.8129,33.1349,22,14
8.48496882177795,49.46983753912011,43.3443,34.7373,22,14
8.484968350285301,49.469882511706345,44.3705,34.9536,22,14
8.484967878791474,49.46992748429223,45.5573,35.2323,20,14
8.484967407296466,49.46997245687776,45.5836,35.2346,20,14
8.484966935800278,49.470017429462935,45.505,35.236,20,14
8.48496646430291,49.47006240204776,45.4514,35.2364,20,14
8.484965992804364,49.47010737463222,45.6121,35.2361,20,14
8.484965521304636,49.47015234721634,45.6067,35.2357,20,14
8.48496504980373,49.4701973198001,45.5064,35.2354,20,14
8.484964578301643,49.4702422923835,45.3353,35.2353,20,14
8.484964106798378,49.47028726496655,43.4301,35.2351,20,14
8.484963635293932,49.47033223754924,34.3104,32.6914,9,14
8.484963163788306,49.47037721013159,40.9356,33.8857,22,14
8.484962692281501,49.470422182713556,40.4731,33.5551,22,14
8.484962220773516,49.47046715529519,40.1819,33.2899,22,14
8.484961749264352,49.47051212787647,39.9763,33.0983,22,14
8.484961277754008,49.470557100457384,39.8685,32.9765,22,14
8.484960806242483,49.47060207303795,39.8269,32.9539,22,14
8.48496033472978,49.470647045618165,39.9242,32.9472,22,14
8.484959863215897,49.470692018198015,39.9437,32.8937,22,14
8.484959391700833,49.47073699077752,40.2091,32.7391,9,14
8.48495892018459,49.470781963356664,40.2156,32.8816,22,14
8.485055743569482,49.468128887811275,43.1081,33.2881,22,14
8.485055272184821,49.4681738604115,42.6501,33.0301,22,14
8.485054800798979,49.46821883301135,42.631,33.379,22,14
8.485054329411957,49.46826380561085,42.5202,33.5302,22,14
8.485053858023758,49.46830877821001,42.3298,33.5788,22,14
8.485053386634377,49.46835375080879,42.0247,33.5877,22,14
8.485052915243818,49.468398723407226,41.8361,33.5741,22,14
8.485052443852078,49.468443696005316,41.6352,33.5322,22,14
8.48505197245916,49.46848866860304,41.2983,33.3703,22,14
8.485051501065064,49.4685336412004,40.5964,32.8644,22,14
8.485051029669787,49.46857861379744,40.465,33.031,22,14
8.48505055827333,49.468623586394095,40.5558,32.9398,22,14
8.485050086875694,49.46866855899041,41.2907,33.7838,22,14
8.48504961547688,49.468713531586346,41.7748,34.2618,22,14
8.485049144076884,49.46875850418194,41.8748,34.2358,22,14
8.485048672675712,49.4688034767772,41.4206,33.8416,22,14
8.485048201273358,49.468848449372075,42.1842,34.3293,22,14
8.485047729869825,49.46889342196661,42.7387,34.6237,22,14
8.485047258465112,49.4689383945608,43.0495,34.8505,22,14
8.485046787059222,49.468983367154614,43.4833,34.9554,22,14
8.48504631565215,49.469028339748085,43.7966,34.8856,22,14
8.4850458442439,49.4690733123412,43.9682,34.7722,22,14
8.48504537283447,49.46911828493396,43.9136,34.7376,22,14
8.48504490142386,49.46916325752636,43.7994,34.7504,22,14
8.485044430012072,49.46920823011842,43.8072,34.7662,22,14
8.485043958599103,49.46925320271011,43.8467,34.7737,22,14
8.485043487184956,49.46929817530145,43.8371,34.7811,22,14
8.485043015769628,49.46934314789244,43.8569,34.8019,22,14
8.485042544353123,49.46938812048306,43.8741,34.8411,22,14
8.485042072935435,49.46943309307335,43.939,34.898,22,14
8.48504160151657,49.46947806566327,44.087,34.977,22,14
8.485041130096526,49.46952303825283,44.2673,35.0653,22,14
8.4850406586753,49.469568010842046,44.7534,35.1444,22,14
8.485040187252897,49.4696129834309,45.6566,35.2316,20,14
8.485039715829314,49.46965795601939,45.6586,35.2326,20,14
8.485039244404552,49.469702928607546,45.4706,35.2316,20,14
8.485038772978609,49.46974790119534,35.2913,33.5193,22,14
8.485038301551487,49.46979287378277,35.0285,33.3445,22,14
8.485037830123185,49.46983784636984,42.8801,34.8281,22,14
8.485037358693704,49.46988281895658,42.6582,34.8792,22,14
8.485036887263043,49.46992779154295,42.3727,34.8987,22,14
8.485036415831203,49.46997276412897,34.9836,33.1336,9,14
8.485035944398184,49.470017736714624,34.7147,33.3687,22,14
8.485035472963984,49.470062709299945,34.6151,33.3501,22,14
8.485035001528606,49.47010768188489,34.4813,33.2903,22,14
8.485034530092049,49.47015265446949,34.3739,33.2119,22,14
8.485034058654312,49.47019762705373,34.2081,33.0861,22,14
8.485033587215394,49.470242599637615,33.9078,32.8548,22,14
8.485033115775298,49.47028757222116,33.7495,32.4225,9,14
8.485032644334021,49.470332544804336,33.2476,32.4216,22,14
8.485032172891566,49.470377517387156,40.6358,33.8018,22,14
8.485031701447932,49.47042248996962,40.3549,33.5479,22,14
8.485031230003116,49.47046746255174,40.1178,33.3048,22,14
8.485030758557121,49.47051243513349,39.9406,33.1147,22,14
8.485030287109948,49.4705574077149,39.8692,32.9852,22,14
8.485029815661594,49.470602380295965,39.7805,32.9255,22,14
8.48502934421206,49.47064735287665,39.8804,32.9485,22,14
8.485028872761347,49.47069232545699,39.9227,32.9057,22,14
8.485028401309455,49.47073729803698,40.2331,32.7741,9,14
8.485027929856384,49.47078227061661,40.2554,32.9154,22,14
8.485124749515636,49.46812919500144,42.9427,32.9967,22,14
8.485124278194133,49.46817416760214,43.0142,33.2922,22,14
8.485123806871455,49.46821914020248,42.7825,33.4855,22,14
8.485123335547595,49.468264112802466,42.5622,33.5642,22,14
8.485122864222557,49.468309085402105,42.3483,33.5863,22,14
8.48512239289634,49.46835405800138,42.0609,33.5829,22,14
8.485121921568942,49.4683990306003,41.8458,33.5659,22,14
8.485121450240367,49.46844400319886,41.6438,33.5128,22,14
8.485120978910611,49.46848897579707,41.4836,33.5117,22,14
8.485120507579678,49.46853394839493,41.3422,33.5233,22,14
8.485120036247565,49.46857892099244,41.2901,33.6971,22,14
8.485119564914271,49.46862389358958,41.5496,33.9206,22,14
8.485119093579799,49.46866886618638,41.763,34.269,22,14
8.485118622244148,49.46871383878281,41.86,34.411,22,14
8.485118150907317,49.4687588113789,41.8415,33.8525,9,14
8.485117679569306,49.46880378397462,32.852,32.78,25,14
8.485117208230118,49.46884875656999,41.8257,33.5967,9,14
8.48511673688975,49.46889372916502,42.8849,34.3629,9,14
8.485116265548202,49.468938701759676,43.9482,34.9572,22,14
8.485115794205475,49.468983674354,45.5123,35.2513,20,14
8.485115322861569,49.46902864694794,44.8322,34.8482,22,14
8.485114851516483,49.46907361954155,44.3036,34.6226,22,14
8.48511438017022,49.469118592134784,43.9176,34.5326,22,14
8.485113908822775,49.46916356472767,43.7857,34.5008,22,14
8.485113437474151,49.46920853732022,43.7117,34.4927,22,14
8.48511296612435,49.469253509912384,43.6494,34.4934,22,14
8.485112494773368,49.46929848250421,43.6048,34.5018,22,14
8.485112023421207,49.46934345509568,43.5686,34.5266,22,14
8.485111552067865,49.4693884276868,43.637,34.585,22,14
8.485111080713347,49.46943340027756,43.6899,34.6699,22,14
8.485110609357648,49.46947837286797,43.7483,34.7873,22,14
8.485110138000769,49.46952334545802,43.8905,34.9336,22,14
8.48510966664271,49.46956831804771,44.1806,35.0586,22,14
8.485109195283474,49.46961329063705,45.5511,35.2331,20,14
8.485108723923057,49.46965826322603,45.5544,35.2334,20,14
8.485108252561462,49.46970323581467,44.52,35.232,20,14
8.485107781198687,49.469748208402955,35.2669,33.5329,22,14
8.485107309834733,49.46979318099087,34.9972,33.4012,22,14
8.4851068384696,49.46983815357844,42.6308,34.8898,22,14
8.485106367103286,49.46988312616565,42.5625,34.9506,22,14
8.485105895735794,49.4699280987525,42.4193,34.9573,22,14
8.485105424367122,49.469973071339005,42.1699,34.8699,22,14
8.48510495299727,49.47001804392516,42.0375,34.9005,22,14
8.48510448162624,49.47006301651095,41.8912,34.8752,22,14
8.48510401025403,49.470107989096384,41.727,34.8271,22,14
8.48510353888064,49.47015296168147,41.5727,34.7557,22,14
8.485103067506072,49.4701979342662,41.3795,34.6535,22,14
8.485102596130325,49.47024290685057,41.1544,34.5094,22,14
8.485102124753398,49.470287879434586,40.675,34.088,22,14
8.485101653375292,49.47033285201826,40.5361,33.6521,9,14
8.485101181996004,49.47037782460156,40.5391,33.7871,22,14
8.485100710615539,49.47042279718451,40.3382,33.5722,22,14
8.485100239233894,49.47046776976712,40.1314,33.3284,22,14
8.48509976785107,49.470512742349364,39.9428,33.1318,22,14
8.485099296467066,49.470557714931246,39.8273,32.9953,22,14
8.485098825081883,49.470602687512795,39.7357,32.9267,22,14
8.48509835369552,49.470647660093974,39.8619,32.9419,22,14
8.48509788230798,49.47069263267478,39.921,32.905,22,14
8.485097410919257,49.470737605255266,40.2605,32.8045,9,14
8.485096939529356,49.47078257783538,40.238,32.905,22,14
8.485193755462966,49.46812950215043,31.729,31.294,24,14
8.485193284204627,49.46817447475161,42.6248,33.0468,22,14
8.48519281294511,49.468219447352425,42.7634,33.4854,22,14
8.485192341684412,49.4682644199529,42.5946,33.5816,22,14
8.485191870422536,49.46830939255303,42.2987,33.5967,22,14
8.485191399159483,49.46835436515279,42.1011,33.5872,22,14
8.485190927895248,49.468399337752196,41.8415,33.5645,22,14
8.485190456629836,49.468444310351245,41.6014,33.5224,22,14
8.485189985363242,49.468489282949946,41.5711,33.5921,22,14
8.485189514095472,49.468534255548285,41.6933,33.7933,22,14
8.485189042826521,49.46857922814628,41.776,34.12,22,14
8.48518857155639,49.46862420074391,42.4188,34.4948,22,14
8.485188100285082,49.4686691733412,43.5594,34.7864,22,14
8.485187629012595,49.46871414593811,45.3166,35.2506,20,14
8.48518715773893,49.46875911853467,44.1772,34.7083,22,14
8.485186686464083,49.468804091130885,43.5466,34.1786,22,14
8.485186215188058,49.46884906372675,45.6609,35.2439,20,14
8.485185743910854,49.46889403632225,45.692,35.2711,20,14
8.485185272632473,49.468939008917395,45.7208,35.3158,20,14
8.48518480135291,49.46898398151219,45.6728,35.2988,20,14
8.485184330072167,49.469028954106626,44.9767,34.8227,22,14
8.485183858790247,49.469073926700716,44.4091,34.5212,22,14
8.485183387507147,49.469118899294436,44.2094,34.3904,9,14
8.48518291622287,49.46916387188782,43.8528,34.3198,22,14
8.485182444937411,49.46920884448083,43.7644,34.2934,22,14
8.485181973650775,49.4692538170735,43.6724,34.2864,22,14
8.485181502362959,49.46929878966582,43.5554,34.2874,22,14
8.485181031073964,49.46934376225777,43.6714,34.2614,9,14
8.485180559783789,49.46938873484937,43.525,34.365,22,14
8.485180088492436,49.469433707440615,43.5401,34.4612,22,14
8.485179617199902,49.46947868003151,43.579,34.585,22,14
8.48517914590619,49.46952365262204,43.6377,34.7398,22,14
8.485178674611301,49.469568625212226,43.7944,34.9074,22,14
8.48517820331523,49.46961359780205,44.5148,35.0628,22,14
8.48517773201798,49.469658570391516,35.5734,33.6364,22,14
8.485177260719553,49.46970354298063,35.4337,33.5617,22,14
8.485176789419945,49.4697485155694,35.245,33.469,22,14
8.485176318119159,49.469793488157805,35.2787,33.4368,22,14
8.485175846817192,49.469838460745855,44.0202,35.0242,22,14
8.485175375514046,49.46988343333355,45.6489,35.2279,20,14
8.485174904209723,49.469928405920896,45.6546,35.2307,20,14
8.48517443290422,49.46997337850787,45.6611,35.2341,20,14
8.485173961597535,49.47001835109451,45.667,35.237,20,14
8.485173490289673,49.47006332368079,45.6507,35.2387,20,14
8.485173018980634,49.470108296266716,45.6503,35.2393,20,14
8.485172547670413,49.47015326885228,45.6504,35.2394,20,14
8.485172076359012,49.470198241437494,45.6504,35.2394,20,14
8.485171605046434,49.47024321402236,45.6504,35.2394,20,14
8.485171133732676,49.47028818660686,45.5952,35.2483,20,14
8.48517066241774,49.470333159191014,42.3346,34.5126,22,14
8.485170191101622,49.470378131774794,41.0703,34.0353,22,14
8.485169719784327,49.47042310435824,40.5067,33.6587,22,14
8.485169248465851,49.470468076941316,40.1644,33.3664,22,14
8.485168777146198,49.47051304952406,39.9768,33.1508,22,14
8.485168305825363,49.470558022106424,39.8342,33.0042,22,14
8.48516783450335,49.47060299468844,39.7097,32.9247,22,14
8.485167363180159,49.47064796727012,39.8099,32.9319,22,14
8.485166891855789,49.47069293985142,40.2035,32.8795,9,14
8.485166420530238,49.470737912432384,40.0796,32.9116,22,14
8.485165949203507,49.47078288501298,40.2272,32.9033,22,14
8.485262761411477,49.46812980925826,42.5666,33.0516,22,14
8.485262290216298,49.46817478185993,43.3038,33.4248,22,14
8.485261819019943,49.46821975446123,43.0612,33.5782,22,14
8.485261347822409,49.468264727062184,42.7374,33.6164,22,14
8.485260876623695,49.46830969966279,42.4316,33.6136,22,14
8.485260405423801,49.46835467226303,42.1491,33.5962,22,14
8.48525993422273,49.46839964486293,41.8378,33.5699,22,14
8.485259463020482,49.46844461746247,41.5922,33.5262,22,14
8.485258991817052,49.468489590061644,41.8882,33.5962,9,14
8.485258520612444,49.46853456266047,42.0525,33.9495,22,14
8.485258049406657,49.468579535258954,43.135,34.486,22,14
8.485257578199692,49.468624507857065,45.6716,35.2606,20,14
8.485257106991545,49.46866948045483,45.6477,35.2157,20,14
8.485256635782223,49.46871445305223,45.68,35.253,20,14
8.485256164571718,49.468759425649296,45.5533,35.2593,20,14
8.485255693360038,49.46880439824598,44.3344,34.7324,9,14
8.485255222147178,49.46884937084233,45.7414,35.3384,20,14
8.485254750933137,49.46889434343832,45.6669,35.2579,20,14
8.48525427971792,49.46893931603395,45.6581,35.2321,20,14
8.485253808501522,49.46898428862922,45.6722,35.2863,20,14
8.485253337283947,49.46902926122415,45.3256,34.7926,9,14
8.48525286606519,49.46907423381872,44.5733,34.5033,22,14
8.485252394845256,49.46911920641293,44.2837,34.3547,22,14
8.485251923624142,49.469164179006796,44.0845,34.2795,22,14
8.485251452401851,49.4692091516003,43.9566,34.2416,22,14
8.48525098117838,49.46925412419344,43.8989,34.224,22,14
8.485250509953728,49.469299096786244,43.7479,34.2179,22,14
8.4852500387279,49.469344069378685,43.6966,34.2126,22,14
8.485249567500892,49.46938904197077,43.6602,34.2263,22,14
8.485249096272705,49.4694340145625,43.6273,34.2973,22,14
8.485248625043338,49.46947898715387,43.5849,34.3959,22,14
8.485248153812792,49.4695239597449,43.6004,34.5294,22,14
8.485247682581068,49.46956893233556,43.6515,34.6785,22,14
8.485247211348167,49.46961390492587,43.8105,34.8185,22,14
8.485246740114084,49.469658877515826,35.2419,33.4039,22,14
8.485246268878821,49.46970385010543,35.3347,33.4177,22,14
8.485245797642381,49.46974882269468,35.4296,33.4026,22,14
8.485245326404764,49.46979379528357,35.5905,33.4305,22,14
8.485244855165964,49.469838767872105,44.9067,35.0698,22,14
8.485244383925988,49.46988374046028,45.6516,35.2296,20,14
8.485243912684831,49.469928713048105,45.6572,35.2322,20,14
8.485243441442496,49.46997368563559,45.6632,35.2352,20,14
8.48524297019898,49.4700186582227,45.6475,35.2375,20,14
8.485242498954287,49.47006363080946,45.6501,35.2391,20,14
8.485242027708415,49.47010860339587,45.653,35.2401,20,14
8.485241556461364,49.47015357598192,45.6535,35.2405,20,14
8.485241085213133,49.47019854856762,45.655,35.2411,20,14
8.485240613963724,49.470243521152966,45.6575,35.2415,20,14
8.485240142713135,49.470288493737954,45.4225,35.2415,20,14
8.485239671461366,49.47033346632259,34.7971,33.2581,22,14
8.48523920020842,49.47037843890687,41.2913,34.1703,22,14
8.485238728954293,49.4704234114908,40.6002,33.7223,22,14
8.485238257698988,49.47046838407436,40.1907,33.3967,22,14
8.485237786442505,49.47051335665758,39.9637,33.1647,22,14
8.485237315184841,49.47055832924043,39.8185,33.0096,22,14
8.485236843925998,49.47060330182294,39.7101,32.9291,22,14
8.485236372665979,49.47064827440509,39.8571,32.9401,22,14
8.485235901404776,49.47069324698688,39.9536,32.9356,22,14
8.485235430142398,49.47073821956832,40.0717,32.9207,22,14
8.485234958878838,49.470783192149405,40.4996,32.8506,9,14
8.485331767361163,49.468130116324915,42.9681,33.4901,22,14
8.485331296229148,49.46817508892707,43.4387,33.5877,22,14
8.485330825095955,49.468220061528854,43.2483,33.6433,22,14
8.485330353961583,49.4682650341303,42.8538,33.6478,22,14
8.485329882826033,49.4683100067314,42.4928,33.6309,22,14
8.485329411689301,49.46835497933212,42.1868,33.6048,22,14
8.485328940551394,49.46839995193249,41.8335,33.5716,22,14
8.485328469412307,49.46844492453251,41.5356,33.5286,22,14
8.485327998272039,49.46848989713218,41.9328,33.6298,9,14
8.485327527130595,49.46853486973149,42.1258,33.9879,22,14
8.485327055987971,49.46857984233046,43.4804,34.5634,22,14
8.485326584844168,49.46862481492905,45.7694,35.3634,20,14
8.485326113699188,49.4686697875273,45.6707,35.2498,20,14
8.485325642553027,49.468714760125195,45.675,35.252,20,14
8.485325171405687,49.468759732722724,45.5438,35.2408,20,14
8.48532470025717,49.46880470531991,44.6427,34.8237,9,14
8.485324229107475,49.468849677916744,45.7654,35.3614,20,14
8.4853237579566,49.46889465051322,45.6498,35.2388,20,14
8.485323286804546,49.468939623109335,45.6622,35.2343,20,14
8.485322815651314,49.468984595705095,45.6751,35.2991,20,14
8.485322344496902,49.46902956830051,45.0378,34.7408,22,14
8.485321873341311,49.46907454089556,44.54,34.465,22,14
8.485321402184542,49.469119513490256,44.2832,34.3112,22,14
8.485320931026594,49.4691644860846,44.1623,34.2484,22,14
8.485320459867467,49.4692094586786,44.0794,34.2134,22,14
8.485319988707161,49.46925443127223,44.0534,34.1964,22,14
8.485319517545676,49.469299403865506,43.9847,34.1917,22,14
8.485319046383013,49.46934437645843,43.9795,34.1965,22,14
8.485318575219171,49.46938934905099,43.9513,34.2113,22,14
8.485318104054151,49.46943432164322,43.9105,34.2395,22,14
8.485317632887952,49.469479294235086,43.8307,34.2577,22,14
8.485317161720573,49.469524266826575,43.7362,34.3492,22,14
8.485316690552017,49.46956923941773,43.6747,34.4607,22,14
8.48531621938228,49.46961421200852,43.69,34.579,22,14
8.485315748211365,49.46965918459896,43.7468,34.6738,22,14
8.485315277039271,49.46970415718906,43.9032,34.7352,22,14
8.485314805865997,49.4697491297788,44.1932,34.7863,22,14
8.485314334691546,49.46979410236816,44.6482,34.8722,22,14
8.485313863515916,49.46983907495718,45.1242,35.0512,22,14
8.485313392339107,49.46988404754586,45.6558,35.2308,20,14
8.485312921161118,49.46992902013416,45.6626,35.2336,20,14
8.48531244998195,49.469973992722124,45.6641,35.2361,20,14
8.485311978801604,49.47001896530973,45.669,35.238,20,14
8.48531150762008,49.470063937896974,45.6504,35.2394,20,14
8.485311036437377,49.470108910483866,45.6535,35.2405,20,14
8.485310565253492,49.4701538830704,45.6543,35.2413,20,14
8.485310094068431,49.470198855656584,45.6573,35.2423,20,14
8.485309622882191,49.47024382824241,45.6613,35.2433,20,14
8.485309151694771,49.47028880082787,45.4514,35.2434,20,14
8.485308680506172,49.470333773413,34.8768,33.3268,22,14
8.485308209316395,49.47037874599777,41.3223,34.2173,22,14
8.485307738125439,49.47042371858217,40.6187,33.7467,22,14
8.485307266933305,49.470468691166225,40.1954,33.4074,22,14
8.48530679573999,49.47051366374993,39.914,33.167,22,14
8.485306324545498,49.470558636333266,39.8058,33.0049,22,14
8.485305853349825,49.47060360891626,39.6745,32.9156,22,14
8.485305382152976,49.47064858149889,39.7328,32.8929,22,14
8.485304910954945,49.47069355408117,39.9038,32.9088,22,14
8.485304439755737,49.4707385266631,40.3373,32.8643,9,14
8.48530396855535,49.47078349924467,40.2311,32.8911,7,14
8.485385227417574,49.46961451905001,43.7485,34.3975,22,14
8.485384756309823,49.46965949164095,43.7214,34.4995,22,14
8.485384285200897,49.46970446423151,43.7906,34.5976,22,14
8.485383814090794,49.46974943682173,44.0209,34.7059,22,14
8.485383342979508,49.469794409411584,44.3612,34.8582,22,14
8.485382871867046,49.469839382001105,44.704,35.074,22,14
8.485382400753405,49.46988435459025,45.6575,35.2315,20,14
8.485381929638585,49.469929327179045,45.6625,35.2345,20,14
8.485381458522586,49.469974299767486,45.6677,35.2367,20,14
8.485380987405408,49.47001927235557,45.6493,35.2383,20,14
8.485380516287051,49.47006424494331,45.6526,35.2396,20,14
8.485380045167517,49.47010921753068,45.6547,35.2407,20,14
8.485379574046801,49.470154190117704,45.657,35.242,20,14
8.48537910292491,49.47019916270436,45.6592,35.2433,20,14
8.485378631801838,49.470244135290685,45.6604,35.2444,20,14
8.485378160677588,49.47028910787664,45.4286,35.2447,20,14
8.485377689552159,49.470334080462244,34.8707,33.3377,22,14
8.485377218425551,49.4703790530475,41.2624,34.1874,22,14
8.485376747297765,49.47042402563239,40.5722,33.7322,22,14
8.4853762761688,49.47046899821692,40.1348,33.3958,22,14
8.485375805038656,49.4705139708011,39.8756,33.1546,22,14
8.485375333907333,49.470558943384944,39.7488,32.9879,22,14
8.485374862774833,49.47060391596841,39.552,32.886,22,14
8.485374391641152,49.47064888855153,39.6519,32.8659,22,14
8.485373920506293,49.47069386113429,40.1188,32.8308,9,14
8.485373449370254,49.4707388337167,40.0951,32.8981,7,14
8.485372978233038,49.47078380629877,40.3045,32.9435,7,14
